time,Import T1 kWh,Import T2 kWh,Export T1 kWh,Export T2 kWh,L1 max W,L2 max W,L3 max W
2025-06-01 00:00,1000.126,800.0,300.0,900.0,504,0,0
2025-06-01 00:15,1000.225,800.0,300.0,900.0,397,0,0
2025-06-01 00:30,1000.36,800.0,300.0,900.0,540,0,0
2025-06-01 00:45,1000.499,800.0,300.0,900.0,555,0,0
2025-06-01 01:00,1000.58,800.0,300.0,900.0,324,0,0
2025-06-01 01:15,1000.674,800.0,300.0,900.0,376,0,0
2025-06-01 01:30,1000.797,800.0,300.0,900.0,490,0,0
2025-06-01 01:45,1000.91,800.0,300.0,900.0,455,0,0
2025-06-01 02:00,1001.03,800.0,300.0,900.0,479,0,0
2025-06-01 02:15,1001.133,800.0,300.0,900.0,412,0,0
2025-06-01 02:30,1001.27,800.0,300.0,900.0,550,0,0
2025-06-01 02:45,1001.406,800.0,300.0,900.0,542,0,0
2025-06-01 03:00,1001.527,800.0,300.0,900.0,485,0,0
2025-06-01 03:15,1001.67,800.0,300.0,900.0,570,0,0
2025-06-01 03:30,1001.799,800.0,300.0,900.0,517,0,0
2025-06-01 03:45,1001.902,800.0,300.0,900.0,411,0,0
2025-06-01 04:00,1002.029,800.0,300.0,900.0,510,0,0
2025-06-01 04:15,1002.13,800.0,300.0,900.0,403,0,0
2025-06-01 04:30,1002.268,800.0,300.0,900.0,550,0,0
2025-06-01 04:45,1002.387,800.0,300.0,900.0,476,0,0
2025-06-01 05:00,1002.503,800.0,300.0,900.0,465,0,0
2025-06-01 05:15,1002.61,800.0,300.0,900.0,426,0,0
2025-06-01 05:30,1002.754,800.0,300.0,900.0,578,0,0
2025-06-01 05:45,1002.871,800.0,300.0,900.0,468,0,0
2025-06-01 06:00,1002.982,800.0,300.0,900.0,446,0,0
2025-06-01 06:15,1003.095,800.0,300.0,900.0,452,0,0
2025-06-01 06:30,1003.226,800.0,300.0,900.0,523,0,0
2025-06-01 06:45,1003.353,800.0,300.0,900.0,509,0,0
2025-06-01 07:00,1003.391,800.0,300.0,900.0,153,0,0
2025-06-01 07:15,1003.43,800.0,300.0,900.0,154,0,0
2025-06-01 07:30,1003.503,800.0,300.0,900.0,291,0,0
2025-06-01 07:45,1003.525,800.0,300.0,900.0,87,0,0
2025-06-01 08:00,1003.545,800.0,300.0,900.0,79,0,0
2025-06-01 08:15,1003.558,800.0,300.0,900.0,55,0,0
2025-06-01 08:30,1003.601,800.0,300.0,900.0,169,0,0
2025-06-01 08:45,1003.653,800.0,300.0,900.0,210,0,0
2025-06-01 09:00,1003.681,800.0,300.0,900.0,111,0,0
2025-06-01 09:15,1003.694,800.0,300.0,900.0,53,0,0
2025-06-01 09:30,1003.708,800.0,300.0,900.0,54,0,0
2025-06-01 09:45,1003.751,800.0,300.0,900.0,172,0,0
2025-06-01 10:00,1003.795,800.0,300.0,900.0,179,0,0
2025-06-01 10:15,1003.836,800.0,300.0,900.0,163,0,0
2025-06-01 10:30,1003.853,800.0,300.0,900.0,67,0,0
2025-06-01 10:45,1003.888,800.0,300.0,900.0,139,0,0
2025-06-01 11:00,1003.92,800.0,300.01,900.0,129,0,0
2025-06-01 11:15,1003.954,800.0,300.092,900.0,137,0,0
2025-06-01 11:30,1004.002,800.0,300.162,900.0,190,0,0
2025-06-01 11:45,1004.036,800.0,300.237,900.0,138,0,0
2025-06-01 12:00,1004.08,800.0,300.371,900.0,174,0,0
2025-06-01 12:15,1004.111,800.0,300.504,900.0,125,0,0
2025-06-01 12:30,1004.147,800.0,300.57,900.0,143,0,0
2025-06-01 12:45,1004.19,800.0,300.666,900.0,171,0,0
2025-06-01 13:00,1004.19,800.0,300.769,900.0,3,0,0
2025-06-01 13:15,1004.214,800.0,300.968,900.0,94,0,0
2025-06-01 13:30,1004.235,800.0,301.136,900.0,82,0,0
2025-06-01 13:45,1004.252,800.0,301.284,900.0,69,0,0
2025-06-01 14:00,1004.276,800.0,301.465,900.0,98,0,0
2025-06-01 14:15,1004.336,800.0,301.727,900.0,240,0,0
2025-06-01 14:30,1004.349,800.0,301.831,900.0,51,0,0
2025-06-01 14:45,1004.398,800.0,301.961,900.0,197,0,0
2025-06-01 15:00,1004.398,800.0,302.064,900.0,0,0,0
2025-06-01 15:15,1004.422,800.0,302.182,900.0,93,0,0
2025-06-01 15:30,1004.455,800.0,302.278,900.0,133,0,0
2025-06-01 15:45,1004.497,800.0,302.35,900.0,167,0,0
2025-06-01 16:00,1004.541,800.0,302.354,900.0,177,0,0
2025-06-01 16:15,1004.587,800.0,302.365,900.0,183,0,0
2025-06-01 16:30,1004.61,800.0,302.383,900.0,92,0,0
2025-06-01 16:45,1004.63,800.0,302.383,900.0,83,0,0
2025-06-01 17:00,1004.678,800.0,302.383,900.0,189,0,0
2025-06-01 17:15,1004.704,800.0,302.383,900.0,105,0,0
2025-06-01 17:30,1004.708,800.0,302.383,900.0,18,0,0
2025-06-01 17:45,1004.716,800.0,302.383,900.0,29,0,0
2025-06-01 18:00,1004.727,800.0,302.383,900.0,46,0,0
2025-06-01 18:15,1004.767,800.0,302.383,900.0,160,0,0
2025-06-01 18:30,1004.8,800.0,302.383,900.0,131,0,0
2025-06-01 18:45,1004.844,800.0,302.383,900.0,175,0,0
2025-06-01 19:00,1004.865,800.0,302.383,900.0,86,0,0
2025-06-01 19:15,1004.988,800.0,302.383,900.0,493,0,0
2025-06-01 19:30,1005.121,800.0,302.383,900.0,530,0,0
2025-06-01 19:45,1005.235,800.0,302.383,900.0,455,0,0
2025-06-01 20:00,1005.364,800.0,302.383,900.0,517,0,0
2025-06-01 20:15,1005.471,800.0,302.383,900.0,427,0,0
2025-06-01 20:30,1005.583,800.0,302.383,900.0,451,0,0
2025-06-01 20:45,1005.696,800.0,302.383,900.0,449,0,0
2025-06-01 21:00,1005.792,800.0,302.383,900.0,384,0,0
2025-06-01 21:15,1005.922,800.0,302.383,900.0,519,0,0
2025-06-01 21:30,1006.032,800.0,302.383,900.0,442,0,0
2025-06-01 21:45,1006.152,800.0,302.383,900.0,481,0,0
2025-06-01 22:00,1006.282,800.0,302.383,900.0,518,0,0
2025-06-01 22:15,1006.411,800.0,302.383,900.0,516,0,0
2025-06-01 22:30,1006.544,800.0,302.383,900.0,533,0,0
2025-06-01 22:45,1006.662,800.0,302.383,900.0,472,0,0
2025-06-01 23:00,1006.774,800.0,302.383,900.0,446,0,0
2025-06-01 23:15,1006.892,800.0,302.383,900.0,474,0,0
2025-06-01 23:30,1006.979,800.0,302.383,900.0,345,0,0
2025-06-01 23:45,1007.07,800.0,302.383,900.0,364,0,0
2025-06-02 00:00,1007.163,800.0,302.383,900.0,374,0,0
2025-06-02 00:15,1007.263,800.0,302.383,900.0,400,0,0
2025-06-02 00:30,1007.391,800.0,302.383,900.0,512,0,0
2025-06-02 00:45,1007.493,800.0,302.383,900.0,408,0,0
2025-06-02 01:00,1007.606,800.0,302.383,900.0,450,0,0
2025-06-02 01:15,1007.752,800.0,302.383,900.0,584,0,0
2025-06-02 01:30,1007.864,800.0,302.383,900.0,451,0,0
2025-06-02 01:45,1007.999,800.0,302.383,900.0,539,0,0
2025-06-02 02:00,1008.1,800.0,302.383,900.0,405,0,0
2025-06-02 02:15,1008.216,800.0,302.383,900.0,464,0,0
2025-06-02 02:30,1008.317,800.0,302.383,900.0,404,0,0
2025-06-02 02:45,1008.431,800.0,302.383,900.0,453,0,0
2025-06-02 03:00,1008.567,800.0,302.383,900.0,547,0,0
2025-06-02 03:15,1008.653,800.0,302.383,900.0,342,0,0
2025-06-02 03:30,1008.782,800.0,302.383,900.0,515,0,0
2025-06-02 03:45,1008.906,800.0,302.383,900.0,499,0,0
2025-06-02 04:00,1009.014,800.0,302.383,900.0,432,0,0
2025-06-02 04:15,1009.106,800.0,302.383,900.0,364,0,0
2025-06-02 04:30,1009.227,800.0,302.383,900.0,486,0,0
2025-06-02 04:45,1009.336,800.0,302.383,900.0,438,0,0
2025-06-02 05:00,1009.461,800.0,302.383,900.0,499,0,0
2025-06-02 05:15,1009.581,800.0,302.383,900.0,482,0,0
2025-06-02 05:30,1009.733,800.0,302.383,900.0,608,0,0
2025-06-02 05:45,1009.849,800.0,302.383,900.0,461,0,0
2025-06-02 06:00,1009.948,800.0,302.383,900.0,398,0,0
2025-06-02 06:15,1010.072,800.0,302.383,900.0,494,0,0
2025-06-02 06:30,1010.196,800.0,302.383,900.0,498,0,0
2025-06-02 06:45,1010.343,800.0,302.383,900.0,589,0,0
2025-06-02 07:00,1010.343,800.047,302.383,900.0,187,0,0
2025-06-02 07:15,1010.343,800.084,302.383,900.0,149,0,0
2025-06-02 07:30,1010.343,800.143,302.383,900.0,237,0,0
2025-06-02 07:45,1010.343,800.149,302.383,900.0,25,0,0
2025-06-02 08:00,1010.343,800.167,302.383,900.0,69,0,0
2025-06-02 08:15,1010.343,800.178,302.383,900.0,46,0,0
2025-06-02 08:30,1010.343,800.2,302.383,900.0,89,0,0
2025-06-02 08:45,1010.343,800.203,302.383,900.0,10,0,0
2025-06-02 09:00,1010.343,800.245,302.383,900.0,171,0,0
2025-06-02 09:15,1010.343,800.271,302.383,900.0,102,0,0
2025-06-02 09:30,1010.343,800.272,302.383,900.0,2,0,0
2025-06-02 09:45,1010.343,800.281,302.383,900.0,39,0,0
2025-06-02 10:00,1010.343,800.317,302.383,900.0,145,0,0
2025-06-02 10:15,1010.343,800.364,302.383,900.0,187,0,0
2025-06-02 10:30,1010.343,800.434,302.383,900.0,280,0,0
2025-06-02 10:45,1010.343,800.522,302.383,900.0,353,0,0
2025-06-02 11:00,1010.343,800.561,302.383,900.022,153,0,0
2025-06-02 11:15,1010.343,800.571,302.383,900.121,41,0,0
2025-06-02 11:30,1010.343,800.571,302.383,900.219,0,0,0
2025-06-02 11:45,1010.343,800.606,302.383,900.377,141,0,0
2025-06-02 12:00,1010.343,800.62,302.383,900.525,55,0,0
2025-06-02 12:15,1010.343,800.642,302.383,900.671,87,0,0
2025-06-02 12:30,1010.343,800.659,302.383,900.866,71,0,0
2025-06-02 12:45,1010.343,800.687,302.383,901.059,109,0,0
2025-06-02 13:00,1010.343,800.738,302.383,901.218,205,0,0
2025-06-02 13:15,1010.343,800.771,302.383,901.343,133,0,0
2025-06-02 13:30,1010.343,800.798,302.383,901.526,107,0,0
2025-06-02 13:45,1010.343,800.807,302.383,901.642,37,0,0
2025-06-02 14:00,1010.343,800.807,302.383,901.807,0,0,0
2025-06-02 14:15,1010.343,800.828,302.383,901.886,81,0,0
2025-06-02 14:30,1010.343,800.856,302.383,902.042,116,0,0
2025-06-02 14:45,1010.343,800.922,302.383,902.119,261,0,0
2025-06-02 15:00,1010.343,800.954,302.383,902.191,130,0,0
2025-06-02 15:15,1010.343,801.004,302.383,902.277,199,0,0
2025-06-02 15:30,1010.343,801.024,302.383,902.301,80,0,0
2025-06-02 15:45,1010.343,801.03,302.383,902.398,25,0,0
2025-06-02 16:00,1010.343,801.041,302.383,902.424,43,0,0
2025-06-02 16:15,1010.343,801.057,302.383,902.428,62,0,0
2025-06-02 16:30,1010.343,801.129,302.383,902.428,290,0,0
2025-06-02 16:45,1010.343,801.143,302.383,902.431,54,0,0
2025-06-02 17:00,1010.343,801.189,302.383,902.431,187,0,0
2025-06-02 17:15,1010.343,801.201,302.383,902.431,48,0,0
2025-06-02 17:30,1010.343,801.25,302.383,902.431,195,0,0
2025-06-02 17:45,1010.343,801.288,302.383,902.431,151,0,0
2025-06-02 18:00,1010.343,801.315,302.383,902.431,107,0,0
2025-06-02 18:15,1010.343,801.344,302.383,902.431,117,0,0
2025-06-02 18:30,1010.343,801.361,302.383,902.431,68,0,0
2025-06-02 18:45,1010.343,801.4,302.383,902.431,156,0,0
2025-06-02 19:00,1010.343,801.421,302.383,902.431,84,0,0
2025-06-02 19:15,1010.343,801.516,302.383,902.431,382,0,0
2025-06-02 19:30,1010.343,801.61,302.383,902.431,378,0,0
2025-06-02 19:45,1010.343,801.734,302.383,902.431,494,0,0
2025-06-02 20:00,1010.343,801.886,302.383,902.431,606,0,0
2025-06-02 20:15,1010.343,802.009,302.383,902.431,493,0,0
2025-06-02 20:30,1010.343,802.126,302.383,902.431,471,0,0
2025-06-02 20:45,1010.343,802.252,302.383,902.431,503,0,0
2025-06-02 21:00,1010.49,802.252,302.383,902.431,584,0,0
2025-06-02 21:15,1010.614,802.252,302.383,902.431,498,0,0
2025-06-02 21:30,1010.726,802.252,302.383,902.431,447,0,0
2025-06-02 21:45,1010.868,802.252,302.383,902.431,569,0,0
2025-06-02 22:00,1010.996,802.252,302.383,902.431,514,0,0
2025-06-02 22:15,1011.147,802.252,302.383,902.431,603,0,0
2025-06-02 22:30,1011.271,802.252,302.383,902.431,495,0,0
2025-06-02 22:45,1011.366,802.252,302.383,902.431,382,0,0
2025-06-02 23:00,1011.459,802.252,302.383,902.431,371,0,0
2025-06-02 23:15,1011.612,802.252,302.383,902.431,612,0,0
2025-06-02 23:30,1011.766,802.252,302.383,902.431,618,0,0
2025-06-02 23:45,1011.883,802.252,302.383,902.431,466,0,0
2025-06-03 00:00,1011.995,802.252,302.383,902.431,449,0,0
2025-06-03 00:15,1012.144,802.252,302.383,902.431,597,0,0
2025-06-03 00:30,1012.242,802.252,302.383,902.431,391,0,0
2025-06-03 00:45,1012.344,802.252,302.383,902.431,408,0,0
2025-06-03 01:00,1012.477,802.252,302.383,902.431,531,0,0
2025-06-03 01:15,1012.589,802.252,302.383,902.431,448,0,0
2025-06-03 01:30,1012.709,802.252,302.383,902.431,480,0,0
2025-06-03 01:45,1012.826,802.252,302.383,902.431,467,0,0
2025-06-03 02:00,1012.953,802.252,302.383,902.431,507,0,0
2025-06-03 02:15,1013.101,802.252,302.383,902.431,593,0,0
2025-06-03 02:30,1013.223,802.252,302.383,902.431,487,0,0
2025-06-03 02:45,1013.356,802.252,302.383,902.431,532,0,0
2025-06-03 03:00,1013.435,802.252,302.383,902.431,316,0,0
2025-06-03 03:15,1013.554,802.252,302.383,902.431,476,0,0
2025-06-03 03:30,1013.657,802.252,302.383,902.431,413,0,0
2025-06-03 03:45,1013.752,802.252,302.383,902.431,382,0,0
2025-06-03 04:00,1013.855,802.252,302.383,902.431,410,0,0
2025-06-03 04:15,1013.968,802.252,302.383,902.431,453,0,0
2025-06-03 04:30,1014.106,802.252,302.383,902.431,553,0,0
2025-06-03 04:45,1014.2,802.252,302.383,902.431,374,0,0
2025-06-03 05:00,1014.32,802.252,302.383,902.431,482,0,0
2025-06-03 05:15,1014.431,802.252,302.383,902.431,441,0,0
2025-06-03 05:30,1014.544,802.252,302.383,902.431,454,0,0
2025-06-03 05:45,1014.684,802.252,302.383,902.431,560,0,0
2025-06-03 06:00,1014.815,802.252,302.383,902.431,523,0,0
2025-06-03 06:15,1014.962,802.252,302.383,902.431,587,0,0
2025-06-03 06:30,1015.079,802.252,302.383,902.431,468,0,0
2025-06-03 06:45,1015.185,802.252,302.383,902.431,424,0,0
2025-06-03 07:00,1015.185,802.278,302.383,902.431,102,0,0
2025-06-03 07:15,1015.185,802.312,302.383,902.431,139,0,0
2025-06-03 07:30,1015.185,802.346,302.383,902.431,134,0,0
2025-06-03 07:45,1015.185,802.354,302.383,902.431,33,0,0
2025-06-03 08:00,1015.185,802.386,302.383,902.431,127,0,0
2025-06-03 08:15,1015.185,802.421,302.383,902.431,138,0,0
2025-06-03 08:30,1015.185,802.501,302.383,902.431,321,0,0
2025-06-03 08:45,1015.185,802.569,302.383,902.431,270,0,0
2025-06-03 09:00,1015.185,802.581,302.383,902.431,52,0,0
2025-06-03 09:15,1015.185,802.606,302.383,902.431,97,0,0
2025-06-03 09:30,1015.185,802.606,302.383,902.431,3,0,0
2025-06-03 09:45,1015.185,802.625,302.383,902.431,73,0,0
2025-06-03 10:00,1015.185,802.661,302.383,902.431,145,0,0
2025-06-03 10:15,1015.185,802.715,302.383,902.431,216,0,0
2025-06-03 10:30,1015.185,802.73,302.383,902.452,62,0,0
2025-06-03 10:45,1015.185,802.747,302.383,902.452,68,0,0
2025-06-03 11:00,1015.185,802.747,302.383,902.466,0,0,0
2025-06-03 11:15,1015.185,802.774,302.383,902.558,107,0,0
2025-06-03 11:30,1015.185,802.783,302.383,902.682,35,0,0
2025-06-03 11:45,1015.185,802.802,302.383,902.841,78,0,0
2025-06-03 12:00,1015.185,802.815,302.383,902.943,50,0,0
2025-06-03 12:15,1015.185,802.843,302.383,903.008,112,0,0
2025-06-03 12:30,1015.185,802.843,302.383,903.148,0,0,0
2025-06-03 12:45,1015.185,802.844,302.383,903.216,3,0,0
2025-06-03 13:00,1015.185,802.916,302.383,903.472,290,0,0
2025-06-03 13:15,1015.185,802.92,302.383,903.662,17,0,0
2025-06-03 13:30,1015.185,802.928,302.383,903.816,32,0,0
2025-06-03 13:45,1015.185,802.995,302.383,903.889,267,0,0
2025-06-03 14:00,1015.185,803.083,302.383,904.035,352,0,0
2025-06-03 14:15,1015.185,803.09,302.383,904.274,26,0,0
2025-06-03 14:30,1015.185,803.112,302.383,904.458,91,0,0
2025-06-03 14:45,1015.185,803.149,302.383,904.505,147,0,0
2025-06-03 15:00,1015.185,803.214,302.383,904.554,258,0,0
2025-06-03 15:15,1015.185,803.224,302.383,904.625,41,0,0
2025-06-03 15:30,1015.185,803.249,302.383,904.641,100,0,0
2025-06-03 15:45,1015.185,803.295,302.383,904.735,182,0,0
2025-06-03 16:00,1015.185,803.333,302.383,904.778,155,0,0
2025-06-03 16:15,1015.185,803.356,302.383,904.778,90,0,0
2025-06-03 16:30,1015.185,803.383,302.383,904.795,109,0,0
2025-06-03 16:45,1015.185,803.386,302.383,904.795,10,0,0
2025-06-03 17:00,1015.185,803.411,302.383,904.795,101,0,0
2025-06-03 17:15,1015.185,803.436,302.383,904.795,99,0,0
2025-06-03 17:30,1015.185,803.47,302.383,904.795,139,0,0
2025-06-03 17:45,1015.185,803.489,302.383,904.795,76,0,0
2025-06-03 18:00,1015.185,803.529,302.383,904.795,158,0,0
2025-06-03 18:15,1015.185,803.579,302.383,904.795,201,0,0
2025-06-03 18:30,1015.185,803.612,302.383,904.795,132,0,0
2025-06-03 18:45,1015.185,803.649,302.383,904.795,148,0,0
2025-06-03 19:00,1015.185,803.68,302.383,904.795,124,0,0
2025-06-03 19:15,1015.185,803.8,302.383,904.795,480,0,0
2025-06-03 19:30,1015.185,803.906,302.383,904.795,422,0,0
2025-06-03 19:45,1015.185,804.032,302.383,904.795,505,0,0
2025-06-03 20:00,1015.185,804.15,302.383,904.795,472,0,0
2025-06-03 20:15,1015.185,804.312,302.383,904.795,647,0,0
2025-06-03 20:30,1015.185,804.463,302.383,904.795,606,0,0
2025-06-03 20:45,1015.185,804.591,302.383,904.795,511,0,0
2025-06-03 21:00,1015.29,804.591,302.383,904.795,419,0,0
2025-06-03 21:15,1015.387,804.591,302.383,904.795,391,0,0
2025-06-03 21:30,1015.531,804.591,302.383,904.795,575,0,0
2025-06-03 21:45,1015.656,804.591,302.383,904.795,501,0,0
2025-06-03 22:00,1015.786,804.591,302.383,904.795,518,0,0
2025-06-03 22:15,1015.871,804.591,302.383,904.795,340,0,0
2025-06-03 22:30,1016.01,804.591,302.383,904.795,554,0,0
2025-06-03 22:45,1016.139,804.591,302.383,904.795,516,0,0
2025-06-03 23:00,1016.237,804.591,302.383,904.795,391,0,0
2025-06-03 23:15,1016.347,804.591,302.383,904.795,442,0,0
2025-06-03 23:30,1016.472,804.591,302.383,904.795,501,0,0
2025-06-03 23:45,1016.593,804.591,302.383,904.795,484,0,0
2025-06-04 00:00,1016.708,804.591,302.383,904.795,457,0,0
2025-06-04 00:15,1016.825,804.591,302.383,904.795,472,0,0
2025-06-04 00:30,1016.94,804.591,302.383,904.795,460,0,0
2025-06-04 00:45,1017.063,804.591,302.383,904.795,492,0,0
2025-06-04 01:00,1017.213,804.591,302.383,904.795,598,0,0
2025-06-04 01:15,1017.282,804.591,302.383,904.795,275,0,0
2025-06-04 01:30,1017.397,804.591,302.383,904.795,461,0,0
2025-06-04 01:45,1017.52,804.591,302.383,904.795,494,0,0
2025-06-04 02:00,1017.646,804.591,302.383,904.795,504,0,0
2025-06-04 02:15,1017.759,804.591,302.383,904.795,450,0,0
2025-06-04 02:30,1017.844,804.591,302.383,904.795,339,0,0
2025-06-04 02:45,1017.97,804.591,302.383,904.795,506,0,0
2025-06-04 03:00,1018.125,804.591,302.383,904.795,618,0,0
2025-06-04 03:15,1018.214,804.591,302.383,904.795,357,0,0
2025-06-04 03:30,1018.351,804.591,302.383,904.795,549,0,0
2025-06-04 03:45,1018.465,804.591,302.383,904.795,454,0,0
2025-06-04 04:00,1018.584,804.591,302.383,904.795,475,0,0
2025-06-04 04:15,1018.683,804.591,302.383,904.795,396,0,0
2025-06-04 04:30,1018.796,804.591,302.383,904.795,453,0,0
2025-06-04 04:45,1018.942,804.591,302.383,904.795,584,0,0
2025-06-04 05:00,1019.074,804.591,302.383,904.795,527,0,0
2025-06-04 05:15,1019.228,804.591,302.383,904.795,619,0,0
2025-06-04 05:30,1019.372,804.591,302.383,904.795,574,0,0
2025-06-04 05:45,1019.501,804.591,302.383,904.795,515,0,0
2025-06-04 06:00,1019.655,804.591,302.383,904.795,620,0,0
2025-06-04 06:15,1019.784,804.591,302.383,904.795,515,0,0
2025-06-04 06:30,1019.921,804.591,302.383,904.795,546,0,0
2025-06-04 06:45,1020.035,804.591,302.383,904.795,456,0,0
2025-06-04 07:00,1020.035,804.622,302.383,904.795,125,0,0
2025-06-04 07:15,1020.035,804.639,302.383,904.795,64,0,0
2025-06-04 07:30,1020.035,804.688,302.383,904.795,199,0,0
2025-06-04 07:45,1020.035,804.695,302.383,904.795,26,0,0
2025-06-04 08:00,1020.035,804.74,302.383,904.795,183,0,0
2025-06-04 08:15,1020.035,804.767,302.383,904.795,105,0,0
2025-06-04 08:30,1020.035,804.82,302.383,904.795,214,0,0
2025-06-04 08:45,1020.035,804.865,302.383,904.795,180,0,0
2025-06-04 09:00,1020.035,804.931,302.383,904.795,266,0,0
2025-06-04 09:15,1020.035,804.976,302.383,904.795,178,0,0
2025-06-04 09:30,1020.035,804.976,302.383,904.795,0,0,0
2025-06-04 09:45,1020.035,805.005,302.383,904.795,115,0,0
2025-06-04 10:00,1020.035,805.011,302.383,904.795,26,0,0
2025-06-04 10:15,1020.035,805.031,302.383,904.795,79,0,0
2025-06-04 10:30,1020.035,805.091,302.383,904.807,241,0,0
2025-06-04 10:45,1020.035,805.134,302.383,904.854,171,0,0
2025-06-04 11:00,1020.035,805.15,302.383,904.89,64,0,0
2025-06-04 11:15,1020.035,805.16,302.383,904.908,39,0,0
2025-06-04 11:30,1020.035,805.19,302.383,905.038,123,0,0
2025-06-04 11:45,1020.035,805.196,302.383,905.077,23,0,0
2025-06-04 12:00,1020.035,805.213,302.383,905.155,66,0,0
2025-06-04 12:15,1020.035,805.249,302.383,905.219,145,0,0
2025-06-04 12:30,1020.035,805.302,302.383,905.354,212,0,0
2025-06-04 12:45,1020.035,805.344,302.383,905.493,169,0,0
2025-06-04 13:00,1020.035,805.344,302.383,905.659,0,0,0
2025-06-04 13:15,1020.035,805.38,302.383,905.938,144,0,0
2025-06-04 13:30,1020.035,805.412,302.383,906.11,126,0,0
2025-06-04 13:45,1020.035,805.45,302.383,906.289,153,0,0
2025-06-04 14:00,1020.035,805.512,302.383,906.548,249,0,0
2025-06-04 14:15,1020.035,805.512,302.383,906.776,0,0,0
2025-06-04 14:30,1020.035,805.53,302.383,906.865,73,0,0
2025-06-04 14:45,1020.035,805.572,302.383,906.898,167,0,0
2025-06-04 15:00,1020.035,805.572,302.383,907.026,0,0,0
2025-06-04 15:15,1020.035,805.632,302.383,907.163,238,0,0
2025-06-04 15:30,1020.035,805.669,302.383,907.237,149,0,0
2025-06-04 15:45,1020.035,805.716,302.383,907.254,188,0,0
2025-06-04 16:00,1020.035,805.735,302.383,907.305,74,0,0
2025-06-04 16:15,1020.035,805.781,302.383,907.332,185,0,0
2025-06-04 16:30,1020.035,805.832,302.383,907.336,205,0,0
2025-06-04 16:45,1020.035,805.867,302.383,907.34,139,0,0
2025-06-04 17:00,1020.035,805.902,302.383,907.34,139,0,0
2025-06-04 17:15,1020.035,805.937,302.383,907.34,142,0,0
2025-06-04 17:30,1020.035,805.95,302.383,907.34,51,0,0
2025-06-04 17:45,1020.035,805.977,302.383,907.34,108,0,0
2025-06-04 18:00,1020.035,806.004,302.383,907.34,108,0,0
2025-06-04 18:15,1020.035,806.041,302.383,907.34,151,0,0
2025-06-04 18:30,1020.035,806.091,302.383,907.34,200,0,0
2025-06-04 18:45,1020.035,806.1,302.383,907.34,35,0,0
2025-06-04 19:00,1020.035,806.128,302.383,907.34,110,0,0
2025-06-04 19:15,1020.035,806.277,302.383,907.34,599,0,0
2025-06-04 19:30,1020.035,806.382,302.383,907.34,421,0,0
2025-06-04 19:45,1020.035,806.486,302.383,907.34,414,0,0
2025-06-04 20:00,1020.035,806.61,302.383,907.34,496,0,0
2025-06-04 20:15,1020.035,806.747,302.383,907.34,548,0,0
2025-06-04 20:30,1020.035,806.867,302.383,907.34,481,0,0
2025-06-04 20:45,1020.035,807.014,302.383,907.34,586,0,0
2025-06-04 21:00,1020.172,807.014,302.383,907.34,549,0,0
2025-06-04 21:15,1020.309,807.014,302.383,907.34,547,0,0
2025-06-04 21:30,1020.44,807.014,302.383,907.34,524,0,0
2025-06-04 21:45,1020.606,807.014,302.383,907.34,666,0,0
2025-06-04 22:00,1020.722,807.014,302.383,907.34,464,0,0
2025-06-04 22:15,1020.802,807.014,302.383,907.34,320,0,0
2025-06-04 22:30,1020.954,807.014,302.383,907.34,608,0,0
2025-06-04 22:45,1021.065,807.014,302.383,907.34,443,0,0
2025-06-04 23:00,1021.187,807.014,302.383,907.34,489,0,0
2025-06-04 23:15,1021.334,807.014,302.383,907.34,585,0,0
2025-06-04 23:30,1021.421,807.014,302.383,907.34,352,0,0
2025-06-04 23:45,1021.516,807.014,302.383,907.34,380,0,0
2025-06-05 00:00,1021.604,807.014,302.383,907.34,352,0,0
2025-06-05 00:15,1021.709,807.014,302.383,907.34,416,0,0
2025-06-05 00:30,1021.837,807.014,302.383,907.34,515,0,0
2025-06-05 00:45,1021.968,807.014,302.383,907.34,522,0,0
2025-06-05 01:00,1022.093,807.014,302.383,907.34,502,0,0
2025-06-05 01:15,1022.185,807.014,302.383,907.34,367,0,0
2025-06-05 01:30,1022.259,807.014,302.383,907.34,295,0,0
2025-06-05 01:45,1022.38,807.014,302.383,907.34,484,0,0
2025-06-05 02:00,1022.491,807.014,302.383,907.34,442,0,0
2025-06-05 02:15,1022.62,807.014,302.383,907.34,517,0,0
2025-06-05 02:30,1022.754,807.014,302.383,907.34,536,0,0
2025-06-05 02:45,1022.877,807.014,302.383,907.34,491,0,0
2025-06-05 03:00,1023.012,807.014,302.383,907.34,541,0,0
2025-06-05 03:15,1023.136,807.014,302.383,907.34,498,0,0
2025-06-05 03:30,1023.267,807.014,302.383,907.34,522,0,0
2025-06-05 03:45,1023.373,807.014,302.383,907.34,424,0,0
2025-06-05 04:00,1023.489,807.014,302.383,907.34,466,0,0
2025-06-05 04:15,1023.613,807.014,302.383,907.34,496,0,0
2025-06-05 04:30,1023.75,807.014,302.383,907.34,546,0,0
2025-06-05 04:45,1023.862,807.014,302.383,907.34,449,0,0
2025-06-05 05:00,1023.992,807.014,302.383,907.34,522,0,0
2025-06-05 05:15,1024.107,807.014,302.383,907.34,459,0,0
2025-06-05 05:30,1024.224,807.014,302.383,907.34,471,0,0
2025-06-05 05:45,1024.361,807.014,302.383,907.34,546,0,0
2025-06-05 06:00,1024.441,807.014,302.383,907.34,321,0,0
2025-06-05 06:15,1024.535,807.014,302.383,907.34,376,0,0
2025-06-05 06:30,1024.626,807.014,302.383,907.34,361,0,0
2025-06-05 06:45,1024.699,807.014,302.383,907.34,293,0,0
2025-06-05 07:00,1024.699,807.03,302.383,907.34,66,0,0
2025-06-05 07:15,1024.699,807.075,302.383,907.34,180,0,0
2025-06-05 07:30,1024.699,807.099,302.383,907.34,97,0,0
2025-06-05 07:45,1024.699,807.133,302.383,907.34,136,0,0
2025-06-05 08:00,1024.699,807.185,302.383,907.34,207,0,0
2025-06-05 08:15,1024.699,807.242,302.383,907.34,226,0,0
2025-06-05 08:30,1024.699,807.27,302.383,907.34,114,0,0
2025-06-05 08:45,1024.699,807.327,302.383,907.34,228,0,0
2025-06-05 09:00,1024.699,807.359,302.383,907.34,127,0,0
2025-06-05 09:15,1024.699,807.373,302.383,907.34,53,0,0
2025-06-05 09:30,1024.699,807.391,302.383,907.34,72,0,0
2025-06-05 09:45,1024.699,807.391,302.383,907.34,2,0,0
2025-06-05 10:00,1024.699,807.403,302.383,907.34,49,0,0
2025-06-05 10:15,1024.699,807.426,302.383,907.34,91,0,0
2025-06-05 10:30,1024.699,807.472,302.383,907.344,184,0,0
2025-06-05 10:45,1024.699,807.537,302.383,907.344,258,0,0
2025-06-05 11:00,1024.699,807.539,302.383,907.389,9,0,0
2025-06-05 11:15,1024.699,807.577,302.383,907.395,151,0,0
2025-06-05 11:30,1024.699,807.586,302.383,907.401,37,0,0
2025-06-05 11:45,1024.699,807.626,302.383,907.426,158,0,0
2025-06-05 12:00,1024.699,807.653,302.383,907.51,110,0,0
2025-06-05 12:15,1024.699,807.653,302.383,907.725,0,0,0
2025-06-05 12:30,1024.699,807.701,302.383,907.877,194,0,0
2025-06-05 12:45,1024.699,807.719,302.383,908.091,72,0,0
2025-06-05 13:00,1024.699,807.739,302.383,908.217,77,0,0
2025-06-05 13:15,1024.699,807.747,302.383,908.446,34,0,0
2025-06-05 13:30,1024.699,807.764,302.383,908.737,68,0,0
2025-06-05 13:45,1024.699,807.803,302.383,908.878,154,0,0
2025-06-05 14:00,1024.699,807.829,302.383,909.164,105,0,0
2025-06-05 14:15,1024.699,807.866,302.383,909.352,146,0,0
2025-06-05 14:30,1024.699,807.903,302.383,909.546,149,0,0
2025-06-05 14:45,1024.699,807.959,302.383,909.624,226,0,0
2025-06-05 15:00,1024.699,807.982,302.383,909.755,93,0,0
2025-06-05 15:15,1024.699,807.983,302.383,909.843,2,0,0
2025-06-05 15:30,1024.699,808.034,302.383,909.967,205,0,0
2025-06-05 15:45,1024.699,808.058,302.383,910.058,93,0,0
2025-06-05 16:00,1024.699,808.11,302.383,910.079,209,0,0
2025-06-05 16:15,1024.699,808.147,302.383,910.124,151,0,0
2025-06-05 16:30,1024.699,808.175,302.383,910.146,110,0,0
2025-06-05 16:45,1024.699,808.212,302.383,910.146,148,0,0
2025-06-05 17:00,1024.699,808.281,302.383,910.146,276,0,0
2025-06-05 17:15,1024.699,808.352,302.383,910.146,286,0,0
2025-06-05 17:30,1024.699,808.384,302.383,910.146,126,0,0
2025-06-05 17:45,1024.699,808.417,302.383,910.146,133,0,0
2025-06-05 18:00,1024.699,808.469,302.383,910.146,206,0,0
2025-06-05 18:15,1024.699,808.482,302.383,910.146,52,0,0
2025-06-05 18:30,1024.699,808.518,302.383,910.146,147,0,0
2025-06-05 18:45,1024.699,808.548,302.383,910.146,118,0,0
2025-06-05 19:00,1024.699,808.584,302.383,910.146,145,0,0
2025-06-05 19:15,1024.699,808.687,302.383,910.146,413,0,0
2025-06-05 19:30,1024.699,808.776,302.383,910.146,353,0,0
2025-06-05 19:45,1024.699,808.854,302.383,910.146,314,0,0
2025-06-05 20:00,1024.699,808.952,302.383,910.146,391,0,0
2025-06-05 20:15,1024.699,809.063,302.383,910.146,443,0,0
2025-06-05 20:30,1024.699,809.177,302.383,910.146,457,0,0
2025-06-05 20:45,1024.699,809.335,302.383,910.146,635,0,0
2025-06-05 21:00,1024.841,809.335,302.383,910.146,568,0,0
2025-06-05 21:15,1024.942,809.335,302.383,910.146,403,0,0
2025-06-05 21:30,1025.069,809.335,302.383,910.146,508,0,0
2025-06-05 21:45,1025.181,809.335,302.383,910.146,447,0,0
2025-06-05 22:00,1025.295,809.335,302.383,910.146,457,0,0
2025-06-05 22:15,1025.419,809.335,302.383,910.146,495,0,0
2025-06-05 22:30,1025.551,809.335,302.383,910.146,530,0,0
2025-06-05 22:45,1025.664,809.335,302.383,910.146,453,0,0
2025-06-05 23:00,1025.806,809.335,302.383,910.146,565,0,0
2025-06-05 23:15,1025.903,809.335,302.383,910.146,389,0,0
2025-06-05 23:30,1026.023,809.335,302.383,910.146,481,0,0
2025-06-05 23:45,1026.195,809.335,302.383,910.146,688,0,0
2025-06-06 00:00,1026.319,809.335,302.383,910.146,498,0,0
2025-06-06 00:15,1026.468,809.335,302.383,910.146,595,0,0
2025-06-06 00:30,1026.59,809.335,302.383,910.146,487,0,0
2025-06-06 00:45,1026.721,809.335,302.383,910.146,526,0,0
2025-06-06 01:00,1026.84,809.335,302.383,910.146,475,0,0
2025-06-06 01:15,1026.957,809.335,302.383,910.146,466,0,0
2025-06-06 01:30,1027.061,809.335,302.383,910.146,418,0,0
2025-06-06 01:45,1027.19,809.335,302.383,910.146,514,0,0
2025-06-06 02:00,1027.293,809.335,302.383,910.146,412,0,0
2025-06-06 02:15,1027.426,809.335,302.383,910.146,533,0,0
2025-06-06 02:30,1027.568,809.335,302.383,910.146,567,0,0
2025-06-06 02:45,1027.695,809.335,302.383,910.146,509,0,0
2025-06-06 03:00,1027.809,809.335,302.383,910.146,457,0,0
2025-06-06 03:15,1027.938,809.335,302.383,910.146,516,0,0
2025-06-06 03:30,1028.052,809.335,302.383,910.146,455,0,0
2025-06-06 03:45,1028.191,809.335,302.383,910.146,555,0,0
2025-06-06 04:00,1028.274,809.335,302.383,910.146,333,0,0
2025-06-06 04:15,1028.388,809.335,302.383,910.146,453,0,0
2025-06-06 04:30,1028.468,809.335,302.383,910.146,321,0,0
2025-06-06 04:45,1028.558,809.335,302.383,910.146,360,0,0
2025-06-06 05:00,1028.705,809.335,302.383,910.146,589,0,0
2025-06-06 05:15,1028.843,809.335,302.383,910.146,552,0,0
2025-06-06 05:30,1028.949,809.335,302.383,910.146,422,0,0
2025-06-06 05:45,1029.039,809.335,302.383,910.146,360,0,0
2025-06-06 06:00,1029.099,809.335,302.383,910.146,243,0,0
2025-06-06 06:15,1029.209,809.335,302.383,910.146,437,0,0
2025-06-06 06:30,1029.377,809.335,302.383,910.146,674,0,0
2025-06-06 06:45,1029.506,809.335,302.383,910.146,515,0,0
2025-06-06 07:00,1029.506,809.354,302.383,910.146,75,0,0
2025-06-06 07:15,1029.506,809.394,302.383,910.146,157,0,0
2025-06-06 07:30,1029.506,809.394,302.383,910.146,0,0,0
2025-06-06 07:45,1029.506,809.418,302.383,910.146,96,0,0
2025-06-06 08:00,1029.506,809.45,302.383,910.146,128,0,0
2025-06-06 08:15,1029.506,809.478,302.383,910.146,113,0,0
2025-06-06 08:30,1029.506,809.524,302.383,910.146,183,0,0
2025-06-06 08:45,1029.506,809.561,302.383,910.146,148,0,0
2025-06-06 09:00,1029.506,809.604,302.383,910.146,173,0,0
2025-06-06 09:15,1029.506,809.62,302.383,910.146,65,0,0
2025-06-06 09:30,1029.506,809.668,302.383,910.146,192,0,0
2025-06-06 09:45,1029.506,809.731,302.383,910.146,250,0,0
2025-06-06 10:00,1029.506,809.741,302.383,910.146,42,0,0
2025-06-06 10:15,1029.506,809.754,302.383,910.146,49,0,0
2025-06-06 10:30,1029.506,809.81,302.383,910.155,227,0,0
2025-06-06 10:45,1029.506,809.836,302.383,910.174,105,0,0
2025-06-06 11:00,1029.506,809.895,302.383,910.182,232,0,0
2025-06-06 11:15,1029.506,809.916,302.383,910.263,85,0,0
2025-06-06 11:30,1029.506,809.975,302.383,910.276,236,0,0
2025-06-06 11:45,1029.506,810.007,302.383,910.382,131,0,0
2025-06-06 12:00,1029.506,810.043,302.383,910.425,141,0,0
2025-06-06 12:15,1029.506,810.104,302.383,910.579,245,0,0
2025-06-06 12:30,1029.506,810.127,302.383,910.705,91,0,0
2025-06-06 12:45,1029.506,810.138,302.383,910.91,45,0,0
2025-06-06 13:00,1029.506,810.159,302.383,910.973,84,0,0
2025-06-06 13:15,1029.506,810.198,302.383,911.162,156,0,0
2025-06-06 13:30,1029.506,810.198,302.383,911.252,0,0,0
2025-06-06 13:45,1029.506,810.241,302.383,911.472,171,0,0
2025-06-06 14:00,1029.506,810.26,302.383,911.551,77,0,0
2025-06-06 14:15,1029.506,810.313,302.383,911.613,212,0,0
2025-06-06 14:30,1029.506,810.313,302.383,911.799,0,0,0
2025-06-06 14:45,1029.506,810.327,302.383,911.842,57,0,0
2025-06-06 15:00,1029.506,810.327,302.383,911.902,0,0,0
2025-06-06 15:15,1029.506,810.341,302.383,912.037,54,0,0
2025-06-06 15:30,1029.506,810.376,302.383,912.142,140,0,0
2025-06-06 15:45,1029.506,810.402,302.383,912.228,106,0,0
2025-06-06 16:00,1029.506,810.427,302.383,912.243,100,0,0
2025-06-06 16:15,1029.506,810.454,302.383,912.259,107,0,0
2025-06-06 16:30,1029.506,810.488,302.383,912.275,136,0,0
2025-06-06 16:45,1029.506,810.498,302.383,912.275,39,0,0
2025-06-06 17:00,1029.506,810.542,302.383,912.275,177,0,0
2025-06-06 17:15,1029.506,810.585,302.383,912.275,173,0,0
2025-06-06 17:30,1029.506,810.623,302.383,912.275,151,0,0
2025-06-06 17:45,1029.506,810.664,302.383,912.275,165,0,0
2025-06-06 18:00,1029.506,810.7,302.383,912.275,144,0,0
2025-06-06 18:15,1029.506,810.77,302.383,912.275,283,0,0
2025-06-06 18:30,1029.506,810.799,302.383,912.275,113,0,0
2025-06-06 18:45,1029.506,810.823,302.383,912.275,95,0,0
2025-06-06 19:00,1029.506,810.837,302.383,912.275,60,0,0
2025-06-06 19:15,1029.506,810.937,302.383,912.275,397,0,0
2025-06-06 19:30,1029.506,811.032,302.383,912.275,380,0,0
2025-06-06 19:45,1029.506,811.134,302.383,912.275,409,0,0
2025-06-06 20:00,1029.506,811.253,302.383,912.275,474,0,0
2025-06-06 20:15,1029.506,811.379,302.383,912.275,507,0,0
2025-06-06 20:30,1029.506,811.5,302.383,912.275,484,0,0
2025-06-06 20:45,1029.506,811.605,302.383,912.275,419,0,0
2025-06-06 21:00,1029.644,811.605,302.383,912.275,552,0,0
2025-06-06 21:15,1029.778,811.605,302.383,912.275,539,0,0
2025-06-06 21:30,1029.895,811.605,302.383,912.275,467,0,0
2025-06-06 21:45,1030.002,811.605,302.383,912.275,428,0,0
2025-06-06 22:00,1030.133,811.605,302.383,912.275,524,0,0
2025-06-06 22:15,1030.257,811.605,302.383,912.275,495,0,0
2025-06-06 22:30,1030.348,811.605,302.383,912.275,364,0,0
2025-06-06 22:45,1030.467,811.605,302.383,912.275,475,0,0
2025-06-06 23:00,1030.592,811.605,302.383,912.275,501,0,0
2025-06-06 23:15,1030.694,811.605,302.383,912.275,408,0,0
2025-06-06 23:30,1030.818,811.605,302.383,912.275,495,0,0
2025-06-06 23:45,1030.909,811.605,302.383,912.275,364,0,0
2025-06-07 00:00,1031.055,811.605,302.383,912.275,587,0,0
2025-06-07 00:15,1031.2,811.605,302.383,912.275,580,0,0
2025-06-07 00:30,1031.315,811.605,302.383,912.275,460,0,0
2025-06-07 00:45,1031.442,811.605,302.383,912.275,509,0,0
2025-06-07 01:00,1031.514,811.605,302.383,912.275,287,0,0
2025-06-07 01:15,1031.611,811.605,302.383,912.275,387,0,0
2025-06-07 01:30,1031.725,811.605,302.383,912.275,456,0,0
2025-06-07 01:45,1031.824,811.605,302.383,912.275,394,0,0
2025-06-07 02:00,1031.958,811.605,302.383,912.275,537,0,0
2025-06-07 02:15,1032.118,811.605,302.383,912.275,640,0,0
2025-06-07 02:30,1032.215,811.605,302.383,912.275,386,0,0
2025-06-07 02:45,1032.318,811.605,302.383,912.275,413,0,0
2025-06-07 03:00,1032.442,811.605,302.383,912.275,499,0,0
2025-06-07 03:15,1032.595,811.605,302.383,912.275,609,0,0
2025-06-07 03:30,1032.69,811.605,302.383,912.275,382,0,0
2025-06-07 03:45,1032.815,811.605,302.383,912.275,500,0,0
2025-06-07 04:00,1032.972,811.605,302.383,912.275,626,0,0
2025-06-07 04:15,1033.059,811.605,302.383,912.275,348,0,0
2025-06-07 04:30,1033.153,811.605,302.383,912.275,378,0,0
2025-06-07 04:45,1033.265,811.605,302.383,912.275,446,0,0
2025-06-07 05:00,1033.374,811.605,302.383,912.275,438,0,0
2025-06-07 05:15,1033.51,811.605,302.383,912.275,545,0,0
2025-06-07 05:30,1033.635,811.605,302.383,912.275,499,0,0
2025-06-07 05:45,1033.72,811.605,302.383,912.275,338,0,0
2025-06-07 06:00,1033.85,811.605,302.383,912.275,521,0,0
2025-06-07 06:15,1033.958,811.605,302.383,912.275,434,0,0
2025-06-07 06:30,1034.104,811.605,302.383,912.275,582,0,0
2025-06-07 06:45,1034.211,811.605,302.383,912.275,430,0,0
2025-06-07 07:00,1034.229,811.605,302.383,912.275,69,0,0
2025-06-07 07:15,1034.269,811.605,302.383,912.275,163,0,0
2025-06-07 07:30,1034.315,811.605,302.383,912.275,181,0,0
2025-06-07 07:45,1034.354,811.605,302.383,912.275,156,0,0
2025-06-07 08:00,1034.354,811.605,302.383,912.275,0,0,0
2025-06-07 08:15,1034.394,811.605,302.383,912.275,163,0,0
2025-06-07 08:30,1034.404,811.605,302.383,912.275,37,0,0
2025-06-07 08:45,1034.438,811.605,302.383,912.275,139,0,0
2025-06-07 09:00,1034.44,811.605,302.383,912.275,6,0,0
2025-06-07 09:15,1034.479,811.605,302.383,912.275,156,0,0
2025-06-07 09:30,1034.493,811.605,302.383,912.275,55,0,0
2025-06-07 09:45,1034.497,811.605,302.383,912.275,17,0,0
2025-06-07 10:00,1034.541,811.605,302.383,912.275,177,0,0
2025-06-07 10:15,1034.576,811.605,302.383,912.275,139,0,0
2025-06-07 10:30,1034.594,811.605,302.383,912.275,71,0,0
2025-06-07 10:45,1034.653,811.605,302.416,912.275,236,0,0
2025-06-07 11:00,1034.674,811.605,302.425,912.275,85,0,0
2025-06-07 11:15,1034.705,811.605,302.509,912.275,123,0,0
2025-06-07 11:30,1034.74,811.605,302.522,912.275,142,0,0
2025-06-07 11:45,1034.758,811.605,302.644,912.275,70,0,0
2025-06-07 12:00,1034.797,811.605,302.829,912.275,158,0,0
2025-06-07 12:15,1034.817,811.605,303.048,912.275,77,0,0
2025-06-07 12:30,1034.838,811.605,303.278,912.275,87,0,0
2025-06-07 12:45,1034.896,811.605,303.518,912.275,229,0,0
2025-06-07 13:00,1034.905,811.605,303.634,912.275,37,0,0
2025-06-07 13:15,1034.905,811.605,303.923,912.275,0,0,0
2025-06-07 13:30,1034.967,811.605,304.205,912.275,249,0,0
2025-06-07 13:45,1035.048,811.605,304.388,912.275,324,0,0
2025-06-07 14:00,1035.07,811.605,304.534,912.275,88,0,0
2025-06-07 14:15,1035.07,811.605,304.604,912.275,0,0,0
2025-06-07 14:30,1035.094,811.605,304.765,912.275,95,0,0
2025-06-07 14:45,1035.118,811.605,304.928,912.275,97,0,0
2025-06-07 15:00,1035.144,811.605,305.018,912.275,105,0,0
2025-06-07 15:15,1035.152,811.605,305.091,912.275,31,0,0
2025-06-07 15:30,1035.193,811.605,305.167,912.275,166,0,0
2025-06-07 15:45,1035.234,811.605,305.167,912.275,162,0,0
2025-06-07 16:00,1035.234,811.605,305.237,912.275,0,0,0
2025-06-07 16:15,1035.278,811.605,305.237,912.275,176,0,0
2025-06-07 16:30,1035.349,811.605,305.237,912.275,284,0,0
2025-06-07 16:45,1035.383,811.605,305.237,912.275,134,0,0
2025-06-07 17:00,1035.406,811.605,305.237,912.275,93,0,0
2025-06-07 17:15,1035.433,811.605,305.237,912.275,109,0,0
2025-06-07 17:30,1035.475,811.605,305.237,912.275,169,0,0
2025-06-07 17:45,1035.475,811.605,305.237,912.275,0,0,0
2025-06-07 18:00,1035.509,811.605,305.237,912.275,133,0,0
2025-06-07 18:15,1035.531,811.605,305.237,912.275,89,0,0
2025-06-07 18:30,1035.598,811.605,305.237,912.275,268,0,0
2025-06-07 18:45,1035.624,811.605,305.237,912.275,106,0,0
2025-06-07 19:00,1035.688,811.605,305.237,912.275,253,0,0
2025-06-07 19:15,1035.785,811.605,305.237,912.275,392,0,0
2025-06-07 19:30,1035.917,811.605,305.237,912.275,527,0,0
2025-06-07 19:45,1036.044,811.605,305.237,912.275,506,0,0
2025-06-07 20:00,1036.146,811.605,305.237,912.275,410,0,0
2025-06-07 20:15,1036.27,811.605,305.237,912.275,494,0,0
2025-06-07 20:30,1036.414,811.605,305.237,912.275,577,0,0
2025-06-07 20:45,1036.528,811.605,305.237,912.275,454,0,0
2025-06-07 21:00,1036.614,811.605,305.237,912.275,345,0,0
2025-06-07 21:15,1036.733,811.605,305.237,912.275,479,0,0
2025-06-07 21:30,1036.835,811.605,305.237,912.275,408,0,0
2025-06-07 21:45,1036.948,811.605,305.237,912.275,453,0,0
2025-06-07 22:00,1037.067,811.605,305.237,912.275,473,0,0
2025-06-07 22:15,1037.153,811.605,305.237,912.275,344,0,0
2025-06-07 22:30,1037.24,811.605,305.237,912.275,351,0,0
2025-06-07 22:45,1037.37,811.605,305.237,912.275,519,0,0
2025-06-07 23:00,1037.48,811.605,305.237,912.275,438,0,0
2025-06-07 23:15,1037.548,811.605,305.237,912.275,275,0,0
2025-06-07 23:30,1037.684,811.605,305.237,912.275,543,0,0
2025-06-07 23:45,1037.809,811.605,305.237,912.275,502,0,0
2025-06-08 00:00,1037.915,811.605,305.237,912.275,423,0,0
2025-06-08 00:15,1038.009,811.605,305.237,912.275,375,0,0
2025-06-08 00:30,1038.146,811.605,305.237,912.275,547,0,0
2025-06-08 00:45,1038.273,811.605,305.237,912.275,508,0,0
2025-06-08 01:00,1038.44,811.605,305.237,912.275,671,0,0
2025-06-08 01:15,1038.569,811.605,305.237,912.275,514,0,0
2025-06-08 01:30,1038.696,811.605,305.237,912.275,511,0,0
2025-06-08 01:45,1038.813,811.605,305.237,912.275,467,0,0
2025-06-08 02:00,1038.949,811.605,305.237,912.275,545,0,0
2025-06-08 02:15,1039.082,811.605,305.237,912.275,530,0,0
2025-06-08 02:30,1039.227,811.605,305.237,912.275,580,0,0
2025-06-08 02:45,1039.336,811.605,305.237,912.275,438,0,0
2025-06-08 03:00,1039.448,811.605,305.237,912.275,445,0,0
2025-06-08 03:15,1039.558,811.605,305.237,912.275,442,0,0
2025-06-08 03:30,1039.694,811.605,305.237,912.275,543,0,0
2025-06-08 03:45,1039.844,811.605,305.237,912.275,600,0,0
2025-06-08 04:00,1039.955,811.605,305.237,912.275,443,0,0
2025-06-08 04:15,1040.066,811.605,305.237,912.275,446,0,0
2025-06-08 04:30,1040.193,811.605,305.237,912.275,505,0,0
2025-06-08 04:45,1040.308,811.605,305.237,912.275,460,0,0
2025-06-08 05:00,1040.447,811.605,305.237,912.275,556,0,0
2025-06-08 05:15,1040.522,811.605,305.237,912.275,300,0,0
2025-06-08 05:30,1040.625,811.605,305.237,912.275,414,0,0
2025-06-08 05:45,1040.729,811.605,305.237,912.275,417,0,0
2025-06-08 06:00,1040.803,811.605,305.237,912.275,294,0,0
2025-06-08 06:15,1040.904,811.605,305.237,912.275,403,0,0
2025-06-08 06:30,1041.005,811.605,305.237,912.275,407,0,0
2025-06-08 06:45,1041.121,811.605,305.237,912.275,464,0,0
2025-06-08 07:00,1041.174,811.605,305.237,912.275,209,0,0
2025-06-08 07:15,1041.199,811.605,305.237,912.275,100,0,0
2025-06-08 07:30,1041.208,811.605,305.237,912.275,38,0,0
2025-06-08 07:45,1041.237,811.605,305.237,912.275,115,0,0
2025-06-08 08:00,1041.288,811.605,305.237,912.275,204,0,0
2025-06-08 08:15,1041.299,811.605,305.237,912.275,42,0,0
2025-06-08 08:30,1041.31,811.605,305.237,912.275,47,0,0
2025-06-08 08:45,1041.351,811.605,305.237,912.275,165,0,0
2025-06-08 09:00,1041.377,811.605,305.237,912.275,102,0,0
2025-06-08 09:15,1041.42,811.605,305.237,912.275,172,0,0
2025-06-08 09:30,1041.45,811.605,305.237,912.275,119,0,0
2025-06-08 09:45,1041.494,811.605,305.237,912.275,176,0,0
2025-06-08 10:00,1041.503,811.605,305.237,912.275,37,0,0
2025-06-08 10:15,1041.533,811.605,305.237,912.275,119,0,0
2025-06-08 10:30,1041.559,811.605,305.251,912.275,103,0,0
2025-06-08 10:45,1041.564,811.605,305.268,912.275,23,0,0
2025-06-08 11:00,1041.564,811.605,305.268,912.275,0,0,0
2025-06-08 11:15,1041.608,811.605,305.289,912.275,175,0,0
2025-06-08 11:30,1041.631,811.605,305.403,912.275,92,0,0
2025-06-08 11:45,1041.641,811.605,305.422,912.275,38,0,0
2025-06-08 12:00,1041.669,811.605,305.568,912.275,112,0,0
2025-06-08 12:15,1041.721,811.605,305.654,912.275,210,0,0
2025-06-08 12:30,1041.721,811.605,305.787,912.275,0,0,0
2025-06-08 12:45,1041.721,811.605,305.951,912.275,0,0,0
2025-06-08 13:00,1041.733,811.605,306.061,912.275,46,0,0
2025-06-08 13:15,1041.792,811.605,306.273,912.275,237,0,0
2025-06-08 13:30,1041.828,811.605,306.497,912.275,143,0,0
2025-06-08 13:45,1041.873,811.605,306.572,912.275,181,0,0
2025-06-08 14:00,1041.88,811.605,306.711,912.275,29,0,0
2025-06-08 14:15,1041.888,811.605,306.922,912.275,30,0,0
2025-06-08 14:30,1041.927,811.605,307.111,912.275,156,0,0
2025-06-08 14:45,1041.958,811.605,307.245,912.275,125,0,0
2025-06-08 15:00,1041.999,811.605,307.398,912.275,164,0,0
2025-06-08 15:15,1042.025,811.605,307.427,912.275,105,0,0
2025-06-08 15:30,1042.061,811.605,307.445,912.275,142,0,0
2025-06-08 15:45,1042.094,811.605,307.51,912.275,133,0,0
2025-06-08 16:00,1042.139,811.605,307.557,912.275,182,0,0
2025-06-08 16:15,1042.186,811.605,307.593,912.275,185,0,0
2025-06-08 16:30,1042.186,811.605,307.593,912.275,0,0,0
2025-06-08 16:45,1042.186,811.605,307.593,912.275,0,0,0
2025-06-08 17:00,1042.236,811.605,307.593,912.275,200,0,0
2025-06-08 17:15,1042.289,811.605,307.593,912.275,215,0,0
2025-06-08 17:30,1042.299,811.605,307.593,912.275,38,0,0
2025-06-08 17:45,1042.299,811.605,307.593,912.275,0,0,0
2025-06-08 18:00,1042.331,811.605,307.593,912.275,128,0,0
2025-06-08 18:15,1042.38,811.605,307.593,912.275,194,0,0
2025-06-08 18:30,1042.446,811.605,307.593,912.275,264,0,0
2025-06-08 18:45,1042.486,811.605,307.593,912.275,161,0,0
2025-06-08 19:00,1042.508,811.605,307.593,912.275,90,0,0
2025-06-08 19:15,1042.611,811.605,307.593,912.275,409,0,0
2025-06-08 19:30,1042.731,811.605,307.593,912.275,481,0,0
2025-06-08 19:45,1042.845,811.605,307.593,912.275,456,0,0
2025-06-08 20:00,1042.944,811.605,307.593,912.275,399,0,0
2025-06-08 20:15,1043.105,811.605,307.593,912.275,644,0,0
2025-06-08 20:30,1043.261,811.605,307.593,912.275,623,0,0
2025-06-08 20:45,1043.404,811.605,307.593,912.275,571,0,0
2025-06-08 21:00,1043.505,811.605,307.593,912.275,406,0,0
2025-06-08 21:15,1043.643,811.605,307.593,912.275,548,0,0
2025-06-08 21:30,1043.775,811.605,307.593,912.275,531,0,0
2025-06-08 21:45,1043.904,811.605,307.593,912.275,515,0,0
2025-06-08 22:00,1044.049,811.605,307.593,912.275,580,0,0
2025-06-08 22:15,1044.182,811.605,307.593,912.275,531,0,0
2025-06-08 22:30,1044.317,811.605,307.593,912.275,539,0,0
2025-06-08 22:45,1044.449,811.605,307.593,912.275,531,0,0
2025-06-08 23:00,1044.576,811.605,307.593,912.275,507,0,0
2025-06-08 23:15,1044.661,811.605,307.593,912.275,337,0,0
2025-06-08 23:30,1044.782,811.605,307.593,912.275,487,0,0
2025-06-08 23:45,1044.891,811.605,307.593,912.275,436,0,0
2025-06-09 00:00,1044.986,811.605,307.593,912.275,378,0,0
2025-06-09 00:15,1045.139,811.605,307.593,912.275,615,0,0
2025-06-09 00:30,1045.294,811.605,307.593,912.275,618,0,0
2025-06-09 00:45,1045.441,811.605,307.593,912.275,589,0,0
2025-06-09 01:00,1045.566,811.605,307.593,912.275,500,0,0
2025-06-09 01:15,1045.713,811.605,307.593,912.275,588,0,0
2025-06-09 01:30,1045.833,811.605,307.593,912.275,481,0,0
2025-06-09 01:45,1045.957,811.605,307.593,912.275,496,0,0
2025-06-09 02:00,1046.055,811.605,307.593,912.275,393,0,0
2025-06-09 02:15,1046.183,811.605,307.593,912.275,512,0,0
2025-06-09 02:30,1046.305,811.605,307.593,912.275,485,0,0
2025-06-09 02:45,1046.399,811.605,307.593,912.275,376,0,0
2025-06-09 03:00,1046.518,811.605,307.593,912.275,476,0,0
2025-06-09 03:15,1046.636,811.605,307.593,912.275,474,0,0
2025-06-09 03:30,1046.792,811.605,307.593,912.275,624,0,0
2025-06-09 03:45,1046.93,811.605,307.593,912.275,552,0,0
2025-06-09 04:00,1047.05,811.605,307.593,912.275,481,0,0
2025-06-09 04:15,1047.175,811.605,307.593,912.275,500,0,0
2025-06-09 04:30,1047.296,811.605,307.593,912.275,484,0,0
2025-06-09 04:45,1047.412,811.605,307.593,912.275,464,0,0
2025-06-09 05:00,1047.51,811.605,307.593,912.275,393,0,0
2025-06-09 05:15,1047.627,811.605,307.593,912.275,468,0,0
2025-06-09 05:30,1047.732,811.605,307.593,912.275,420,0,0
2025-06-09 05:45,1047.827,811.605,307.593,912.275,380,0,0
2025-06-09 06:00,1047.957,811.605,307.593,912.275,521,0,0
2025-06-09 06:15,1048.085,811.605,307.593,912.275,511,0,0
2025-06-09 06:30,1048.17,811.605,307.593,912.275,337,0,0
2025-06-09 06:45,1048.287,811.605,307.593,912.275,470,0,0
2025-06-09 07:00,1048.287,811.655,307.593,912.275,200,0,0
2025-06-09 07:15,1048.287,811.706,307.593,912.275,205,0,0
2025-06-09 07:30,1048.287,811.757,307.593,912.275,202,0,0
2025-06-09 07:45,1048.287,811.788,307.593,912.275,123,0,0
2025-06-09 08:00,1048.287,811.801,307.593,912.275,52,0,0
2025-06-09 08:15,1048.287,811.809,307.593,912.275,33,0,0
2025-06-09 08:30,1048.287,811.846,307.593,912.275,148,0,0
2025-06-09 08:45,1048.287,811.883,307.593,912.275,150,0,0
2025-06-09 09:00,1048.287,811.939,307.593,912.275,223,0,0
2025-06-09 09:15,1048.287,811.991,307.593,912.275,208,0,0
2025-06-09 09:30,1048.287,812.019,307.593,912.275,109,0,0
2025-06-09 09:45,1048.287,812.024,307.593,912.275,20,0,0
2025-06-09 10:00,1048.287,812.047,307.593,912.275,94,0,0
2025-06-09 10:15,1048.287,812.082,307.593,912.275,137,0,0
2025-06-09 10:30,1048.287,812.108,307.593,912.275,104,0,0
2025-06-09 10:45,1048.287,812.126,307.593,912.275,74,0,0
2025-06-09 11:00,1048.287,812.161,307.593,912.275,140,0,0
2025-06-09 11:15,1048.287,812.181,307.593,912.28,80,0,0
2025-06-09 11:30,1048.287,812.198,307.593,912.367,70,0,0
2025-06-09 11:45,1048.287,812.235,307.593,912.47,145,0,0
2025-06-09 12:00,1048.287,812.257,307.593,912.58,88,0,0
2025-06-09 12:15,1048.287,812.292,307.593,912.705,140,0,0
2025-06-09 12:30,1048.287,812.327,307.593,912.776,142,0,0
2025-06-09 12:45,1048.287,812.334,307.593,912.933,29,0,0
2025-06-09 13:00,1048.287,812.355,307.593,912.998,82,0,0
2025-06-09 13:15,1048.287,812.413,307.593,913.276,235,0,0
2025-06-09 13:30,1048.287,812.42,307.593,913.345,27,0,0
2025-06-09 13:45,1048.287,812.42,307.593,913.502,0,0,0
2025-06-09 14:00,1048.287,812.42,307.593,913.553,0,0,0
2025-06-09 14:15,1048.287,812.451,307.593,913.774,122,0,0
2025-06-09 14:30,1048.287,812.481,307.593,913.847,122,0,0
2025-06-09 14:45,1048.287,812.509,307.593,914.053,111,0,0
2025-06-09 15:00,1048.287,812.563,307.593,914.082,217,0,0
2025-06-09 15:15,1048.287,812.563,307.593,914.216,0,0,0
2025-06-09 15:30,1048.287,812.601,307.593,914.302,152,0,0
2025-06-09 15:45,1048.287,812.662,307.593,914.324,245,0,0
2025-06-09 16:00,1048.287,812.67,307.593,914.328,30,0,0
2025-06-09 16:15,1048.287,812.692,307.593,914.333,90,0,0
2025-06-09 16:30,1048.287,812.707,307.593,914.352,60,0,0
2025-06-09 16:45,1048.287,812.719,307.593,914.356,48,0,0
2025-06-09 17:00,1048.287,812.743,307.593,914.356,94,0,0
2025-06-09 17:15,1048.287,812.801,307.593,914.356,234,0,0
2025-06-09 17:30,1048.287,812.868,307.593,914.356,267,0,0
2025-06-09 17:45,1048.287,812.891,307.593,914.356,93,0,0
2025-06-09 18:00,1048.287,812.959,307.593,914.356,272,0,0
2025-06-09 18:15,1048.287,812.99,307.593,914.356,123,0,0
2025-06-09 18:30,1048.287,813.055,307.593,914.356,260,0,0
2025-06-09 18:45,1048.287,813.083,307.593,914.356,113,0,0
2025-06-09 19:00,1048.287,813.116,307.593,914.356,130,0,0
2025-06-09 19:15,1048.287,813.243,307.593,914.356,509,0,0
2025-06-09 19:30,1048.287,813.427,307.593,914.356,734,0,0
2025-06-09 19:45,1048.287,813.564,307.593,914.356,548,0,0
2025-06-09 20:00,1048.287,813.67,307.593,914.356,423,0,0
2025-06-09 20:15,1048.287,813.809,307.593,914.356,558,0,0
2025-06-09 20:30,1048.287,813.922,307.593,914.356,451,0,0
2025-06-09 20:45,1048.287,814.032,307.593,914.356,441,0,0
2025-06-09 21:00,1048.425,814.032,307.593,914.356,553,0,0
2025-06-09 21:15,1048.546,814.032,307.593,914.356,482,0,0
2025-06-09 21:30,1048.671,814.032,307.593,914.356,502,0,0
2025-06-09 21:45,1048.792,814.032,307.593,914.356,481,0,0
2025-06-09 22:00,1048.918,814.032,307.593,914.356,507,0,0
2025-06-09 22:15,1049.047,814.032,307.593,914.356,514,0,0
2025-06-09 22:30,1049.128,814.032,307.593,914.356,325,0,0
2025-06-09 22:45,1049.262,814.032,307.593,914.356,533,0,0
2025-06-09 23:00,1049.362,814.032,307.593,914.356,401,0,0
2025-06-09 23:15,1049.453,814.032,307.593,914.356,365,0,0
2025-06-09 23:30,1049.572,814.032,307.593,914.356,475,0,0
2025-06-09 23:45,1049.694,814.032,307.593,914.356,487,0,0
2025-06-10 00:00,1049.8,814.032,307.593,914.356,425,0,0
2025-06-10 00:15,1049.936,814.032,307.593,914.356,546,0,0
2025-06-10 00:30,1050.029,814.032,307.593,914.356,373,0,0
2025-06-10 00:45,1050.141,814.032,307.593,914.356,447,0,0
2025-06-10 01:00,1050.25,814.032,307.593,914.356,433,0,0
2025-06-10 01:15,1050.369,814.032,307.593,914.356,476,0,0
2025-06-10 01:30,1050.494,814.032,307.593,914.356,502,0,0
2025-06-10 01:45,1050.594,814.032,307.593,914.356,399,0,0
2025-06-10 02:00,1050.729,814.032,307.593,914.356,538,0,0
2025-06-10 02:15,1050.85,814.032,307.593,914.356,485,0,0
2025-06-10 02:30,1050.932,814.032,307.593,914.356,329,0,0
2025-06-10 02:45,1051.013,814.032,307.593,914.356,323,0,0
2025-06-10 03:00,1051.133,814.032,307.593,914.356,479,0,0
2025-06-10 03:15,1051.248,814.032,307.593,914.356,462,0,0
2025-06-10 03:30,1051.366,814.032,307.593,914.356,472,0,0
2025-06-10 03:45,1051.486,814.032,307.593,914.356,478,0,0
2025-06-10 04:00,1051.61,814.032,307.593,914.356,498,0,0
2025-06-10 04:15,1051.749,814.032,307.593,914.356,556,0,0
2025-06-10 04:30,1051.847,814.032,307.593,914.356,391,0,0
2025-06-10 04:45,1051.943,814.032,307.593,914.356,386,0,0
2025-06-10 05:00,1052.042,814.032,307.593,914.356,393,0,0
2025-06-10 05:15,1052.167,814.032,307.593,914.356,503,0,0
2025-06-10 05:30,1052.312,814.032,307.593,914.356,580,0,0
2025-06-10 05:45,1052.424,814.032,307.593,914.356,445,0,0
2025-06-10 06:00,1052.494,814.032,307.593,914.356,280,0,0
2025-06-10 06:15,1052.579,814.032,307.593,914.356,344,0,0
2025-06-10 06:30,1052.683,814.032,307.593,914.356,413,0,0
2025-06-10 06:45,1052.792,814.032,307.593,914.356,435,0,0
2025-06-10 07:00,1052.792,814.054,307.593,914.356,87,0,0
2025-06-10 07:15,1052.792,814.085,307.593,914.356,123,0,0
2025-06-10 07:30,1052.792,814.108,307.593,914.356,95,0,0
2025-06-10 07:45,1052.792,814.159,307.593,914.356,204,0,0
2025-06-10 08:00,1052.792,814.176,307.593,914.356,66,0,0
2025-06-10 08:15,1052.792,814.189,307.593,914.356,51,0,0
2025-06-10 08:30,1052.792,814.228,307.593,914.356,158,0,0
2025-06-10 08:45,1052.792,814.228,307.593,914.356,0,0,0
2025-06-10 09:00,1052.792,814.266,307.593,914.356,151,0,0
2025-06-10 09:15,1052.792,814.298,307.593,914.356,128,0,0
2025-06-10 09:30,1052.792,814.325,307.593,914.356,108,0,0
2025-06-10 09:45,1052.792,814.387,307.593,914.356,247,0,0
2025-06-10 10:00,1052.792,814.404,307.593,914.356,70,0,0
2025-06-10 10:15,1052.792,814.476,307.593,914.356,285,0,0
2025-06-10 10:30,1052.792,814.501,307.593,914.364,102,0,0
2025-06-10 10:45,1052.792,814.506,307.593,914.382,18,0,0
2025-06-10 11:00,1052.792,814.537,307.593,914.382,126,0,0
2025-06-10 11:15,1052.792,814.545,307.593,914.482,34,0,0
2025-06-10 11:30,1052.792,814.56,307.593,914.588,60,0,0
2025-06-10 11:45,1052.792,814.598,307.593,914.673,152,0,0
2025-06-10 12:00,1052.792,814.64,307.593,914.81,164,0,0
2025-06-10 12:15,1052.792,814.657,307.593,914.931,70,0,0
2025-06-10 12:30,1052.792,814.707,307.593,915.124,199,0,0
2025-06-10 12:45,1052.792,814.76,307.593,915.199,213,0,0
2025-06-10 13:00,1052.792,814.819,307.593,915.355,235,0,0
2025-06-10 13:15,1052.792,814.859,307.593,915.49,162,0,0
2025-06-10 13:30,1052.792,814.917,307.593,915.658,229,0,0
2025-06-10 13:45,1052.792,814.917,307.593,915.821,0,0,0
2025-06-10 14:00,1052.792,814.94,307.593,915.905,95,0,0
2025-06-10 14:15,1052.792,814.953,307.593,916.169,51,0,0
2025-06-10 14:30,1052.792,814.985,307.593,916.211,130,0,0
2025-06-10 14:45,1052.792,815.004,307.593,916.244,74,0,0
2025-06-10 15:00,1052.792,815.03,307.593,916.329,107,0,0
2025-06-10 15:15,1052.792,815.098,307.593,916.433,271,0,0
2025-06-10 15:30,1052.792,815.125,307.593,916.46,106,0,0
2025-06-10 15:45,1052.792,815.163,307.593,916.511,153,0,0
2025-06-10 16:00,1052.792,815.188,307.593,916.56,101,0,0
2025-06-10 16:15,1052.792,815.22,307.593,916.56,126,0,0
2025-06-10 16:30,1052.792,815.25,307.593,916.588,120,0,0
2025-06-10 16:45,1052.792,815.289,307.593,916.588,156,0,0
2025-06-10 17:00,1052.792,815.342,307.593,916.588,213,0,0
2025-06-10 17:15,1052.792,815.405,307.593,916.588,252,0,0
2025-06-10 17:30,1052.792,815.441,307.593,916.588,145,0,0
2025-06-10 17:45,1052.792,815.483,307.593,916.588,167,0,0
2025-06-10 18:00,1052.792,815.49,307.593,916.588,28,0,0
2025-06-10 18:15,1052.792,815.518,307.593,916.588,113,0,0
2025-06-10 18:30,1052.792,815.567,307.593,916.588,195,0,0
2025-06-10 18:45,1052.792,815.615,307.593,916.588,189,0,0
2025-06-10 19:00,1052.792,815.649,307.593,916.588,137,0,0
2025-06-10 19:15,1052.792,815.787,307.593,916.588,551,0,0
2025-06-10 19:30,1052.792,815.916,307.593,916.588,519,0,0
2025-06-10 19:45,1052.792,816.06,307.593,916.588,576,0,0
2025-06-10 20:00,1052.792,816.186,307.593,916.588,503,0,0
2025-06-10 20:15,1052.792,816.299,307.593,916.588,452,0,0
2025-06-10 20:30,1052.792,816.426,307.593,916.588,507,0,0
2025-06-10 20:45,1052.792,816.487,307.593,916.588,246,0,0
2025-06-10 21:00,1052.919,816.487,307.593,916.588,511,0,0
2025-06-10 21:15,1052.966,816.487,307.593,916.588,188,0,0
2025-06-10 21:30,1053.052,816.487,307.593,916.588,342,0,0
2025-06-10 21:45,1053.181,816.487,307.593,916.588,516,0,0
2025-06-10 22:00,1053.31,816.487,307.593,916.588,518,0,0
2025-06-10 22:15,1053.407,816.487,307.593,916.588,387,0,0
2025-06-10 22:30,1053.513,816.487,307.593,916.588,423,0,0
2025-06-10 22:45,1053.66,816.487,307.593,916.588,590,0,0
2025-06-10 23:00,1053.771,816.487,307.593,916.588,441,0,0
2025-06-10 23:15,1053.936,816.487,307.593,916.588,659,0,0
2025-06-10 23:30,1054.056,816.487,307.593,916.588,480,0,0
2025-06-10 23:45,1054.184,816.487,307.593,916.588,513,0,0
2025-06-11 00:00,1054.336,816.487,307.593,916.588,609,0,0
2025-06-11 00:15,1054.459,816.487,307.593,916.588,490,0,0
2025-06-11 00:30,1054.559,816.487,307.593,916.588,400,0,0
2025-06-11 00:45,1054.676,816.487,307.593,916.588,471,0,0
2025-06-11 01:00,1054.796,816.487,307.593,916.588,477,0,0
2025-06-11 01:15,1054.888,816.487,307.593,916.588,371,0,0
2025-06-11 01:30,1055.003,816.487,307.593,916.588,460,0,0
2025-06-11 01:45,1055.108,816.487,307.593,916.588,421,0,0
2025-06-11 02:00,1055.247,816.487,307.593,916.588,554,0,0
2025-06-11 02:15,1055.368,816.487,307.593,916.588,483,0,0
2025-06-11 02:30,1055.482,816.487,307.593,916.588,457,0,0
2025-06-11 02:45,1055.6,816.487,307.593,916.588,472,0,0
2025-06-11 03:00,1055.724,816.487,307.593,916.588,498,0,0
2025-06-11 03:15,1055.857,816.487,307.593,916.588,529,0,0
2025-06-11 03:30,1055.957,816.487,307.593,916.588,400,0,0
2025-06-11 03:45,1056.056,816.487,307.593,916.588,397,0,0
2025-06-11 04:00,1056.198,816.487,307.593,916.588,568,0,0
2025-06-11 04:15,1056.31,816.487,307.593,916.588,447,0,0
2025-06-11 04:30,1056.401,816.487,307.593,916.588,367,0,0
2025-06-11 04:45,1056.53,816.487,307.593,916.588,516,0,0
2025-06-11 05:00,1056.659,816.487,307.593,916.588,517,0,0
2025-06-11 05:15,1056.749,816.487,307.593,916.588,358,0,0
2025-06-11 05:30,1056.873,816.487,307.593,916.588,498,0,0
2025-06-11 05:45,1057.008,816.487,307.593,916.588,539,0,0
2025-06-11 06:00,1057.136,816.487,307.593,916.588,510,0,0
2025-06-11 06:15,1057.268,816.487,307.593,916.588,531,0,0
2025-06-11 06:30,1057.36,816.487,307.593,916.588,368,0,0
2025-06-11 06:45,1057.487,816.487,307.593,916.588,506,0,0
2025-06-11 07:00,1057.487,816.511,307.593,916.588,96,0,0
2025-06-11 07:15,1057.487,816.531,307.593,916.588,81,0,0
2025-06-11 07:30,1057.487,816.579,307.593,916.588,190,0,0
2025-06-11 07:45,1057.487,816.638,307.593,916.588,238,0,0
2025-06-11 08:00,1057.487,816.704,307.593,916.588,264,0,0
2025-06-11 08:15,1057.487,816.761,307.593,916.588,225,0,0
2025-06-11 08:30,1057.487,816.788,307.593,916.588,111,0,0
2025-06-11 08:45,1057.487,816.825,307.593,916.588,148,0,0
2025-06-11 09:00,1057.487,816.871,307.593,916.588,181,0,0
2025-06-11 09:15,1057.487,816.903,307.593,916.588,130,0,0
2025-06-11 09:30,1057.487,816.936,307.593,916.588,130,0,0
2025-06-11 09:45,1057.487,816.982,307.593,916.588,186,0,0
2025-06-11 10:00,1057.487,817.011,307.593,916.588,115,0,0
2025-06-11 10:15,1057.487,817.027,307.593,916.588,62,0,0
2025-06-11 10:30,1057.487,817.048,307.593,916.588,87,0,0
2025-06-11 10:45,1057.487,817.091,307.593,916.6,171,0,0
2025-06-11 11:00,1057.487,817.121,307.593,916.642,120,0,0
2025-06-11 11:15,1057.487,817.158,307.593,916.683,147,0,0
2025-06-11 11:30,1057.487,817.201,307.593,916.807,174,0,0
2025-06-11 11:45,1057.487,817.224,307.593,916.924,90,0,0
2025-06-11 12:00,1057.487,817.269,307.593,916.947,180,0,0
2025-06-11 12:15,1057.487,817.306,307.593,916.982,150,0,0
2025-06-11 12:30,1057.487,817.312,307.593,917.164,21,0,0
2025-06-11 12:45,1057.487,817.371,307.593,917.302,235,0,0
2025-06-11 13:00,1057.487,817.391,307.593,917.55,80,0,0
2025-06-11 13:15,1057.487,817.391,307.593,917.645,0,0,0
2025-06-11 13:30,1057.487,817.4,307.593,917.704,36,0,0
2025-06-11 13:45,1057.487,817.409,307.593,917.852,38,0,0
2025-06-11 14:00,1057.487,817.44,307.593,918.076,124,0,0
2025-06-11 14:15,1057.487,817.465,307.593,918.338,98,0,0
2025-06-11 14:30,1057.487,817.488,307.593,918.56,93,0,0
2025-06-11 14:45,1057.487,817.53,307.593,918.682,170,0,0
2025-06-11 15:00,1057.487,817.567,307.593,918.841,147,0,0
2025-06-11 15:15,1057.487,817.604,307.593,918.865,145,0,0
2025-06-11 15:30,1057.487,817.642,307.593,918.941,153,0,0
2025-06-11 15:45,1057.487,817.684,307.593,919.033,169,0,0
2025-06-11 16:00,1057.487,817.684,307.593,919.055,0,0,0
2025-06-11 16:15,1057.487,817.707,307.593,919.101,91,0,0
2025-06-11 16:30,1057.487,817.707,307.593,919.101,0,0,0
2025-06-11 16:45,1057.487,817.737,307.593,919.101,123,0,0
2025-06-11 17:00,1057.487,817.767,307.593,919.101,120,0,0
2025-06-11 17:15,1057.487,817.818,307.593,919.101,204,0,0
2025-06-11 17:30,1057.487,817.872,307.593,919.101,215,0,0
2025-06-11 17:45,1057.487,817.906,307.593,919.101,136,0,0
2025-06-11 18:00,1057.487,817.926,307.593,919.101,80,0,0
2025-06-11 18:15,1057.487,817.966,307.593,919.101,159,0,0
2025-06-11 18:30,1057.487,817.985,307.593,919.101,78,0,0
2025-06-11 18:45,1057.487,818.015,307.593,919.101,120,0,0
2025-06-11 19:00,1057.487,818.065,307.593,919.101,199,0,0
2025-06-11 19:15,1057.487,818.174,307.593,919.101,435,0,0
2025-06-11 19:30,1057.487,818.31,307.593,919.101,544,0,0
2025-06-11 19:45,1057.487,818.443,307.593,919.101,534,0,0
2025-06-11 20:00,1057.487,818.544,307.593,919.101,404,0,0
2025-06-11 20:15,1057.487,818.684,307.593,919.101,558,0,0
2025-06-11 20:30,1057.487,818.818,307.593,919.101,536,0,0
2025-06-11 20:45,1057.487,818.94,307.593,919.101,488,0,0
2025-06-11 21:00,1057.592,818.94,307.593,919.101,419,0,0
2025-06-11 21:15,1057.694,818.94,307.593,919.101,411,0,0
2025-06-11 21:30,1057.804,818.94,307.593,919.101,437,0,0
2025-06-11 21:45,1057.934,818.94,307.593,919.101,523,0,0
2025-06-11 22:00,1058.035,818.94,307.593,919.101,404,0,0
2025-06-11 22:15,1058.164,818.94,307.593,919.101,515,0,0
2025-06-11 22:30,1058.259,818.94,307.593,919.101,381,0,0
2025-06-11 22:45,1058.375,818.94,307.593,919.101,464,0,0
2025-06-11 23:00,1058.497,818.94,307.593,919.101,489,0,0
2025-06-11 23:15,1058.666,818.94,307.593,919.101,676,0,0
2025-06-11 23:30,1058.759,818.94,307.593,919.101,370,0,0
2025-06-11 23:45,1058.908,818.94,307.593,919.101,598,0,0
2025-06-12 00:00,1059.031,818.94,307.593,919.101,492,0,0
2025-06-12 00:15,1059.159,818.94,307.593,919.101,513,0,0
2025-06-12 00:30,1059.282,818.94,307.593,919.101,489,0,0
2025-06-12 00:45,1059.411,818.94,307.593,919.101,516,0,0
2025-06-12 01:00,1059.528,818.94,307.593,919.101,468,0,0
2025-06-12 01:15,1059.677,818.94,307.593,919.101,596,0,0
2025-06-12 01:30,1059.788,818.94,307.593,919.101,443,0,0
2025-06-12 01:45,1059.93,818.94,307.593,919.101,571,0,0
2025-06-12 02:00,1060.037,818.94,307.593,919.101,428,0,0
2025-06-12 02:15,1060.156,818.94,307.593,919.101,475,0,0
2025-06-12 02:30,1060.255,818.94,307.593,919.101,394,0,0
2025-06-12 02:45,1060.384,818.94,307.593,919.101,516,0,0
2025-06-12 03:00,1060.533,818.94,307.593,919.101,596,0,0
2025-06-12 03:15,1060.651,818.94,307.593,919.101,474,0,0
2025-06-12 03:30,1060.767,818.94,307.593,919.101,464,0,0
2025-06-12 03:45,1060.865,818.94,307.593,919.101,391,0,0
2025-06-12 04:00,1060.98,818.94,307.593,919.101,462,0,0
2025-06-12 04:15,1061.068,818.94,307.593,919.101,353,0,0
2025-06-12 04:30,1061.17,818.94,307.593,919.101,407,0,0
2025-06-12 04:45,1061.295,818.94,307.593,919.101,498,0,0
2025-06-12 05:00,1061.441,818.94,307.593,919.101,586,0,0
2025-06-12 05:15,1061.617,818.94,307.593,919.101,705,0,0
2025-06-12 05:30,1061.726,818.94,307.593,919.101,433,0,0
2025-06-12 05:45,1061.874,818.94,307.593,919.101,595,0,0
2025-06-12 06:00,1061.999,818.94,307.593,919.101,500,0,0
2025-06-12 06:15,1062.116,818.94,307.593,919.101,468,0,0
2025-06-12 06:30,1062.245,818.94,307.593,919.101,515,0,0
2025-06-12 06:45,1062.366,818.94,307.593,919.101,485,0,0
2025-06-12 07:00,1062.366,818.972,307.593,919.101,129,0,0
2025-06-12 07:15,1062.366,818.994,307.593,919.101,87,0,0
2025-06-12 07:30,1062.366,818.996,307.593,919.101,8,0,0
2025-06-12 07:45,1062.366,818.996,307.593,919.101,0,0,0
2025-06-12 08:00,1062.366,819.039,307.593,919.101,172,0,0
2025-06-12 08:15,1062.366,819.063,307.593,919.101,98,0,0
2025-06-12 08:30,1062.366,819.082,307.593,919.101,72,0,0
2025-06-12 08:45,1062.366,819.112,307.593,919.101,121,0,0
2025-06-12 09:00,1062.366,819.158,307.593,919.101,184,0,0
2025-06-12 09:15,1062.366,819.191,307.593,919.101,134,0,0
2025-06-12 09:30,1062.366,819.208,307.593,919.101,68,0,0
2025-06-12 09:45,1062.366,819.263,307.593,919.101,218,0,0
2025-06-12 10:00,1062.366,819.324,307.593,919.101,246,0,0
2025-06-12 10:15,1062.366,819.364,307.593,919.101,160,0,0
2025-06-12 10:30,1062.366,819.414,307.593,919.101,198,0,0
2025-06-12 10:45,1062.366,819.468,307.593,919.138,219,0,0
2025-06-12 11:00,1062.366,819.521,307.593,919.153,210,0,0
2025-06-12 11:15,1062.366,819.563,307.593,919.163,169,0,0
2025-06-12 11:30,1062.366,819.605,307.593,919.232,168,0,0
2025-06-12 11:45,1062.366,819.646,307.593,919.38,162,0,0
2025-06-12 12:00,1062.366,819.654,307.593,919.404,32,0,0
2025-06-12 12:15,1062.366,819.698,307.593,919.445,176,0,0
2025-06-12 12:30,1062.366,819.701,307.593,919.571,12,0,0
2025-06-12 12:45,1062.366,819.715,307.593,919.767,56,0,0
2025-06-12 13:00,1062.366,819.771,307.593,919.93,224,0,0
2025-06-12 13:15,1062.366,819.818,307.593,920.201,187,0,0
2025-06-12 13:30,1062.366,819.877,307.593,920.267,239,0,0
2025-06-12 13:45,1062.366,819.902,307.593,920.403,98,0,0
2025-06-12 14:00,1062.366,819.909,307.593,920.537,28,0,0
2025-06-12 14:15,1062.366,819.934,307.593,920.658,101,0,0
2025-06-12 14:30,1062.366,819.966,307.593,920.798,128,0,0
2025-06-12 14:45,1062.366,819.998,307.593,920.978,126,0,0
2025-06-12 15:00,1062.366,820.05,307.593,921.054,211,0,0
2025-06-12 15:15,1062.366,820.073,307.593,921.177,91,0,0
2025-06-12 15:30,1062.366,820.11,307.593,921.199,148,0,0
2025-06-12 15:45,1062.366,820.12,307.593,921.253,41,0,0
2025-06-12 16:00,1062.366,820.159,307.593,921.273,156,0,0
2025-06-12 16:15,1062.366,820.189,307.593,921.29,120,0,0
2025-06-12 16:30,1062.366,820.204,307.593,921.29,60,0,0
2025-06-12 16:45,1062.366,820.23,307.593,921.298,101,0,0
2025-06-12 17:00,1062.366,820.256,307.593,921.298,105,0,0
2025-06-12 17:15,1062.366,820.281,307.593,921.298,98,0,0
2025-06-12 17:30,1062.366,820.346,307.593,921.298,262,0,0
2025-06-12 17:45,1062.366,820.374,307.593,921.298,112,0,0
2025-06-12 18:00,1062.366,820.399,307.593,921.298,100,0,0
2025-06-12 18:15,1062.366,820.399,307.593,921.298,0,0,0
2025-06-12 18:30,1062.366,820.411,307.593,921.298,48,0,0
2025-06-12 18:45,1062.366,820.436,307.593,921.298,99,0,0
2025-06-12 19:00,1062.366,820.452,307.593,921.298,65,0,0
2025-06-12 19:15,1062.366,820.6,307.593,921.298,591,0,0
2025-06-12 19:30,1062.366,820.717,307.593,921.298,467,0,0
2025-06-12 19:45,1062.366,820.862,307.593,921.298,583,0,0
2025-06-12 20:00,1062.366,820.984,307.593,921.298,485,0,0
2025-06-12 20:15,1062.366,821.104,307.593,921.298,483,0,0
2025-06-12 20:30,1062.366,821.223,307.593,921.298,473,0,0
2025-06-12 20:45,1062.366,821.343,307.593,921.298,480,0,0
2025-06-12 21:00,1062.52,821.343,307.593,921.298,618,0,0
2025-06-12 21:15,1062.594,821.343,307.593,921.298,294,0,0
2025-06-12 21:30,1062.674,821.343,307.593,921.298,320,0,0
2025-06-12 21:45,1062.783,821.343,307.593,921.298,437,0,0
2025-06-12 22:00,1062.903,821.343,307.593,921.298,481,0,0
2025-06-12 22:15,1063.037,821.343,307.593,921.298,535,0,0
2025-06-12 22:30,1063.167,821.343,307.593,921.298,518,0,0
2025-06-12 22:45,1063.279,821.343,307.593,921.298,449,0,0
2025-06-12 23:00,1063.419,821.343,307.593,921.298,562,0,0
2025-06-12 23:15,1063.56,821.343,307.593,921.298,562,0,0
2025-06-12 23:30,1063.684,821.343,307.593,921.298,495,0,0
2025-06-12 23:45,1063.823,821.343,307.593,921.298,557,0,0
2025-06-13 00:00,1063.948,821.343,307.593,921.298,502,0,0
2025-06-13 00:15,1064.057,821.343,307.593,921.298,435,0,0
2025-06-13 00:30,1064.191,821.343,307.593,921.298,536,0,0
2025-06-13 00:45,1064.313,821.343,307.593,921.298,489,0,0
2025-06-13 01:00,1064.433,821.343,307.593,921.298,480,0,0
2025-06-13 01:15,1064.583,821.343,307.593,921.298,598,0,0
2025-06-13 01:30,1064.654,821.343,307.593,921.298,284,0,0
2025-06-13 01:45,1064.745,821.343,307.593,921.298,367,0,0
2025-06-13 02:00,1064.842,821.343,307.593,921.298,385,0,0
2025-06-13 02:15,1064.954,821.343,307.593,921.298,451,0,0
2025-06-13 02:30,1065.069,821.343,307.593,921.298,460,0,0
2025-06-13 02:45,1065.159,821.343,307.593,921.298,359,0,0
2025-06-13 03:00,1065.259,821.343,307.593,921.298,401,0,0
2025-06-13 03:15,1065.362,821.343,307.593,921.298,411,0,0
2025-06-13 03:30,1065.531,821.343,307.593,921.298,677,0,0
2025-06-13 03:45,1065.687,821.343,307.593,921.298,624,0,0
2025-06-13 04:00,1065.799,821.343,307.593,921.298,447,0,0
2025-06-13 04:15,1065.912,821.343,307.593,921.298,451,0,0
2025-06-13 04:30,1066.009,821.343,307.593,921.298,388,0,0
2025-06-13 04:45,1066.091,821.343,307.593,921.298,327,0,0
2025-06-13 05:00,1066.208,821.343,307.593,921.298,471,0,0
2025-06-13 05:15,1066.308,821.343,307.593,921.298,400,0,0
2025-06-13 05:30,1066.427,821.343,307.593,921.298,473,0,0
2025-06-13 05:45,1066.515,821.343,307.593,921.298,352,0,0
2025-06-13 06:00,1066.62,821.343,307.593,921.298,419,0,0
2025-06-13 06:15,1066.742,821.343,307.593,921.298,492,0,0
2025-06-13 06:30,1066.87,821.343,307.593,921.298,509,0,0
2025-06-13 06:45,1066.998,821.343,307.593,921.298,513,0,0
2025-06-13 07:00,1066.998,821.346,307.593,921.298,14,0,0
2025-06-13 07:15,1066.998,821.393,307.593,921.298,188,0,0
2025-06-13 07:30,1066.998,821.407,307.593,921.298,56,0,0
2025-06-13 07:45,1066.998,821.45,307.593,921.298,171,0,0
2025-06-13 08:00,1066.998,821.48,307.593,921.298,119,0,0
2025-06-13 08:15,1066.998,821.482,307.593,921.298,10,0,0
2025-06-13 08:30,1066.998,821.506,307.593,921.298,95,0,0
2025-06-13 08:45,1066.998,821.543,307.593,921.298,149,0,0
2025-06-13 09:00,1066.998,821.586,307.593,921.298,169,0,0
2025-06-13 09:15,1066.998,821.613,307.593,921.298,109,0,0
2025-06-13 09:30,1066.998,821.673,307.593,921.298,243,0,0
2025-06-13 09:45,1066.998,821.724,307.593,921.298,201,0,0
2025-06-13 10:00,1066.998,821.748,307.593,921.298,99,0,0
2025-06-13 10:15,1066.998,821.793,307.593,921.298,180,0,0
2025-06-13 10:30,1066.998,821.862,307.593,921.316,275,0,0
2025-06-13 10:45,1066.998,821.931,307.593,921.316,277,0,0
2025-06-13 11:00,1066.998,821.937,307.593,921.335,22,0,0
2025-06-13 11:15,1066.998,821.948,307.593,921.372,46,0,0
2025-06-13 11:30,1066.998,822.008,307.593,921.414,239,0,0
2025-06-13 11:45,1066.998,822.017,307.593,921.427,35,0,0
2025-06-13 12:00,1066.998,822.02,307.593,921.489,14,0,0
2025-06-13 12:15,1066.998,822.041,307.593,921.584,81,0,0
2025-06-13 12:30,1066.998,822.079,307.593,921.688,154,0,0
2025-06-13 12:45,1066.998,822.107,307.593,921.908,112,0,0
2025-06-13 13:00,1066.998,822.124,307.593,921.97,68,0,0
2025-06-13 13:15,1066.998,822.14,307.593,922.118,66,0,0
2025-06-13 13:30,1066.998,822.156,307.593,922.183,63,0,0
2025-06-13 13:45,1066.998,822.169,307.593,922.462,50,0,0
2025-06-13 14:00,1066.998,822.244,307.593,922.699,303,0,0
2025-06-13 14:15,1066.998,822.28,307.593,922.963,144,0,0
2025-06-13 14:30,1066.998,822.328,307.593,923.191,191,0,0
2025-06-13 14:45,1066.998,822.348,307.593,923.282,81,0,0
2025-06-13 15:00,1066.998,822.374,307.593,923.42,105,0,0
2025-06-13 15:15,1066.998,822.39,307.593,923.478,63,0,0
2025-06-13 15:30,1066.998,822.39,307.593,923.594,0,0,0
2025-06-13 15:45,1066.998,822.393,307.593,923.632,10,0,0
2025-06-13 16:00,1066.998,822.393,307.593,923.652,0,0,0
2025-06-13 16:15,1066.998,822.393,307.593,923.695,0,0,0
2025-06-13 16:30,1066.998,822.399,307.593,923.714,24,0,0
2025-06-13 16:45,1066.998,822.455,307.593,923.723,226,0,0
2025-06-13 17:00,1066.998,822.484,307.593,923.723,116,0,0
2025-06-13 17:15,1066.998,822.54,307.593,923.723,223,0,0
2025-06-13 17:30,1066.998,822.578,307.593,923.723,153,0,0
2025-06-13 17:45,1066.998,822.624,307.593,923.723,183,0,0
2025-06-13 18:00,1066.998,822.636,307.593,923.723,48,0,0
2025-06-13 18:15,1066.998,822.676,307.593,923.723,162,0,0
2025-06-13 18:30,1066.998,822.721,307.593,923.723,178,0,0
2025-06-13 18:45,1066.998,822.739,307.593,923.723,74,0,0
2025-06-13 19:00,1066.998,822.781,307.593,923.723,165,0,0
2025-06-13 19:15,1066.998,822.912,307.593,923.723,525,0,0
2025-06-13 19:30,1066.998,823.021,307.593,923.723,436,0,0
2025-06-13 19:45,1066.998,823.119,307.593,923.723,390,0,0
2025-06-13 20:00,1066.998,823.215,307.593,923.723,385,0,0
2025-06-13 20:15,1066.998,823.337,307.593,923.723,487,0,0
2025-06-13 20:30,1066.998,823.463,307.593,923.723,506,0,0
2025-06-13 20:45,1066.998,823.567,307.593,923.723,417,0,0
2025-06-13 21:00,1067.119,823.567,307.593,923.723,482,0,0
2025-06-13 21:15,1067.25,823.567,307.593,923.723,526,0,0
2025-06-13 21:30,1067.382,823.567,307.593,923.723,529,0,0
2025-06-13 21:45,1067.533,823.567,307.593,923.723,604,0,0
2025-06-13 22:00,1067.679,823.567,307.593,923.723,582,0,0
2025-06-13 22:15,1067.779,823.567,307.593,923.723,400,0,0
2025-06-13 22:30,1067.933,823.567,307.593,923.723,615,0,0
2025-06-13 22:45,1068.042,823.567,307.593,923.723,438,0,0
2025-06-13 23:00,1068.183,823.567,307.593,923.723,564,0,0
2025-06-13 23:15,1068.304,823.567,307.593,923.723,485,0,0
2025-06-13 23:30,1068.416,823.567,307.593,923.723,447,0,0
2025-06-13 23:45,1068.5,823.567,307.593,923.723,335,0,0
2025-06-14 00:00,1068.616,823.567,307.593,923.723,466,0,0
2025-06-14 00:15,1068.705,823.567,307.593,923.723,355,0,0
2025-06-14 00:30,1068.845,823.567,307.593,923.723,557,0,0
2025-06-14 00:45,1068.995,823.567,307.593,923.723,601,0,0
2025-06-14 01:00,1069.099,823.567,307.593,923.723,416,0,0
2025-06-14 01:15,1069.225,823.567,307.593,923.723,504,0,0
2025-06-14 01:30,1069.331,823.567,307.593,923.723,422,0,0
2025-06-14 01:45,1069.438,823.567,307.593,923.723,430,0,0
2025-06-14 02:00,1069.574,823.567,307.593,923.723,542,0,0
2025-06-14 02:15,1069.693,823.567,307.593,923.723,477,0,0
2025-06-14 02:30,1069.848,823.567,307.593,923.723,619,0,0
2025-06-14 02:45,1069.958,823.567,307.593,923.723,441,0,0
2025-06-14 03:00,1070.098,823.567,307.593,923.723,560,0,0
2025-06-14 03:15,1070.22,823.567,307.593,923.723,488,0,0
2025-06-14 03:30,1070.356,823.567,307.593,923.723,544,0,0
2025-06-14 03:45,1070.467,823.567,307.593,923.723,444,0,0
2025-06-14 04:00,1070.586,823.567,307.593,923.723,476,0,0
2025-06-14 04:15,1070.703,823.567,307.593,923.723,471,0,0
2025-06-14 04:30,1070.807,823.567,307.593,923.723,413,0,0
2025-06-14 04:45,1070.94,823.567,307.593,923.723,533,0,0
2025-06-14 05:00,1071.073,823.567,307.593,923.723,532,0,0
2025-06-14 05:15,1071.205,823.567,307.593,923.723,527,0,0
2025-06-14 05:30,1071.356,823.567,307.593,923.723,603,0,0
2025-06-14 05:45,1071.505,823.567,307.593,923.723,596,0,0
2025-06-14 06:00,1071.617,823.567,307.593,923.723,450,0,0
2025-06-14 06:15,1071.745,823.567,307.593,923.723,510,0,0
2025-06-14 06:30,1071.852,823.567,307.593,923.723,430,0,0
2025-06-14 06:45,1071.973,823.567,307.593,923.723,482,0,0
2025-06-14 07:00,1071.991,823.567,307.593,923.723,72,0,0
2025-06-14 07:15,1072.053,823.567,307.593,923.723,250,0,0
2025-06-14 07:30,1072.09,823.567,307.593,923.723,149,0,0
2025-06-14 07:45,1072.116,823.567,307.593,923.723,103,0,0
2025-06-14 08:00,1072.17,823.567,307.593,923.723,215,0,0
2025-06-14 08:15,1072.17,823.567,307.593,923.723,0,0,0
2025-06-14 08:30,1072.17,823.567,307.593,923.723,0,0,0
2025-06-14 08:45,1072.216,823.567,307.593,923.723,184,0,0
2025-06-14 09:00,1072.247,823.567,307.593,923.723,125,0,0
2025-06-14 09:15,1072.282,823.567,307.593,923.723,140,0,0
2025-06-14 09:30,1072.285,823.567,307.593,923.723,14,0,0
2025-06-14 09:45,1072.315,823.567,307.593,923.723,118,0,0
2025-06-14 10:00,1072.385,823.567,307.593,923.723,280,0,0
2025-06-14 10:15,1072.431,823.567,307.597,923.723,186,0,0
2025-06-14 10:30,1072.465,823.567,307.601,923.723,134,0,0
2025-06-14 10:45,1072.486,823.567,307.601,923.723,85,0,0
2025-06-14 11:00,1072.508,823.567,307.604,923.723,88,0,0
2025-06-14 11:15,1072.508,823.567,307.697,923.723,0,0,0
2025-06-14 11:30,1072.543,823.567,307.777,923.723,141,0,0
2025-06-14 11:45,1072.59,823.567,307.927,923.723,188,0,0
2025-06-14 12:00,1072.59,823.567,308.001,923.723,0,0,0
2025-06-14 12:15,1072.607,823.567,308.167,923.723,67,0,0
2025-06-14 12:30,1072.614,823.567,308.366,923.723,27,0,0
2025-06-14 12:45,1072.625,823.567,308.63,923.723,43,0,0
2025-06-14 13:00,1072.656,823.567,308.685,923.723,124,0,0
2025-06-14 13:15,1072.656,823.567,308.97,923.723,0,0,0
2025-06-14 13:30,1072.698,823.567,309.12,923.723,169,0,0
2025-06-14 13:45,1072.743,823.567,309.378,923.723,180,0,0
2025-06-14 14:00,1072.768,823.567,309.556,923.723,100,0,0
2025-06-14 14:15,1072.768,823.567,309.728,923.723,0,0,0
2025-06-14 14:30,1072.778,823.567,309.841,923.723,40,0,0
2025-06-14 14:45,1072.833,823.567,310.029,923.723,219,0,0
2025-06-14 15:00,1072.833,823.567,310.095,923.723,0,0,0
2025-06-14 15:15,1072.856,823.567,310.181,923.723,92,0,0
2025-06-14 15:30,1072.862,823.567,310.255,923.723,26,0,0
2025-06-14 15:45,1072.908,823.567,310.328,923.723,184,0,0
2025-06-14 16:00,1072.925,823.567,310.356,923.723,66,0,0
2025-06-14 16:15,1072.963,823.567,310.383,923.723,152,0,0
2025-06-14 16:30,1073.004,823.567,310.383,923.723,165,0,0
2025-06-14 16:45,1073.071,823.567,310.383,923.723,267,0,0
2025-06-14 17:00,1073.097,823.567,310.383,923.723,104,0,0
2025-06-14 17:15,1073.134,823.567,310.383,923.723,150,0,0
2025-06-14 17:30,1073.135,823.567,310.383,923.723,1,0,0
2025-06-14 17:45,1073.188,823.567,310.383,923.723,215,0,0
2025-06-14 18:00,1073.203,823.567,310.383,923.723,59,0,0
2025-06-14 18:15,1073.222,823.567,310.383,923.723,75,0,0
2025-06-14 18:30,1073.252,823.567,310.383,923.723,118,0,0
2025-06-14 18:45,1073.252,823.567,310.383,923.723,0,0,0
2025-06-14 19:00,1073.286,823.567,310.383,923.723,138,0,0
2025-06-14 19:15,1073.425,823.567,310.383,923.723,557,0,0
2025-06-14 19:30,1073.551,823.567,310.383,923.723,503,0,0
2025-06-14 19:45,1073.64,823.567,310.383,923.723,353,0,0
2025-06-14 20:00,1073.757,823.567,310.383,923.723,470,0,0
2025-06-14 20:15,1073.892,823.567,310.383,923.723,539,0,0
2025-06-14 20:30,1073.974,823.567,310.383,923.723,330,0,0
2025-06-14 20:45,1074.073,823.567,310.383,923.723,394,0,0
2025-06-14 21:00,1074.21,823.567,310.383,923.723,550,0,0
2025-06-14 21:15,1074.336,823.567,310.383,923.723,502,0,0
2025-06-14 21:30,1074.464,823.567,310.383,923.723,513,0,0
2025-06-14 21:45,1074.621,823.567,310.383,923.723,629,0,0
2025-06-14 22:00,1074.751,823.567,310.383,923.723,517,0,0
2025-06-14 22:15,1074.884,823.567,310.383,923.723,533,0,0
2025-06-14 22:30,1075.058,823.567,310.383,923.723,697,0,0
2025-06-14 22:45,1075.174,823.567,310.383,923.723,463,0,0
2025-06-14 23:00,1075.278,823.567,310.383,923.723,416,0,0
2025-06-14 23:15,1075.406,823.567,310.383,923.723,514,0,0
2025-06-14 23:30,1075.535,823.567,310.383,923.723,515,0,0
2025-06-14 23:45,1075.645,823.567,310.383,923.723,438,0,0
2025-06-15 00:00,1075.744,823.567,310.383,923.723,397,0,0
2025-06-15 00:15,1075.91,823.567,310.383,923.723,665,0,0
2025-06-15 00:30,1076.037,823.567,310.383,923.723,506,0,0
2025-06-15 00:45,1076.142,823.567,310.383,923.723,421,0,0
2025-06-15 01:00,1076.28,823.567,310.383,923.723,553,0,0
2025-06-15 01:15,1076.398,823.567,310.383,923.723,471,0,0
2025-06-15 01:30,1076.513,823.567,310.383,923.723,460,0,0
2025-06-15 01:45,1076.644,823.567,310.383,923.723,525,0,0
2025-06-15 02:00,1076.738,823.567,310.383,923.723,377,0,0
2025-06-15 02:15,1076.866,823.567,310.383,923.723,508,0,0
2025-06-15 02:30,1077.024,823.567,310.383,923.723,633,0,0
2025-06-15 02:45,1077.153,823.567,310.383,923.723,517,0,0
2025-06-15 03:00,1077.266,823.567,310.383,923.723,450,0,0
2025-06-15 03:15,1077.375,823.567,310.383,923.723,439,0,0
2025-06-15 03:30,1077.487,823.567,310.383,923.723,447,0,0
2025-06-15 03:45,1077.602,823.567,310.383,923.723,460,0,0
2025-06-15 04:00,1077.715,823.567,310.383,923.723,450,0,0
2025-06-15 04:15,1077.853,823.567,310.383,923.723,553,0,0
2025-06-15 04:30,1077.938,823.567,310.383,923.723,341,0,0
2025-06-15 04:45,1078.075,823.567,310.383,923.723,549,0,0
2025-06-15 05:00,1078.188,823.567,310.383,923.723,450,0,0
2025-06-15 05:15,1078.315,823.567,310.383,923.723,510,0,0
2025-06-15 05:30,1078.413,823.567,310.383,923.723,390,0,0
2025-06-15 05:45,1078.559,823.567,310.383,923.723,586,0,0
2025-06-15 06:00,1078.704,823.567,310.383,923.723,580,0,0
2025-06-15 06:15,1078.844,823.567,310.383,923.723,557,0,0
2025-06-15 06:30,1078.933,823.567,310.383,923.723,359,0,0
2025-06-15 06:45,1079.07,823.567,310.383,923.723,546,0,0
2025-06-15 07:00,1079.108,823.567,310.383,923.723,152,0,0
2025-06-15 07:15,1079.108,823.567,310.383,923.723,0,0,0
2025-06-15 07:30,1079.137,823.567,310.383,923.723,118,0,0
2025-06-15 07:45,1079.175,823.567,310.383,923.723,149,0,0
2025-06-15 08:00,1079.216,823.567,310.383,923.723,164,0,0
2025-06-15 08:15,1079.249,823.567,310.383,923.723,134,0,0
2025-06-15 08:30,1079.285,823.567,310.383,923.723,143,0,0
2025-06-15 08:45,1079.345,823.567,310.383,923.723,238,0,0
2025-06-15 09:00,1079.399,823.567,310.383,923.723,218,0,0
2025-06-15 09:15,1079.399,823.567,310.383,923.723,0,0,0
2025-06-15 09:30,1079.423,823.567,310.383,923.723,95,0,0
2025-06-15 09:45,1079.45,823.567,310.383,923.723,107,0,0
2025-06-15 10:00,1079.45,823.567,310.383,923.723,0,0,0
2025-06-15 10:15,1079.481,823.567,310.384,923.723,128,0,0
2025-06-15 10:30,1079.536,823.567,310.384,923.723,220,0,0
2025-06-15 10:45,1079.545,823.567,310.407,923.723,33,0,0
2025-06-15 11:00,1079.581,823.567,310.407,923.723,147,0,0
2025-06-15 11:15,1079.593,823.567,310.468,923.723,47,0,0
2025-06-15 11:30,1079.61,823.567,310.507,923.723,66,0,0
2025-06-15 11:45,1079.669,823.567,310.593,923.723,238,0,0
2025-06-15 12:00,1079.688,823.567,310.665,923.723,77,0,0
2025-06-15 12:15,1079.728,823.567,310.884,923.723,157,0,0
2025-06-15 12:30,1079.728,823.567,310.971,923.723,0,0,0
2025-06-15 12:45,1079.795,823.567,311.22,923.723,269,0,0
2025-06-15 13:00,1079.837,823.567,311.487,923.723,168,0,0
2025-06-15 13:15,1079.863,823.567,311.643,923.723,105,0,0
2025-06-15 13:30,1079.905,823.567,311.772,923.723,166,0,0
2025-06-15 13:45,1079.907,823.567,311.919,923.723,7,0,0
2025-06-15 14:00,1079.96,823.567,312.202,923.723,215,0,0
2025-06-15 14:15,1079.984,823.567,312.385,923.723,94,0,0
2025-06-15 14:30,1080.01,823.567,312.537,923.723,104,0,0
2025-06-15 14:45,1080.03,823.567,312.575,923.723,81,0,0
2025-06-15 15:00,1080.048,823.567,312.74,923.723,74,0,0
2025-06-15 15:15,1080.092,823.567,312.765,923.723,176,0,0
2025-06-15 15:30,1080.127,823.567,312.775,923.723,140,0,0
2025-06-15 15:45,1080.17,823.567,312.799,923.723,172,0,0
2025-06-15 16:00,1080.2,823.567,312.827,923.723,119,0,0
2025-06-15 16:15,1080.24,823.567,312.869,923.723,161,0,0
2025-06-15 16:30,1080.262,823.567,312.886,923.723,86,0,0
2025-06-15 16:45,1080.337,823.567,312.886,923.723,298,0,0
2025-06-15 17:00,1080.337,823.567,312.886,923.723,0,0,0
2025-06-15 17:15,1080.392,823.567,312.886,923.723,221,0,0
2025-06-15 17:30,1080.449,823.567,312.886,923.723,229,0,0
2025-06-15 17:45,1080.462,823.567,312.886,923.723,52,0,0
2025-06-15 18:00,1080.537,823.567,312.886,923.723,298,0,0
2025-06-15 18:15,1080.587,823.567,312.886,923.723,200,0,0
2025-06-15 18:30,1080.636,823.567,312.886,923.723,198,0,0
2025-06-15 18:45,1080.667,823.567,312.886,923.723,122,0,0
2025-06-15 19:00,1080.692,823.567,312.886,923.723,103,0,0
2025-06-15 19:15,1080.808,823.567,312.886,923.723,463,0,0
2025-06-15 19:30,1080.936,823.567,312.886,923.723,511,0,0
2025-06-15 19:45,1081.084,823.567,312.886,923.723,592,0,0
2025-06-15 20:00,1081.208,823.567,312.886,923.723,495,0,0
2025-06-15 20:15,1081.309,823.567,312.886,923.723,407,0,0
2025-06-15 20:30,1081.446,823.567,312.886,923.723,546,0,0
2025-06-15 20:45,1081.584,823.567,312.886,923.723,554,0,0
2025-06-15 21:00,1081.717,823.567,312.886,923.723,532,0,0
2025-06-15 21:15,1081.852,823.567,312.886,923.723,540,0,0
2025-06-15 21:30,1081.967,823.567,312.886,923.723,458,0,0
2025-06-15 21:45,1082.068,823.567,312.886,923.723,406,0,0
2025-06-15 22:00,1082.171,823.567,312.886,923.723,411,0,0
2025-06-15 22:15,1082.258,823.567,312.886,923.723,349,0,0
2025-06-15 22:30,1082.383,823.567,312.886,923.723,499,0,0
2025-06-15 22:45,1082.501,823.567,312.886,923.723,473,0,0
2025-06-15 23:00,1082.612,823.567,312.886,923.723,445,0,0
2025-06-15 23:15,1082.673,823.567,312.886,923.723,244,0,0
2025-06-15 23:30,1082.768,823.567,312.886,923.723,380,0,0
2025-06-15 23:45,1082.911,823.567,312.886,923.723,570,0,0
2025-06-16 00:00,1083.017,823.567,312.886,923.723,427,0,0
2025-06-16 00:15,1083.145,823.567,312.886,923.723,509,0,0
2025-06-16 00:30,1083.237,823.567,312.886,923.723,369,0,0
2025-06-16 00:45,1083.386,823.567,312.886,923.723,595,0,0
2025-06-16 01:00,1083.503,823.567,312.886,923.723,468,0,0
2025-06-16 01:15,1083.629,823.567,312.886,923.723,503,0,0
2025-06-16 01:30,1083.795,823.567,312.886,923.723,666,0,0
2025-06-16 01:45,1083.945,823.567,312.886,923.723,601,0,0
2025-06-16 02:00,1084.059,823.567,312.886,923.723,455,0,0
2025-06-16 02:15,1084.167,823.567,312.886,923.723,433,0,0
2025-06-16 02:30,1084.281,823.567,312.886,923.723,454,0,0
2025-06-16 02:45,1084.411,823.567,312.886,923.723,521,0,0
2025-06-16 03:00,1084.529,823.567,312.886,923.723,472,0,0
2025-06-16 03:15,1084.641,823.567,312.886,923.723,448,0,0
2025-06-16 03:30,1084.79,823.567,312.886,923.723,597,0,0
2025-06-16 03:45,1084.908,823.567,312.886,923.723,471,0,0
2025-06-16 04:00,1085.074,823.567,312.886,923.723,664,0,0
2025-06-16 04:15,1085.196,823.567,312.886,923.723,487,0,0
2025-06-16 04:30,1085.352,823.567,312.886,923.723,623,0,0
2025-06-16 04:45,1085.479,823.567,312.886,923.723,509,0,0
2025-06-16 05:00,1085.618,823.567,312.886,923.723,557,0,0
2025-06-16 05:15,1085.724,823.567,312.886,923.723,422,0,0
2025-06-16 05:30,1085.827,823.567,312.886,923.723,412,0,0
2025-06-16 05:45,1085.956,823.567,312.886,923.723,517,0,0
2025-06-16 06:00,1086.095,823.567,312.886,923.723,559,0,0
2025-06-16 06:15,1086.216,823.567,312.886,923.723,483,0,0
2025-06-16 06:30,1086.311,823.567,312.886,923.723,377,0,0
2025-06-16 06:45,1086.403,823.567,312.886,923.723,371,0,0
2025-06-16 07:00,1086.403,823.569,312.886,923.723,6,0,0
2025-06-16 07:15,1086.403,823.569,312.886,923.723,0,0,0
2025-06-16 07:30,1086.403,823.601,312.886,923.723,129,0,0
2025-06-16 07:45,1086.403,823.653,312.886,923.723,210,0,0
2025-06-16 08:00,1086.403,823.683,312.886,923.723,119,0,0
2025-06-16 08:15,1086.403,823.683,312.886,923.723,0,0,0
2025-06-16 08:30,1086.403,823.709,312.886,923.723,105,0,0
2025-06-16 08:45,1086.403,823.736,312.886,923.723,107,0,0
2025-06-16 09:00,1086.403,823.808,312.886,923.723,288,0,0
2025-06-16 09:15,1086.403,823.809,312.886,923.723,3,0,0
2025-06-16 09:30,1086.403,823.831,312.886,923.723,89,0,0
2025-06-16 09:45,1086.403,823.895,312.886,923.723,256,0,0
2025-06-16 10:00,1086.403,823.934,312.886,923.723,156,0,0
2025-06-16 10:15,1086.403,823.975,312.886,923.723,165,0,0
2025-06-16 10:30,1086.403,824.008,312.886,923.745,129,0,0
2025-06-16 10:45,1086.403,824.044,312.886,923.755,146,0,0
2025-06-16 11:00,1086.403,824.09,312.886,923.826,182,0,0
2025-06-16 11:15,1086.403,824.104,312.886,923.89,55,0,0
2025-06-16 11:30,1086.403,824.151,312.886,923.907,190,0,0
2025-06-16 11:45,1086.403,824.154,312.886,923.995,10,0,0
2025-06-16 12:00,1086.403,824.19,312.886,924.134,146,0,0
2025-06-16 12:15,1086.403,824.224,312.886,924.178,134,0,0
2025-06-16 12:30,1086.403,824.242,312.886,924.288,71,0,0
2025-06-16 12:45,1086.403,824.271,312.886,924.494,118,0,0
2025-06-16 13:00,1086.403,824.289,312.886,924.581,70,0,0
2025-06-16 13:15,1086.403,824.297,312.886,924.72,34,0,0
2025-06-16 13:30,1086.403,824.32,312.886,924.944,92,0,0
2025-06-16 13:45,1086.403,824.328,312.886,925.186,32,0,0
2025-06-16 14:00,1086.403,824.365,312.886,925.358,146,0,0
2025-06-16 14:15,1086.403,824.372,312.886,925.617,28,0,0
2025-06-16 14:30,1086.403,824.416,312.886,925.848,177,0,0
2025-06-16 14:45,1086.403,824.422,312.886,925.968,25,0,0
2025-06-16 15:00,1086.403,824.441,312.886,926.017,75,0,0
2025-06-16 15:15,1086.403,824.458,312.886,926.144,70,0,0
2025-06-16 15:30,1086.403,824.515,312.886,926.179,226,0,0
2025-06-16 15:45,1086.403,824.551,312.886,926.263,146,0,0
2025-06-16 16:00,1086.403,824.577,312.886,926.3,103,0,0
2025-06-16 16:15,1086.403,824.617,312.886,926.308,160,0,0
2025-06-16 16:30,1086.403,824.617,312.886,926.311,0,0,0
2025-06-16 16:45,1086.403,824.646,312.886,926.311,117,0,0
2025-06-16 17:00,1086.403,824.716,312.886,926.311,280,0,0
2025-06-16 17:15,1086.403,824.749,312.886,926.311,131,0,0
2025-06-16 17:30,1086.403,824.78,312.886,926.311,125,0,0
2025-06-16 17:45,1086.403,824.821,312.886,926.311,164,0,0
2025-06-16 18:00,1086.403,824.869,312.886,926.311,192,0,0
2025-06-16 18:15,1086.403,824.869,312.886,926.311,0,0,0
2025-06-16 18:30,1086.403,824.869,312.886,926.311,0,0,0
2025-06-16 18:45,1086.403,824.903,312.886,926.311,137,0,0
2025-06-16 19:00,1086.403,824.919,312.886,926.311,63,0,0
2025-06-16 19:15,1086.403,825.065,312.886,926.311,585,0,0
2025-06-16 19:30,1086.403,825.179,312.886,926.311,455,0,0
2025-06-16 19:45,1086.403,825.26,312.886,926.311,325,0,0
2025-06-16 20:00,1086.403,825.355,312.886,926.311,379,0,0
2025-06-16 20:15,1086.403,825.42,312.886,926.311,260,0,0
2025-06-16 20:30,1086.403,825.535,312.886,926.311,461,0,0
2025-06-16 20:45,1086.403,825.652,312.886,926.311,465,0,0
2025-06-16 21:00,1086.515,825.652,312.886,926.311,446,0,0
2025-06-16 21:15,1086.656,825.652,312.886,926.311,566,0,0
2025-06-16 21:30,1086.8,825.652,312.886,926.311,576,0,0
2025-06-16 21:45,1086.917,825.652,312.886,926.311,466,0,0
2025-06-16 22:00,1086.994,825.652,312.886,926.311,309,0,0
2025-06-16 22:15,1087.127,825.652,312.886,926.311,529,0,0
2025-06-16 22:30,1087.258,825.652,312.886,926.311,524,0,0
2025-06-16 22:45,1087.384,825.652,312.886,926.311,505,0,0
2025-06-16 23:00,1087.524,825.652,312.886,926.311,559,0,0
2025-06-16 23:15,1087.62,825.652,312.886,926.311,387,0,0
2025-06-16 23:30,1087.78,825.652,312.886,926.311,641,0,0
2025-06-16 23:45,1087.881,825.652,312.886,926.311,403,0,0
2025-06-17 00:00,1088.016,825.652,312.886,926.311,540,0,0
2025-06-17 00:15,1088.103,825.652,312.886,926.311,345,0,0
2025-06-17 00:30,1088.204,825.652,312.886,926.311,406,0,0
2025-06-17 00:45,1088.354,825.652,312.886,926.311,601,0,0
2025-06-17 01:00,1088.469,825.652,312.886,926.311,459,0,0
2025-06-17 01:15,1088.606,825.652,312.886,926.311,547,0,0
2025-06-17 01:30,1088.731,825.652,312.886,926.311,499,0,0
2025-06-17 01:45,1088.848,825.652,312.886,926.311,472,0,0
2025-06-17 02:00,1088.996,825.652,312.886,926.311,589,0,0
2025-06-17 02:15,1089.111,825.652,312.886,926.311,461,0,0
2025-06-17 02:30,1089.195,825.652,312.886,926.311,338,0,0
2025-06-17 02:45,1089.299,825.652,312.886,926.311,416,0,0
2025-06-17 03:00,1089.43,825.652,312.886,926.311,524,0,0
2025-06-17 03:15,1089.558,825.652,312.886,926.311,512,0,0
2025-06-17 03:30,1089.647,825.652,312.886,926.311,355,0,0
2025-06-17 03:45,1089.752,825.652,312.886,926.311,422,0,0
2025-06-17 04:00,1089.861,825.652,312.886,926.311,433,0,0
2025-06-17 04:15,1089.973,825.652,312.886,926.311,451,0,0
2025-06-17 04:30,1090.066,825.652,312.886,926.311,370,0,0
2025-06-17 04:45,1090.173,825.652,312.886,926.311,430,0,0
2025-06-17 05:00,1090.279,825.652,312.886,926.311,422,0,0
2025-06-17 05:15,1090.414,825.652,312.886,926.311,542,0,0
2025-06-17 05:30,1090.55,825.652,312.886,926.311,545,0,0
2025-06-17 05:45,1090.668,825.652,312.886,926.311,468,0,0
2025-06-17 06:00,1090.78,825.652,312.886,926.311,449,0,0
2025-06-17 06:15,1090.902,825.652,312.886,926.311,491,0,0
2025-06-17 06:30,1091.006,825.652,312.886,926.311,415,0,0
2025-06-17 06:45,1091.103,825.652,312.886,926.311,388,0,0
2025-06-17 07:00,1091.103,825.663,312.886,926.311,45,0,0
2025-06-17 07:15,1091.103,825.68,312.886,926.311,69,0,0
2025-06-17 07:30,1091.103,825.687,312.886,926.311,27,0,0
2025-06-17 07:45,1091.103,825.72,312.886,926.311,133,0,0
2025-06-17 08:00,1091.103,825.765,312.886,926.311,178,0,0
2025-06-17 08:15,1091.103,825.765,312.886,926.311,0,0,0
2025-06-17 08:30,1091.103,825.795,312.886,926.311,122,0,0
2025-06-17 08:45,1091.103,825.821,312.886,926.311,102,0,0
2025-06-17 09:00,1091.103,825.858,312.886,926.311,147,0,0
2025-06-17 09:15,1091.103,825.887,312.886,926.311,119,0,0
2025-06-17 09:30,1091.103,825.888,312.886,926.311,4,0,0
2025-06-17 09:45,1091.103,825.893,312.886,926.311,19,0,0
2025-06-17 10:00,1091.103,825.924,312.886,926.311,122,0,0
2025-06-17 10:15,1091.103,825.974,312.886,926.312,202,0,0
2025-06-17 10:30,1091.103,825.974,312.886,926.312,0,0,0
2025-06-17 10:45,1091.103,826.011,312.886,926.323,148,0,0
2025-06-17 11:00,1091.103,826.065,312.886,926.388,215,0,0
2025-06-17 11:15,1091.103,826.092,312.886,926.444,108,0,0
2025-06-17 11:30,1091.103,826.133,312.886,926.511,164,0,0
2025-06-17 11:45,1091.103,826.149,312.886,926.624,64,0,0
2025-06-17 12:00,1091.103,826.176,312.886,926.686,110,0,0
2025-06-17 12:15,1091.103,826.176,312.886,926.729,0,0,0
2025-06-17 12:30,1091.103,826.176,312.886,926.945,0,0,0
2025-06-17 12:45,1091.103,826.225,312.886,927.126,195,0,0
2025-06-17 13:00,1091.103,826.235,312.886,927.216,41,0,0
2025-06-17 13:15,1091.103,826.256,312.886,927.342,84,0,0
2025-06-17 13:30,1091.103,826.259,312.886,927.64,9,0,0
2025-06-17 13:45,1091.103,826.26,312.886,927.847,7,0,0
2025-06-17 14:00,1091.103,826.287,312.886,928.048,106,0,0
2025-06-17 14:15,1091.103,826.302,312.886,928.109,62,0,0
2025-06-17 14:30,1091.103,826.34,312.886,928.349,150,0,0
2025-06-17 14:45,1091.103,826.379,312.886,928.549,156,0,0
2025-06-17 15:00,1091.103,826.415,312.886,928.663,146,0,0
2025-06-17 15:15,1091.103,826.45,312.886,928.722,139,0,0
2025-06-17 15:30,1091.103,826.512,312.886,928.813,246,0,0
2025-06-17 15:45,1091.103,826.52,312.886,928.896,35,0,0
2025-06-17 16:00,1091.103,826.549,312.886,928.951,116,0,0
2025-06-17 16:15,1091.103,826.602,312.886,928.999,211,0,0
2025-06-17 16:30,1091.103,826.657,312.886,929.007,221,0,0
2025-06-17 16:45,1091.103,826.659,312.886,929.007,6,0,0
2025-06-17 17:00,1091.103,826.683,312.886,929.007,95,0,0
2025-06-17 17:15,1091.103,826.74,312.886,929.007,229,0,0
2025-06-17 17:30,1091.103,826.78,312.886,929.007,161,0,0
2025-06-17 17:45,1091.103,826.814,312.886,929.007,136,0,0
2025-06-17 18:00,1091.103,826.839,312.886,929.007,103,0,0
2025-06-17 18:15,1091.103,826.862,312.886,929.007,89,0,0
2025-06-17 18:30,1091.103,826.897,312.886,929.007,143,0,0
2025-06-17 18:45,1091.103,826.922,312.886,929.007,100,0,0
2025-06-17 19:00,1091.103,826.952,312.886,929.007,117,0,0
2025-06-17 19:15,1091.103,827.073,312.886,929.007,486,0,0
2025-06-17 19:30,1091.103,827.18,312.886,929.007,426,0,0
2025-06-17 19:45,1091.103,827.31,312.886,929.007,523,0,0
2025-06-17 20:00,1091.103,827.489,312.886,929.007,713,0,0
2025-06-17 20:15,1091.103,827.573,312.886,929.007,338,0,0
2025-06-17 20:30,1091.103,827.699,312.886,929.007,506,0,0
2025-06-17 20:45,1091.103,827.804,312.886,929.007,419,0,0
2025-06-17 21:00,1091.235,827.804,312.886,929.007,526,0,0
2025-06-17 21:15,1091.356,827.804,312.886,929.007,484,0,0
2025-06-17 21:30,1091.491,827.804,312.886,929.007,541,0,0
2025-06-17 21:45,1091.634,827.804,312.886,929.007,574,0,0
2025-06-17 22:00,1091.758,827.804,312.886,929.007,495,0,0
2025-06-17 22:15,1091.901,827.804,312.886,929.007,571,0,0
2025-06-17 22:30,1091.974,827.804,312.886,929.007,292,0,0
2025-06-17 22:45,1092.126,827.804,312.886,929.007,607,0,0
2025-06-17 23:00,1092.253,827.804,312.886,929.007,510,0,0
2025-06-17 23:15,1092.395,827.804,312.886,929.007,566,0,0
2025-06-17 23:30,1092.491,827.804,312.886,929.007,382,0,0
2025-06-17 23:45,1092.594,827.804,312.886,929.007,414,0,0
2025-06-18 00:00,1092.717,827.804,312.886,929.007,492,0,0
2025-06-18 00:15,1092.836,827.804,312.886,929.007,479,0,0
2025-06-18 00:30,1092.962,827.804,312.886,929.007,503,0,0
2025-06-18 00:45,1093.104,827.804,312.886,929.007,567,0,0
2025-06-18 01:00,1093.189,827.804,312.886,929.007,339,0,0
2025-06-18 01:15,1093.328,827.804,312.886,929.007,558,0,0
2025-06-18 01:30,1093.448,827.804,312.886,929.007,481,0,0
2025-06-18 01:45,1093.564,827.804,312.886,929.007,464,0,0
2025-06-18 02:00,1093.655,827.804,312.886,929.007,362,0,0
2025-06-18 02:15,1093.785,827.804,312.886,929.007,520,0,0
2025-06-18 02:30,1093.856,827.804,312.886,929.007,287,0,0
2025-06-18 02:45,1093.989,827.804,312.886,929.007,532,0,0
2025-06-18 03:00,1094.08,827.804,312.886,929.007,361,0,0
2025-06-18 03:15,1094.201,827.804,312.886,929.007,484,0,0
2025-06-18 03:30,1094.318,827.804,312.886,929.007,470,0,0
2025-06-18 03:45,1094.462,827.804,312.886,929.007,574,0,0
2025-06-18 04:00,1094.578,827.804,312.886,929.007,466,0,0
2025-06-18 04:15,1094.684,827.804,312.886,929.007,424,0,0
2025-06-18 04:30,1094.794,827.804,312.886,929.007,439,0,0
2025-06-18 04:45,1094.94,827.804,312.886,929.007,582,0,0
2025-06-18 05:00,1095.07,827.804,312.886,929.007,523,0,0
2025-06-18 05:15,1095.183,827.804,312.886,929.007,449,0,0
2025-06-18 05:30,1095.298,827.804,312.886,929.007,461,0,0
2025-06-18 05:45,1095.386,827.804,312.886,929.007,355,0,0
2025-06-18 06:00,1095.514,827.804,312.886,929.007,511,0,0
2025-06-18 06:15,1095.599,827.804,312.886,929.007,339,0,0
2025-06-18 06:30,1095.734,827.804,312.886,929.007,540,0,0
2025-06-18 06:45,1095.857,827.804,312.886,929.007,490,0,0
2025-06-18 07:00,1095.857,827.882,312.886,929.007,311,0,0
2025-06-18 07:15,1095.857,827.89,312.886,929.007,32,0,0
2025-06-18 07:30,1095.857,827.918,312.886,929.007,112,0,0
2025-06-18 07:45,1095.857,827.984,312.886,929.007,264,0,0
2025-06-18 08:00,1095.857,828.038,312.886,929.007,215,0,0
2025-06-18 08:15,1095.857,828.054,312.886,929.007,64,0,0
2025-06-18 08:30,1095.857,828.088,312.886,929.007,138,0,0
2025-06-18 08:45,1095.857,828.118,312.886,929.007,120,0,0
2025-06-18 09:00,1095.857,828.154,312.886,929.007,143,0,0
2025-06-18 09:15,1095.857,828.17,312.886,929.007,64,0,0
2025-06-18 09:30,1095.857,828.198,312.886,929.007,113,0,0
2025-06-18 09:45,1095.857,828.198,312.886,929.007,0,0,0
2025-06-18 10:00,1095.857,828.231,312.886,929.007,131,0,0
2025-06-18 10:15,1095.857,828.27,312.886,929.007,156,0,0
2025-06-18 10:30,1095.857,828.295,312.886,929.008,102,0,0
2025-06-18 10:45,1095.857,828.295,312.886,929.041,0,0,0
2025-06-18 11:00,1095.857,828.345,312.886,929.041,199,0,0
2025-06-18 11:15,1095.857,828.382,312.886,929.096,149,0,0
2025-06-18 11:30,1095.857,828.398,312.886,929.122,62,0,0
2025-06-18 11:45,1095.857,828.422,312.886,929.176,98,0,0
2025-06-18 12:00,1095.857,828.422,312.886,929.204,0,0,0
2025-06-18 12:15,1095.857,828.432,312.886,929.267,38,0,0
2025-06-18 12:30,1095.857,828.451,312.886,929.51,77,0,0
2025-06-18 12:45,1095.857,828.506,312.886,929.778,218,0,0
2025-06-18 13:00,1095.857,828.523,312.886,929.998,69,0,0
2025-06-18 13:15,1095.857,828.566,312.886,930.201,171,0,0
2025-06-18 13:30,1095.857,828.585,312.886,930.446,77,0,0
2025-06-18 13:45,1095.857,828.62,312.886,930.717,140,0,0
2025-06-18 14:00,1095.857,828.647,312.886,930.89,109,0,0
2025-06-18 14:15,1095.857,828.694,312.886,930.944,190,0,0
2025-06-18 14:30,1095.857,828.714,312.886,931.13,77,0,0
2025-06-18 14:45,1095.857,828.714,312.886,931.346,0,0,0
2025-06-18 15:00,1095.857,828.716,312.886,931.412,9,0,0
2025-06-18 15:15,1095.857,828.735,312.886,931.493,77,0,0
2025-06-18 15:30,1095.857,828.74,312.886,931.543,20,0,0
2025-06-18 15:45,1095.857,828.779,312.886,931.579,153,0,0
2025-06-18 16:00,1095.857,828.799,312.886,931.628,83,0,0
2025-06-18 16:15,1095.857,828.877,312.886,931.634,310,0,0
2025-06-18 16:30,1095.857,828.877,312.886,931.659,0,0,0
2025-06-18 16:45,1095.857,828.911,312.886,931.661,136,0,0
2025-06-18 17:00,1095.857,828.918,312.886,931.661,30,0,0
2025-06-18 17:15,1095.857,828.939,312.886,931.661,81,0,0
2025-06-18 17:30,1095.857,828.971,312.886,931.661,131,0,0
2025-06-18 17:45,1095.857,828.971,312.886,931.661,0,0,0
2025-06-18 18:00,1095.857,829.006,312.886,931.661,139,0,0
2025-06-18 18:15,1095.857,829.074,312.886,931.661,272,0,0
2025-06-18 18:30,1095.857,829.095,312.886,931.661,84,0,0
2025-06-18 18:45,1095.857,829.13,312.886,931.661,141,0,0
2025-06-18 19:00,1095.857,829.181,312.886,931.661,202,0,0
2025-06-18 19:15,1095.857,829.297,312.886,931.661,467,0,0
2025-06-18 19:30,1095.857,829.406,312.886,931.661,434,0,0
2025-06-18 19:45,1095.857,829.48,312.886,931.661,298,0,0
2025-06-18 20:00,1095.857,829.613,312.886,931.661,531,0,0
2025-06-18 20:15,1095.857,829.731,312.886,931.661,471,0,0
2025-06-18 20:30,1095.857,829.831,312.886,931.661,399,0,0
2025-06-18 20:45,1095.857,829.953,312.886,931.661,490,0,0
2025-06-18 21:00,1095.965,829.953,312.886,931.661,433,0,0
2025-06-18 21:15,1096.074,829.953,312.886,931.661,438,0,0
2025-06-18 21:30,1096.207,829.953,312.886,931.661,529,0,0
2025-06-18 21:45,1096.3,829.953,312.886,931.661,373,0,0
2025-06-18 22:00,1096.441,829.953,312.886,931.661,564,0,0
2025-06-18 22:15,1096.533,829.953,312.886,931.661,368,0,0
2025-06-18 22:30,1096.639,829.953,312.886,931.661,427,0,0
2025-06-18 22:45,1096.798,829.953,312.886,931.661,634,0,0
2025-06-18 23:00,1096.94,829.953,312.886,931.661,570,0,0
2025-06-18 23:15,1097.062,829.953,312.886,931.661,488,0,0
2025-06-18 23:30,1097.164,829.953,312.886,931.661,405,0,0
2025-06-18 23:45,1097.273,829.953,312.886,931.661,438,0,0
2025-06-19 00:00,1097.395,829.953,312.886,931.661,486,0,0
2025-06-19 00:15,1097.515,829.953,312.886,931.661,483,0,0
2025-06-19 00:30,1097.633,829.953,312.886,931.661,473,0,0
2025-06-19 00:45,1097.753,829.953,312.886,931.661,478,0,0
2025-06-19 01:00,1097.869,829.953,312.886,931.661,463,0,0
2025-06-19 01:15,1097.96,829.953,312.886,931.661,365,0,0
2025-06-19 01:30,1098.069,829.953,312.886,931.661,439,0,0
2025-06-19 01:45,1098.208,829.953,312.886,931.661,553,0,0
2025-06-19 02:00,1098.3,829.953,312.886,931.661,371,0,0
2025-06-19 02:15,1098.417,829.953,312.886,931.661,465,0,0
2025-06-19 02:30,1098.52,829.953,312.886,931.661,414,0,0
2025-06-19 02:45,1098.642,829.953,312.886,931.661,489,0,0
2025-06-19 03:00,1098.755,829.953,312.886,931.661,449,0,0
2025-06-19 03:15,1098.904,829.953,312.886,931.661,598,0,0
2025-06-19 03:30,1099.034,829.953,312.886,931.661,521,0,0
2025-06-19 03:45,1099.128,829.953,312.886,931.661,375,0,0
2025-06-19 04:00,1099.261,829.953,312.886,931.661,534,0,0
2025-06-19 04:15,1099.366,829.953,312.886,931.661,418,0,0
2025-06-19 04:30,1099.474,829.953,312.886,931.661,434,0,0
2025-06-19 04:45,1099.601,829.953,312.886,931.661,505,0,0
2025-06-19 05:00,1099.711,829.953,312.886,931.661,441,0,0
2025-06-19 05:15,1099.849,829.953,312.886,931.661,551,0,0
2025-06-19 05:30,1099.953,829.953,312.886,931.661,418,0,0
2025-06-19 05:45,1100.061,829.953,312.886,931.661,430,0,0
2025-06-19 06:00,1100.168,829.953,312.886,931.661,427,0,0
2025-06-19 06:15,1100.276,829.953,312.886,931.661,435,0,0
2025-06-19 06:30,1100.418,829.953,312.886,931.661,568,0,0
2025-06-19 06:45,1100.551,829.953,312.886,931.661,530,0,0
2025-06-19 07:00,1100.551,830.017,312.886,931.661,257,0,0
2025-06-19 07:15,1100.551,830.093,312.886,931.661,301,0,0
2025-06-19 07:30,1100.551,830.102,312.886,931.661,38,0,0
2025-06-19 07:45,1100.551,830.134,312.886,931.661,126,0,0
2025-06-19 08:00,1100.551,830.14,312.886,931.661,26,0,0
2025-06-19 08:15,1100.551,830.154,312.886,931.661,58,0,0
2025-06-19 08:30,1100.551,830.172,312.886,931.661,70,0,0
2025-06-19 08:45,1100.551,830.181,312.886,931.661,35,0,0
2025-06-19 09:00,1100.551,830.19,312.886,931.661,36,0,0
2025-06-19 09:15,1100.551,830.217,312.886,931.661,108,0,0
2025-06-19 09:30,1100.551,830.222,312.886,931.661,23,0,0
2025-06-19 09:45,1100.551,830.269,312.886,931.661,187,0,0
2025-06-19 10:00,1100.551,830.281,312.886,931.661,47,0,0
2025-06-19 10:15,1100.551,830.367,312.886,931.661,345,0,0
2025-06-19 10:30,1100.551,830.388,312.886,931.661,84,0,0
2025-06-19 10:45,1100.551,830.42,312.886,931.689,126,0,0
2025-06-19 11:00,1100.551,830.424,312.886,931.689,16,0,0
2025-06-19 11:15,1100.551,830.488,312.886,931.692,256,0,0
2025-06-19 11:30,1100.551,830.54,312.886,931.789,210,0,0
2025-06-19 11:45,1100.551,830.576,312.886,931.909,144,0,0
2025-06-19 12:00,1100.551,830.579,312.886,931.976,12,0,0
2025-06-19 12:15,1100.551,830.613,312.886,932.074,137,0,0
2025-06-19 12:30,1100.551,830.621,312.886,932.311,30,0,0
2025-06-19 12:45,1100.551,830.68,312.886,932.38,237,0,0
2025-06-19 13:00,1100.551,830.726,312.886,932.474,185,0,0
2025-06-19 13:15,1100.551,830.758,312.886,932.632,128,0,0
2025-06-19 13:30,1100.551,830.758,312.886,932.756,0,0,0
2025-06-19 13:45,1100.551,830.769,312.886,932.968,41,0,0
2025-06-19 14:00,1100.551,830.812,312.886,933.181,175,0,0
2025-06-19 14:15,1100.551,830.867,312.886,933.344,217,0,0
2025-06-19 14:30,1100.551,830.919,312.886,933.509,209,0,0
2025-06-19 14:45,1100.551,830.919,312.886,933.622,0,0,0
2025-06-19 15:00,1100.551,830.955,312.886,933.772,144,0,0
2025-06-19 15:15,1100.551,831.005,312.886,933.791,201,0,0
2025-06-19 15:30,1100.551,831.005,312.886,933.835,0,0,0
2025-06-19 15:45,1100.551,831.035,312.886,933.902,119,0,0
2025-06-19 16:00,1100.551,831.07,312.886,933.918,142,0,0
2025-06-19 16:15,1100.551,831.094,312.886,933.918,96,0,0
2025-06-19 16:30,1100.551,831.094,312.886,933.918,0,0,0
2025-06-19 16:45,1100.551,831.118,312.886,933.918,94,0,0
2025-06-19 17:00,1100.551,831.141,312.886,933.918,94,0,0
2025-06-19 17:15,1100.551,831.168,312.886,933.918,108,0,0
2025-06-19 17:30,1100.551,831.187,312.886,933.918,75,0,0
2025-06-19 17:45,1100.551,831.208,312.886,933.918,85,0,0
2025-06-19 18:00,1100.551,831.238,312.886,933.918,117,0,0
2025-06-19 18:15,1100.551,831.276,312.886,933.918,155,0,0
2025-06-19 18:30,1100.551,831.3,312.886,933.918,96,0,0
2025-06-19 18:45,1100.551,831.322,312.886,933.918,87,0,0
2025-06-19 19:00,1100.551,831.354,312.886,933.918,127,0,0
2025-06-19 19:15,1100.551,831.435,312.886,933.918,326,0,0
2025-06-19 19:30,1100.551,831.565,312.886,933.918,518,0,0
2025-06-19 19:45,1100.551,831.685,312.886,933.918,480,0,0
2025-06-19 20:00,1100.551,831.806,312.886,933.918,483,0,0
2025-06-19 20:15,1100.551,831.945,312.886,933.918,557,0,0
2025-06-19 20:30,1100.551,832.026,312.886,933.918,324,0,0
2025-06-19 20:45,1100.551,832.107,312.886,933.918,322,0,0
2025-06-19 21:00,1100.676,832.107,312.886,933.918,502,0,0
2025-06-19 21:15,1100.796,832.107,312.886,933.918,479,0,0
2025-06-19 21:30,1100.92,832.107,312.886,933.918,494,0,0
2025-06-19 21:45,1101.03,832.107,312.886,933.918,443,0,0
2025-06-19 22:00,1101.164,832.107,312.886,933.918,533,0,0
2025-06-19 22:15,1101.302,832.107,312.886,933.918,555,0,0
2025-06-19 22:30,1101.432,832.107,312.886,933.918,519,0,0
2025-06-19 22:45,1101.547,832.107,312.886,933.918,459,0,0
2025-06-19 23:00,1101.625,832.107,312.886,933.918,311,0,0
2025-06-19 23:15,1101.76,832.107,312.886,933.918,542,0,0
2025-06-19 23:30,1101.905,832.107,312.886,933.918,578,0,0
2025-06-19 23:45,1102.037,832.107,312.886,933.918,532,0,0
2025-06-20 00:00,1102.14,832.107,312.886,933.918,410,0,0
2025-06-20 00:15,1102.273,832.107,312.886,933.918,534,0,0
2025-06-20 00:30,1102.411,832.107,312.886,933.918,549,0,0
2025-06-20 00:45,1102.562,832.107,312.886,933.918,605,0,0
2025-06-20 01:00,1102.664,832.107,312.886,933.918,410,0,0
2025-06-20 01:15,1102.78,832.107,312.886,933.918,462,0,0
2025-06-20 01:30,1102.915,832.107,312.886,933.918,540,0,0
2025-06-20 01:45,1103.036,832.107,312.886,933.918,485,0,0
2025-06-20 02:00,1103.133,832.107,312.886,933.918,391,0,0
2025-06-20 02:15,1103.262,832.107,312.886,933.918,513,0,0
2025-06-20 02:30,1103.393,832.107,312.886,933.918,526,0,0
2025-06-20 02:45,1103.515,832.107,312.886,933.918,487,0,0
2025-06-20 03:00,1103.639,832.107,312.886,933.918,498,0,0
2025-06-20 03:15,1103.754,832.107,312.886,933.918,459,0,0
2025-06-20 03:30,1103.904,832.107,312.886,933.918,598,0,0
2025-06-20 03:45,1104.006,832.107,312.886,933.918,408,0,0
2025-06-20 04:00,1104.114,832.107,312.886,933.918,433,0,0
2025-06-20 04:15,1104.234,832.107,312.886,933.918,481,0,0
2025-06-20 04:30,1104.372,832.107,312.886,933.918,550,0,0
2025-06-20 04:45,1104.462,832.107,312.886,933.918,360,0,0
2025-06-20 05:00,1104.556,832.107,312.886,933.918,375,0,0
2025-06-20 05:15,1104.635,832.107,312.886,933.918,317,0,0
2025-06-20 05:30,1104.756,832.107,312.886,933.918,483,0,0
2025-06-20 05:45,1104.853,832.107,312.886,933.918,391,0,0
2025-06-20 06:00,1104.966,832.107,312.886,933.918,449,0,0
2025-06-20 06:15,1105.099,832.107,312.886,933.918,533,0,0
2025-06-20 06:30,1105.206,832.107,312.886,933.918,429,0,0
2025-06-20 06:45,1105.331,832.107,312.886,933.918,499,0,0
2025-06-20 07:00,1105.331,832.131,312.886,933.918,96,0,0
2025-06-20 07:15,1105.331,832.174,312.886,933.918,174,0,0
2025-06-20 07:30,1105.331,832.213,312.886,933.918,158,0,0
2025-06-20 07:45,1105.331,832.23,312.886,933.918,65,0,0
2025-06-20 08:00,1105.331,832.256,312.886,933.918,107,0,0
2025-06-20 08:15,1105.331,832.307,312.886,933.918,203,0,0
2025-06-20 08:30,1105.331,832.345,312.886,933.918,151,0,0
2025-06-20 08:45,1105.331,832.347,312.886,933.918,8,0,0
2025-06-20 09:00,1105.331,832.39,312.886,933.918,172,0,0
2025-06-20 09:15,1105.331,832.398,312.886,933.918,33,0,0
2025-06-20 09:30,1105.331,832.457,312.886,933.918,233,0,0
2025-06-20 09:45,1105.331,832.507,312.886,933.918,202,0,0
2025-06-20 10:00,1105.331,832.543,312.886,933.918,143,0,0
2025-06-20 10:15,1105.331,832.576,312.886,933.918,133,0,0
2025-06-20 10:30,1105.331,832.602,312.886,933.935,103,0,0
2025-06-20 10:45,1105.331,832.646,312.886,933.98,174,0,0
2025-06-20 11:00,1105.331,832.668,312.886,934.028,90,0,0
2025-06-20 11:15,1105.331,832.703,312.886,934.086,139,0,0
2025-06-20 11:30,1105.331,832.75,312.886,934.173,190,0,0
2025-06-20 11:45,1105.331,832.769,312.886,934.281,75,0,0
2025-06-20 12:00,1105.331,832.787,312.886,934.461,71,0,0
2025-06-20 12:15,1105.331,832.793,312.886,934.674,24,0,0
2025-06-20 12:30,1105.331,832.802,312.886,934.801,35,0,0
2025-06-20 12:45,1105.331,832.802,312.886,934.984,0,0,0
2025-06-20 13:00,1105.331,832.846,312.886,935.224,178,0,0
2025-06-20 13:15,1105.331,832.912,312.886,935.278,265,0,0
2025-06-20 13:30,1105.331,832.971,312.886,935.462,234,0,0
2025-06-20 13:45,1105.331,832.971,312.886,935.674,0,0,0
2025-06-20 14:00,1105.331,833.015,312.886,935.893,178,0,0
2025-06-20 14:15,1105.331,833.074,312.886,936.021,234,0,0
2025-06-20 14:30,1105.331,833.095,312.886,936.121,83,0,0
2025-06-20 14:45,1105.331,833.127,312.886,936.187,128,0,0
2025-06-20 15:00,1105.331,833.127,312.886,936.303,0,0,0
2025-06-20 15:15,1105.331,833.162,312.886,936.451,141,0,0
2025-06-20 15:30,1105.331,833.171,312.886,936.568,35,0,0
2025-06-20 15:45,1105.331,833.205,312.886,936.601,136,0,0
2025-06-20 16:00,1105.331,833.205,312.886,936.61,0,0,0
2025-06-20 16:15,1105.331,833.246,312.886,936.645,163,0,0
2025-06-20 16:30,1105.331,833.296,312.886,936.658,202,0,0
2025-06-20 16:45,1105.331,833.31,312.886,936.658,57,0,0
2025-06-20 17:00,1105.331,833.318,312.886,936.658,29,0,0
2025-06-20 17:15,1105.331,833.318,312.886,936.658,0,0,0
2025-06-20 17:30,1105.331,833.342,312.886,936.658,99,0,0
2025-06-20 17:45,1105.331,833.361,312.886,936.658,73,0,0
2025-06-20 18:00,1105.331,833.361,312.886,936.658,0,0,0
2025-06-20 18:15,1105.331,833.4,312.886,936.658,156,0,0
2025-06-20 18:30,1105.331,833.421,312.886,936.658,84,0,0
2025-06-20 18:45,1105.331,833.429,312.886,936.658,34,0,0
2025-06-20 19:00,1105.331,833.448,312.886,936.658,76,0,0
2025-06-20 19:15,1105.331,833.59,312.886,936.658,566,0,0
2025-06-20 19:30,1105.331,833.722,312.886,936.658,528,0,0
2025-06-20 19:45,1105.331,833.839,312.886,936.658,470,0,0
2025-06-20 20:00,1105.331,833.971,312.886,936.658,530,0,0
2025-06-20 20:15,1105.331,834.068,312.886,936.658,387,0,0
2025-06-20 20:30,1105.331,834.189,312.886,936.658,483,0,0
2025-06-20 20:45,1105.331,834.312,312.886,936.658,492,0,0
2025-06-20 21:00,1105.441,834.312,312.886,936.658,442,0,0
2025-06-20 21:15,1105.57,834.312,312.886,936.658,515,0,0
2025-06-20 21:30,1105.674,834.312,312.886,936.658,418,0,0
2025-06-20 21:45,1105.804,834.312,312.886,936.658,521,0,0
2025-06-20 22:00,1105.935,834.312,312.886,936.658,524,0,0
2025-06-20 22:15,1105.997,834.312,312.886,936.658,247,0,0
2025-06-20 22:30,1106.141,834.312,312.886,936.658,575,0,0
2025-06-20 22:45,1106.2,834.312,312.886,936.658,236,0,0
2025-06-20 23:00,1106.308,834.312,312.886,936.658,431,0,0
2025-06-20 23:15,1106.448,834.312,312.886,936.658,562,0,0
2025-06-20 23:30,1106.562,834.312,312.886,936.658,455,0,0
2025-06-20 23:45,1106.652,834.312,312.886,936.658,363,0,0
2025-06-21 00:00,1106.751,834.312,312.886,936.658,393,0,0
2025-06-21 00:15,1106.891,834.312,312.886,936.658,562,0,0
2025-06-21 00:30,1106.973,834.312,312.886,936.658,326,0,0
2025-06-21 00:45,1107.115,834.312,312.886,936.658,570,0,0
2025-06-21 01:00,1107.234,834.312,312.886,936.658,476,0,0
2025-06-21 01:15,1107.33,834.312,312.886,936.658,385,0,0
2025-06-21 01:30,1107.439,834.312,312.886,936.658,433,0,0
2025-06-21 01:45,1107.538,834.312,312.886,936.658,399,0,0
2025-06-21 02:00,1107.676,834.312,312.886,936.658,549,0,0
2025-06-21 02:15,1107.81,834.312,312.886,936.658,539,0,0
2025-06-21 02:30,1107.896,834.312,312.886,936.658,342,0,0
2025-06-21 02:45,1108.008,834.312,312.886,936.658,448,0,0
2025-06-21 03:00,1108.111,834.312,312.886,936.658,411,0,0
2025-06-21 03:15,1108.256,834.312,312.886,936.658,583,0,0
2025-06-21 03:30,1108.349,834.312,312.886,936.658,372,0,0
2025-06-21 03:45,1108.502,834.312,312.886,936.658,608,0,0
2025-06-21 04:00,1108.621,834.312,312.886,936.658,477,0,0
2025-06-21 04:15,1108.718,834.312,312.886,936.658,387,0,0
2025-06-21 04:30,1108.824,834.312,312.886,936.658,426,0,0
2025-06-21 04:45,1108.928,834.312,312.886,936.658,416,0,0
2025-06-21 05:00,1109.023,834.312,312.886,936.658,378,0,0
2025-06-21 05:15,1109.144,834.312,312.886,936.658,488,0,0
2025-06-21 05:30,1109.24,834.312,312.886,936.658,382,0,0
2025-06-21 05:45,1109.316,834.312,312.886,936.658,306,0,0
2025-06-21 06:00,1109.429,834.312,312.886,936.658,450,0,0
2025-06-21 06:15,1109.513,834.312,312.886,936.658,336,0,0
2025-06-21 06:30,1109.618,834.312,312.886,936.658,420,0,0
2025-06-21 06:45,1109.719,834.312,312.886,936.658,407,0,0
2025-06-21 07:00,1109.732,834.312,312.886,936.658,50,0,0
2025-06-21 07:15,1109.802,834.312,312.886,936.658,280,0,0
2025-06-21 07:30,1109.833,834.312,312.886,936.658,125,0,0
2025-06-21 07:45,1109.868,834.312,312.886,936.658,140,0,0
2025-06-21 08:00,1109.868,834.312,312.886,936.658,0,0,0
2025-06-21 08:15,1109.885,834.312,312.886,936.658,68,0,0
2025-06-21 08:30,1109.919,834.312,312.886,936.658,137,0,0
2025-06-21 08:45,1109.929,834.312,312.886,936.658,38,0,0
2025-06-21 09:00,1109.977,834.312,312.886,936.658,193,0,0
2025-06-21 09:15,1109.983,834.312,312.886,936.658,24,0,0
2025-06-21 09:30,1110.007,834.312,312.886,936.658,97,0,0
2025-06-21 09:45,1110.025,834.312,312.886,936.658,73,0,0
2025-06-21 10:00,1110.059,834.312,312.886,936.658,133,0,0
2025-06-21 10:15,1110.076,834.312,312.895,936.658,69,0,0
2025-06-21 10:30,1110.101,834.312,312.909,936.658,98,0,0
2025-06-21 10:45,1110.126,834.312,312.909,936.658,101,0,0
2025-06-21 11:00,1110.141,834.312,312.966,936.658,61,0,0
2025-06-21 11:15,1110.181,834.312,313.029,936.658,159,0,0
2025-06-21 11:30,1110.216,834.312,313.076,936.658,139,0,0
2025-06-21 11:45,1110.244,834.312,313.219,936.658,113,0,0
2025-06-21 12:00,1110.265,834.312,313.336,936.658,86,0,0
2025-06-21 12:15,1110.311,834.312,313.528,936.658,184,0,0
2025-06-21 12:30,1110.336,834.312,313.706,936.658,101,0,0
2025-06-21 12:45,1110.36,834.312,313.816,936.658,95,0,0
2025-06-21 13:00,1110.392,834.312,314.096,936.658,128,0,0
2025-06-21 13:15,1110.456,834.312,314.288,936.658,256,0,0
2025-06-21 13:30,1110.46,834.312,314.47,936.658,13,0,0
2025-06-21 13:45,1110.505,834.312,314.621,936.658,182,0,0
2025-06-21 14:00,1110.505,834.312,314.704,936.658,0,0,0
2025-06-21 14:15,1110.539,834.312,314.903,936.658,137,0,0
2025-06-21 14:30,1110.601,834.312,315.031,936.658,246,0,0
2025-06-21 14:45,1110.641,834.312,315.238,936.658,159,0,0
2025-06-21 15:00,1110.674,834.312,315.423,936.658,134,0,0
2025-06-21 15:15,1110.693,834.312,315.549,936.658,75,0,0
2025-06-21 15:30,1110.723,834.312,315.583,936.658,122,0,0
2025-06-21 15:45,1110.748,834.312,315.654,936.658,100,0,0
2025-06-21 16:00,1110.763,834.312,315.654,936.658,57,0,0
2025-06-21 16:15,1110.787,834.312,315.691,936.658,97,0,0
2025-06-21 16:30,1110.821,834.312,315.692,936.658,136,0,0
2025-06-21 16:45,1110.835,834.312,315.699,936.658,59,0,0
2025-06-21 17:00,1110.849,834.312,315.699,936.658,55,0,0
2025-06-21 17:15,1110.852,834.312,315.699,936.658,11,0,0
2025-06-21 17:30,1110.89,834.312,315.699,936.658,151,0,0
2025-06-21 17:45,1110.931,834.312,315.699,936.658,164,0,0
2025-06-21 18:00,1110.965,834.312,315.699,936.658,139,0,0
2025-06-21 18:15,1111.015,834.312,315.699,936.658,197,0,0
2025-06-21 18:30,1111.046,834.312,315.699,936.658,127,0,0
2025-06-21 18:45,1111.084,834.312,315.699,936.658,151,0,0
2025-06-21 19:00,1111.12,834.312,315.699,936.658,144,0,0
2025-06-21 19:15,1111.239,834.312,315.699,936.658,473,0,0
2025-06-21 19:30,1111.348,834.312,315.699,936.658,438,0,0
2025-06-21 19:45,1111.512,834.312,315.699,936.658,657,0,0
2025-06-21 20:00,1111.623,834.312,315.699,936.658,444,0,0
2025-06-21 20:15,1111.73,834.312,315.699,936.658,427,0,0
2025-06-21 20:30,1111.859,834.312,315.699,936.658,515,0,0
2025-06-21 20:45,1111.984,834.312,315.699,936.658,500,0,0
2025-06-21 21:00,1112.076,834.312,315.699,936.658,368,0,0
2025-06-21 21:15,1112.218,834.312,315.699,936.658,570,0,0
2025-06-21 21:30,1112.336,834.312,315.699,936.658,472,0,0
2025-06-21 21:45,1112.434,834.312,315.699,936.658,391,0,0
2025-06-21 22:00,1112.578,834.312,315.699,936.658,575,0,0
2025-06-21 22:15,1112.71,834.312,315.699,936.658,530,0,0
2025-06-21 22:30,1112.805,834.312,315.699,936.658,379,0,0
2025-06-21 22:45,1112.96,834.312,315.699,936.658,622,0,0
2025-06-21 23:00,1113.094,834.312,315.699,936.658,533,0,0
2025-06-21 23:15,1113.213,834.312,315.699,936.658,479,0,0
2025-06-21 23:30,1113.365,834.312,315.699,936.658,607,0,0
2025-06-21 23:45,1113.488,834.312,315.699,936.658,493,0,0
2025-06-22 00:00,1113.608,834.312,315.699,936.658,478,0,0
2025-06-22 00:15,1113.715,834.312,315.699,936.658,427,0,0
2025-06-22 00:30,1113.846,834.312,315.699,936.658,527,0,0
2025-06-22 00:45,1113.976,834.312,315.699,936.658,518,0,0
2025-06-22 01:00,1114.096,834.312,315.699,936.658,481,0,0
2025-06-22 01:15,1114.2,834.312,315.699,936.658,417,0,0
2025-06-22 01:30,1114.323,834.312,315.699,936.658,490,0,0
2025-06-22 01:45,1114.441,834.312,315.699,936.658,474,0,0
2025-06-22 02:00,1114.535,834.312,315.699,936.658,373,0,0
2025-06-22 02:15,1114.625,834.312,315.699,936.658,362,0,0
2025-06-22 02:30,1114.757,834.312,315.699,936.658,525,0,0
2025-06-22 02:45,1114.825,834.312,315.699,936.658,272,0,0
2025-06-22 03:00,1114.949,834.312,315.699,936.658,496,0,0
2025-06-22 03:15,1115.059,834.312,315.699,936.658,442,0,0
2025-06-22 03:30,1115.205,834.312,315.699,936.658,585,0,0
2025-06-22 03:45,1115.315,834.312,315.699,936.658,441,0,0
2025-06-22 04:00,1115.449,834.312,315.699,936.658,533,0,0
2025-06-22 04:15,1115.561,834.312,315.699,936.658,448,0,0
2025-06-22 04:30,1115.683,834.312,315.699,936.658,489,0,0
2025-06-22 04:45,1115.818,834.312,315.699,936.658,539,0,0
2025-06-22 05:00,1115.928,834.312,315.699,936.658,443,0,0
2025-06-22 05:15,1116.068,834.312,315.699,936.658,560,0,0
2025-06-22 05:30,1116.169,834.312,315.699,936.658,401,0,0
2025-06-22 05:45,1116.294,834.312,315.699,936.658,504,0,0
2025-06-22 06:00,1116.433,834.312,315.699,936.658,554,0,0
2025-06-22 06:15,1116.566,834.312,315.699,936.658,533,0,0
2025-06-22 06:30,1116.724,834.312,315.699,936.658,633,0,0
2025-06-22 06:45,1116.829,834.312,315.699,936.658,419,0,0
2025-06-22 07:00,1116.832,834.312,315.699,936.658,10,0,0
2025-06-22 07:15,1116.842,834.312,315.699,936.658,40,0,0
2025-06-22 07:30,1116.885,834.312,315.699,936.658,173,0,0
2025-06-22 07:45,1116.925,834.312,315.699,936.658,160,0,0
2025-06-22 08:00,1116.957,834.312,315.699,936.658,128,0,0
2025-06-22 08:15,1116.964,834.312,315.699,936.658,30,0,0
2025-06-22 08:30,1117.01,834.312,315.699,936.658,181,0,0
2025-06-22 08:45,1117.015,834.312,315.699,936.658,22,0,0
2025-06-22 09:00,1117.068,834.312,315.699,936.658,213,0,0
2025-06-22 09:15,1117.156,834.312,315.699,936.658,349,0,0
2025-06-22 09:30,1117.193,834.312,315.699,936.658,149,0,0
2025-06-22 09:45,1117.235,834.312,315.699,936.658,167,0,0
2025-06-22 10:00,1117.255,834.312,315.699,936.658,81,0,0
2025-06-22 10:15,1117.255,834.312,315.699,936.658,0,0,0
2025-06-22 10:30,1117.273,834.312,315.72,936.658,72,0,0
2025-06-22 10:45,1117.281,834.312,315.72,936.658,33,0,0
2025-06-22 11:00,1117.282,834.312,315.764,936.658,4,0,0
2025-06-22 11:15,1117.346,834.312,315.824,936.658,258,0,0
2025-06-22 11:30,1117.382,834.312,315.937,936.658,142,0,0
2025-06-22 11:45,1117.419,834.312,315.975,936.658,150,0,0
2025-06-22 12:00,1117.443,834.312,316.132,936.658,95,0,0
2025-06-22 12:15,1117.47,834.312,316.248,936.658,106,0,0
2025-06-22 12:30,1117.519,834.312,316.376,936.658,197,0,0
2025-06-22 12:45,1117.548,834.312,316.502,936.658,117,0,0
2025-06-22 13:00,1117.589,834.312,316.644,936.658,162,0,0
2025-06-22 13:15,1117.615,834.312,316.824,936.658,104,0,0
2025-06-22 13:30,1117.638,834.312,316.905,936.658,93,0,0
2025-06-22 13:45,1117.64,834.312,317.062,936.658,7,0,0
2025-06-22 14:00,1117.64,834.312,317.266,936.658,0,0,0
2025-06-22 14:15,1117.665,834.312,317.422,936.658,99,0,0
2025-06-22 14:30,1117.696,834.312,317.496,936.658,125,0,0
2025-06-22 14:45,1117.7,834.312,317.595,936.658,17,0,0
2025-06-22 15:00,1117.73,834.312,317.692,936.658,117,0,0
2025-06-22 15:15,1117.761,834.312,317.803,936.658,124,0,0
2025-06-22 15:30,1117.761,834.312,317.921,936.658,0,0,0
2025-06-22 15:45,1117.772,834.312,317.974,936.658,47,0,0
2025-06-22 16:00,1117.81,834.312,318.019,936.658,153,0,0
2025-06-22 16:15,1117.848,834.312,318.019,936.658,151,0,0
2025-06-22 16:30,1117.855,834.312,318.045,936.658,28,0,0
2025-06-22 16:45,1117.888,834.312,318.045,936.658,133,0,0
2025-06-22 17:00,1117.939,834.312,318.045,936.658,202,0,0
2025-06-22 17:15,1117.984,834.312,318.045,936.658,182,0,0
2025-06-22 17:30,1118.012,834.312,318.045,936.658,112,0,0
2025-06-22 17:45,1118.033,834.312,318.045,936.658,83,0,0
2025-06-22 18:00,1118.05,834.312,318.045,936.658,70,0,0
2025-06-22 18:15,1118.09,834.312,318.045,936.658,157,0,0
2025-06-22 18:30,1118.124,834.312,318.045,936.658,136,0,0
2025-06-22 18:45,1118.166,834.312,318.045,936.658,170,0,0
2025-06-22 19:00,1118.199,834.312,318.045,936.658,131,0,0
2025-06-22 19:15,1118.335,834.312,318.045,936.658,546,0,0
2025-06-22 19:30,1118.457,834.312,318.045,936.658,488,0,0
2025-06-22 19:45,1118.593,834.312,318.045,936.658,543,0,0
2025-06-22 20:00,1118.73,834.312,318.045,936.658,550,0,0
2025-06-22 20:15,1118.834,834.312,318.045,936.658,416,0,0
2025-06-22 20:30,1118.918,834.312,318.045,936.658,335,0,0
2025-06-22 20:45,1119.069,834.312,318.045,936.658,603,0,0
2025-06-22 21:00,1119.194,834.312,318.045,936.658,501,0,0
2025-06-22 21:15,1119.28,834.312,318.045,936.658,343,0,0
2025-06-22 21:30,1119.386,834.312,318.045,936.658,423,0,0
2025-06-22 21:45,1119.521,834.312,318.045,936.658,542,0,0
2025-06-22 22:00,1119.635,834.312,318.045,936.658,458,0,0
2025-06-22 22:15,1119.745,834.312,318.045,936.658,439,0,0
2025-06-22 22:30,1119.893,834.312,318.045,936.658,592,0,0
2025-06-22 22:45,1119.992,834.312,318.045,936.658,396,0,0
2025-06-22 23:00,1120.096,834.312,318.045,936.658,416,0,0
2025-06-22 23:15,1120.22,834.312,318.045,936.658,497,0,0
2025-06-22 23:30,1120.348,834.312,318.045,936.658,511,0,0
2025-06-22 23:45,1120.478,834.312,318.045,936.658,520,0,0
2025-06-23 00:00,1120.616,834.312,318.045,936.658,553,0,0
2025-06-23 00:15,1120.74,834.312,318.045,936.658,496,0,0
2025-06-23 00:30,1120.87,834.312,318.045,936.658,519,0,0
2025-06-23 00:45,1120.985,834.312,318.045,936.658,459,0,0
2025-06-23 01:00,1121.106,834.312,318.045,936.658,485,0,0
2025-06-23 01:15,1121.228,834.312,318.045,936.658,489,0,0
2025-06-23 01:30,1121.353,834.312,318.045,936.658,497,0,0
2025-06-23 01:45,1121.488,834.312,318.045,936.658,542,0,0
2025-06-23 02:00,1121.619,834.312,318.045,936.658,524,0,0
2025-06-23 02:15,1121.74,834.312,318.045,936.658,484,0,0
2025-06-23 02:30,1121.844,834.312,318.045,936.658,415,0,0
2025-06-23 02:45,1121.965,834.312,318.045,936.658,485,0,0
2025-06-23 03:00,1122.085,834.312,318.045,936.658,478,0,0
2025-06-23 03:15,1122.209,834.312,318.045,936.658,495,0,0
2025-06-23 03:30,1122.373,834.312,318.045,936.658,657,0,0
2025-06-23 03:45,1122.482,834.312,318.045,936.658,438,0,0
2025-06-23 04:00,1122.611,834.312,318.045,936.658,514,0,0
2025-06-23 04:15,1122.752,834.312,318.045,936.658,565,0,0
2025-06-23 04:30,1122.874,834.312,318.045,936.658,488,0,0
2025-06-23 04:45,1123.041,834.312,318.045,936.658,667,0,0
2025-06-23 05:00,1123.153,834.312,318.045,936.658,450,0,0
2025-06-23 05:15,1123.28,834.312,318.045,936.658,506,0,0
2025-06-23 05:30,1123.384,834.312,318.045,936.658,416,0,0
2025-06-23 05:45,1123.497,834.312,318.045,936.658,452,0,0
2025-06-23 06:00,1123.622,834.312,318.045,936.658,500,0,0
2025-06-23 06:15,1123.759,834.312,318.045,936.658,548,0,0
2025-06-23 06:30,1123.885,834.312,318.045,936.658,506,0,0
2025-06-23 06:45,1124.03,834.312,318.045,936.658,581,0,0
2025-06-23 07:00,1124.03,834.34,318.045,936.658,112,0,0
2025-06-23 07:15,1124.03,834.363,318.045,936.658,93,0,0
2025-06-23 07:30,1124.03,834.447,318.045,936.658,336,0,0
2025-06-23 07:45,1124.03,834.485,318.045,936.658,152,0,0
2025-06-23 08:00,1124.03,834.501,318.045,936.658,62,0,0
2025-06-23 08:15,1124.03,834.517,318.045,936.658,64,0,0
2025-06-23 08:30,1124.03,834.528,318.045,936.658,45,0,0
2025-06-23 08:45,1124.03,834.577,318.045,936.658,195,0,0
2025-06-23 09:00,1124.03,834.6,318.045,936.658,91,0,0
2025-06-23 09:15,1124.03,834.632,318.045,936.658,130,0,0
2025-06-23 09:30,1124.03,834.661,318.045,936.658,115,0,0
2025-06-23 09:45,1124.03,834.705,318.045,936.658,179,0,0
2025-06-23 10:00,1124.03,834.718,318.045,936.658,52,0,0
2025-06-23 10:15,1124.03,834.727,318.045,936.658,34,0,0
2025-06-23 10:30,1124.03,834.761,318.045,936.658,138,0,0
2025-06-23 10:45,1124.03,834.803,318.045,936.658,168,0,0
2025-06-23 11:00,1124.03,834.84,318.045,936.659,147,0,0
2025-06-23 11:15,1124.03,834.854,318.045,936.664,55,0,0
2025-06-23 11:30,1124.03,834.897,318.045,936.761,174,0,0
2025-06-23 11:45,1124.03,834.913,318.045,936.792,60,0,0
2025-06-23 12:00,1124.03,834.932,318.045,936.926,78,0,0
2025-06-23 12:15,1124.03,834.943,318.045,936.991,44,0,0
2025-06-23 12:30,1124.03,834.999,318.045,937.054,224,0,0
2025-06-23 12:45,1124.03,835.042,318.045,937.136,171,0,0
2025-06-23 13:00,1124.03,835.084,318.045,937.306,168,0,0
2025-06-23 13:15,1124.03,835.139,318.045,937.517,220,0,0
2025-06-23 13:30,1124.03,835.225,318.045,937.771,345,0,0
2025-06-23 13:45,1124.03,835.225,318.045,937.856,0,0,0
2025-06-23 14:00,1124.03,835.241,318.045,938.051,61,0,0
2025-06-23 14:15,1124.03,835.258,318.045,938.27,71,0,0
2025-06-23 14:30,1124.03,835.271,318.045,938.373,52,0,0
2025-06-23 14:45,1124.03,835.28,318.045,938.419,34,0,0
2025-06-23 15:00,1124.03,835.304,318.045,938.468,96,0,0
2025-06-23 15:15,1124.03,835.309,318.045,938.494,23,0,0
2025-06-23 15:30,1124.03,835.346,318.045,938.61,147,0,0
2025-06-23 15:45,1124.03,835.377,318.045,938.644,124,0,0
2025-06-23 16:00,1124.03,835.417,318.045,938.677,158,0,0
2025-06-23 16:15,1124.03,835.457,318.045,938.71,161,0,0
2025-06-23 16:30,1124.03,835.499,318.045,938.71,168,0,0
2025-06-23 16:45,1124.03,835.521,318.045,938.71,90,0,0
2025-06-23 17:00,1124.03,835.594,318.045,938.71,290,0,0
2025-06-23 17:15,1124.03,835.629,318.045,938.71,139,0,0
2025-06-23 17:30,1124.03,835.629,318.045,938.71,0,0,0
2025-06-23 17:45,1124.03,835.638,318.045,938.71,40,0,0
2025-06-23 18:00,1124.03,835.638,318.045,938.71,0,0,0
2025-06-23 18:15,1124.03,835.669,318.045,938.71,121,0,0
2025-06-23 18:30,1124.03,835.696,318.045,938.71,110,0,0
2025-06-23 18:45,1124.03,835.717,318.045,938.71,83,0,0
2025-06-23 19:00,1124.03,835.787,318.045,938.71,281,0,0
2025-06-23 19:15,1124.03,835.918,318.045,938.71,524,0,0
2025-06-23 19:30,1124.03,836.053,318.045,938.71,538,0,0
2025-06-23 19:45,1124.03,836.154,318.045,938.71,406,0,0
2025-06-23 20:00,1124.03,836.254,318.045,938.71,400,0,0
2025-06-23 20:15,1124.03,836.375,318.045,938.71,483,0,0
2025-06-23 20:30,1124.03,836.498,318.045,938.71,494,0,0
2025-06-23 20:45,1124.03,836.581,318.045,938.71,331,0,0
2025-06-23 21:00,1124.147,836.581,318.045,938.71,466,0,0
2025-06-23 21:15,1124.267,836.581,318.045,938.71,481,0,0
2025-06-23 21:30,1124.383,836.581,318.045,938.71,463,0,0
2025-06-23 21:45,1124.486,836.581,318.045,938.71,415,0,0
2025-06-23 22:00,1124.595,836.581,318.045,938.71,437,0,0
2025-06-23 22:15,1124.712,836.581,318.045,938.71,466,0,0
2025-06-23 22:30,1124.834,836.581,318.045,938.71,487,0,0
2025-06-23 22:45,1124.966,836.581,318.045,938.71,528,0,0
2025-06-23 23:00,1125.107,836.581,318.045,938.71,566,0,0
2025-06-23 23:15,1125.222,836.581,318.045,938.71,456,0,0
2025-06-23 23:30,1125.332,836.581,318.045,938.71,444,0,0
2025-06-23 23:45,1125.461,836.581,318.045,938.71,515,0,0
2025-06-24 00:00,1125.593,836.581,318.045,938.71,529,0,0
2025-06-24 00:15,1125.705,836.581,318.045,938.71,445,0,0
2025-06-24 00:30,1125.841,836.581,318.045,938.71,543,0,0
2025-06-24 00:45,1125.98,836.581,318.045,938.71,558,0,0
2025-06-24 01:00,1126.126,836.581,318.045,938.71,583,0,0
2025-06-24 01:15,1126.282,836.581,318.045,938.71,622,0,0
2025-06-24 01:30,1126.384,836.581,318.045,938.71,411,0,0
2025-06-24 01:45,1126.505,836.581,318.045,938.71,481,0,0
2025-06-24 02:00,1126.625,836.581,318.045,938.71,481,0,0
2025-06-24 02:15,1126.743,836.581,318.045,938.71,472,0,0
2025-06-24 02:30,1126.85,836.581,318.045,938.71,428,0,0
2025-06-24 02:45,1126.94,836.581,318.045,938.71,361,0,0
2025-06-24 03:00,1127.062,836.581,318.045,938.71,487,0,0
2025-06-24 03:15,1127.167,836.581,318.045,938.71,419,0,0
2025-06-24 03:30,1127.288,836.581,318.045,938.71,487,0,0
2025-06-24 03:45,1127.392,836.581,318.045,938.71,416,0,0
2025-06-24 04:00,1127.49,836.581,318.045,938.71,392,0,0
2025-06-24 04:15,1127.615,836.581,318.045,938.71,499,0,0
2025-06-24 04:30,1127.738,836.581,318.045,938.71,492,0,0
2025-06-24 04:45,1127.87,836.581,318.045,938.71,526,0,0
2025-06-24 05:00,1128.033,836.581,318.045,938.71,655,0,0
2025-06-24 05:15,1128.159,836.581,318.045,938.71,502,0,0
2025-06-24 05:30,1128.289,836.581,318.045,938.71,519,0,0
2025-06-24 05:45,1128.387,836.581,318.045,938.71,394,0,0
2025-06-24 06:00,1128.481,836.581,318.045,938.71,377,0,0
2025-06-24 06:15,1128.633,836.581,318.045,938.71,607,0,0
2025-06-24 06:30,1128.735,836.581,318.045,938.71,406,0,0
2025-06-24 06:45,1128.834,836.581,318.045,938.71,396,0,0
2025-06-24 07:00,1128.834,836.61,318.045,938.71,117,0,0
2025-06-24 07:15,1128.834,836.639,318.045,938.71,113,0,0
2025-06-24 07:30,1128.834,836.651,318.045,938.71,48,0,0
2025-06-24 07:45,1128.834,836.674,318.045,938.71,96,0,0
2025-06-24 08:00,1128.834,836.729,318.045,938.71,218,0,0
2025-06-24 08:15,1128.834,836.743,318.045,938.71,56,0,0
2025-06-24 08:30,1128.834,836.745,318.045,938.71,9,0,0
2025-06-24 08:45,1128.834,836.794,318.045,938.71,195,0,0
2025-06-24 09:00,1128.834,836.834,318.045,938.71,159,0,0
2025-06-24 09:15,1128.834,836.851,318.045,938.71,70,0,0
2025-06-24 09:30,1128.834,836.851,318.045,938.71,0,0,0
2025-06-24 09:45,1128.834,836.866,318.045,938.71,60,0,0
2025-06-24 10:00,1128.834,836.895,318.045,938.71,116,0,0
2025-06-24 10:15,1128.834,836.949,318.045,938.71,213,0,0
2025-06-24 10:30,1128.834,836.958,318.045,938.71,37,0,0
2025-06-24 10:45,1128.834,836.986,318.045,938.728,113,0,0
2025-06-24 11:00,1128.834,837.03,318.045,938.757,174,0,0
2025-06-24 11:15,1128.834,837.03,318.045,938.842,0,0,0
2025-06-24 11:30,1128.834,837.08,318.045,938.938,203,0,0
2025-06-24 11:45,1128.834,837.087,318.045,939.08,25,0,0
2025-06-24 12:00,1128.834,837.123,318.045,939.225,147,0,0
2025-06-24 12:15,1128.834,837.158,318.045,939.378,140,0,0
2025-06-24 12:30,1128.834,837.21,318.045,939.52,207,0,0
2025-06-24 12:45,1128.834,837.251,318.045,939.786,164,0,0
2025-06-24 13:00,1128.834,837.251,318.045,940.062,0,0,0
2025-06-24 13:15,1128.834,837.265,318.045,940.322,57,0,0
2025-06-24 13:30,1128.834,837.298,318.045,940.567,131,0,0
2025-06-24 13:45,1128.834,837.324,318.045,940.761,104,0,0
2025-06-24 14:00,1128.834,837.364,318.045,940.873,158,0,0
2025-06-24 14:15,1128.834,837.41,318.045,941.114,183,0,0
2025-06-24 14:30,1128.834,837.452,318.045,941.155,169,0,0
2025-06-24 14:45,1128.834,837.477,318.045,941.229,103,0,0
2025-06-24 15:00,1128.834,837.477,318.045,941.319,0,0,0
2025-06-24 15:15,1128.834,837.498,318.045,941.418,84,0,0
2025-06-24 15:30,1128.834,837.537,318.045,941.492,153,0,0
2025-06-24 15:45,1128.834,837.545,318.045,941.506,33,0,0
2025-06-24 16:00,1128.834,837.588,318.045,941.506,171,0,0
2025-06-24 16:15,1128.834,837.636,318.045,941.506,193,0,0
2025-06-24 16:30,1128.834,837.668,318.045,941.506,130,0,0
2025-06-24 16:45,1128.834,837.668,318.045,941.506,0,0,0
2025-06-24 17:00,1128.834,837.673,318.045,941.506,18,0,0
2025-06-24 17:15,1128.834,837.74,318.045,941.506,271,0,0
2025-06-24 17:30,1128.834,837.759,318.045,941.506,76,0,0
2025-06-24 17:45,1128.834,837.759,318.045,941.506,0,0,0
2025-06-24 18:00,1128.834,837.814,318.045,941.506,219,0,0
2025-06-24 18:15,1128.834,837.844,318.045,941.506,121,0,0
2025-06-24 18:30,1128.834,837.897,318.045,941.506,208,0,0
2025-06-24 18:45,1128.834,837.932,318.045,941.506,142,0,0
2025-06-24 19:00,1128.834,837.971,318.045,941.506,157,0,0
2025-06-24 19:15,1128.834,838.098,318.045,941.506,509,0,0
2025-06-24 19:30,1128.834,838.232,318.045,941.506,536,0,0
2025-06-24 19:45,1128.834,838.398,318.045,941.506,662,0,0
2025-06-24 20:00,1128.834,838.537,318.045,941.506,558,0,0
2025-06-24 20:15,1128.834,838.626,318.045,941.506,354,0,0
2025-06-24 20:30,1128.834,838.755,318.045,941.506,516,0,0
2025-06-24 20:45,1128.834,838.898,318.045,941.506,571,0,0
2025-06-24 21:00,1128.978,838.898,318.045,941.506,576,0,0
2025-06-24 21:15,1129.089,838.898,318.045,941.506,446,0,0
2025-06-24 21:30,1129.233,838.898,318.045,941.506,573,0,0
2025-06-24 21:45,1129.371,838.898,318.045,941.506,554,0,0
2025-06-24 22:00,1129.543,838.898,318.045,941.506,686,0,0
2025-06-24 22:15,1129.648,838.898,318.045,941.506,420,0,0
2025-06-24 22:30,1129.757,838.898,318.045,941.506,439,0,0
2025-06-24 22:45,1129.871,838.898,318.045,941.506,456,0,0
2025-06-24 23:00,1129.981,838.898,318.045,941.506,441,0,0
2025-06-24 23:15,1130.084,838.898,318.045,941.506,409,0,0
2025-06-24 23:30,1130.148,838.898,318.045,941.506,259,0,0
2025-06-24 23:45,1130.26,838.898,318.045,941.506,445,0,0
2025-06-25 00:00,1130.387,838.898,318.045,941.506,510,0,0
2025-06-25 00:15,1130.497,838.898,318.045,941.506,441,0,0
2025-06-25 00:30,1130.656,838.898,318.045,941.506,635,0,0
2025-06-25 00:45,1130.776,838.898,318.045,941.506,481,0,0
2025-06-25 01:00,1130.922,838.898,318.045,941.506,583,0,0
2025-06-25 01:15,1131.047,838.898,318.045,941.506,501,0,0
2025-06-25 01:30,1131.184,838.898,318.045,941.506,546,0,0
2025-06-25 01:45,1131.309,838.898,318.045,941.506,502,0,0
2025-06-25 02:00,1131.457,838.898,318.045,941.506,590,0,0
2025-06-25 02:15,1131.578,838.898,318.045,941.506,484,0,0
2025-06-25 02:30,1131.708,838.898,318.045,941.506,520,0,0
2025-06-25 02:45,1131.835,838.898,318.045,941.506,509,0,0
2025-06-25 03:00,1131.949,838.898,318.045,941.506,457,0,0
2025-06-25 03:15,1132.077,838.898,318.045,941.506,512,0,0
2025-06-25 03:30,1132.242,838.898,318.045,941.506,659,0,0
2025-06-25 03:45,1132.357,838.898,318.045,941.506,458,0,0
2025-06-25 04:00,1132.485,838.898,318.045,941.506,514,0,0
2025-06-25 04:15,1132.63,838.898,318.045,941.506,581,0,0
2025-06-25 04:30,1132.773,838.898,318.045,941.506,571,0,0
2025-06-25 04:45,1132.893,838.898,318.045,941.506,481,0,0
2025-06-25 05:00,1132.966,838.898,318.045,941.506,289,0,0
2025-06-25 05:15,1133.096,838.898,318.045,941.506,521,0,0
2025-06-25 05:30,1133.172,838.898,318.045,941.506,302,0,0
2025-06-25 05:45,1133.321,838.898,318.045,941.506,598,0,0
2025-06-25 06:00,1133.444,838.898,318.045,941.506,494,0,0
2025-06-25 06:15,1133.584,838.898,318.045,941.506,560,0,0
2025-06-25 06:30,1133.686,838.898,318.045,941.506,408,0,0
2025-06-25 06:45,1133.775,838.898,318.045,941.506,356,0,0
2025-06-25 07:00,1133.775,838.933,318.045,941.506,141,0,0
2025-06-25 07:15,1133.775,838.962,318.045,941.506,117,0,0
2025-06-25 07:30,1133.775,838.982,318.045,941.506,81,0,0
2025-06-25 07:45,1133.775,839.014,318.045,941.506,127,0,0
2025-06-25 08:00,1133.775,839.099,318.045,941.506,341,0,0
2025-06-25 08:15,1133.775,839.146,318.045,941.506,187,0,0
2025-06-25 08:30,1133.775,839.197,318.045,941.506,204,0,0
2025-06-25 08:45,1133.775,839.244,318.045,941.506,188,0,0
2025-06-25 09:00,1133.775,839.303,318.045,941.506,238,0,0
2025-06-25 09:15,1133.775,839.33,318.045,941.506,105,0,0
2025-06-25 09:30,1133.775,839.33,318.045,941.506,0,0,0
2025-06-25 09:45,1133.775,839.356,318.045,941.506,105,0,0
2025-06-25 10:00,1133.775,839.402,318.045,941.506,185,0,0
2025-06-25 10:15,1133.775,839.413,318.045,941.506,42,0,0
2025-06-25 10:30,1133.775,839.439,318.045,941.506,106,0,0
2025-06-25 10:45,1133.775,839.455,318.045,941.506,65,0,0
2025-06-25 11:00,1133.775,839.515,318.045,941.522,240,0,0
2025-06-25 11:15,1133.775,839.56,318.045,941.565,180,0,0
2025-06-25 11:30,1133.775,839.603,318.045,941.658,172,0,0
2025-06-25 11:45,1133.775,839.646,318.045,941.734,170,0,0
2025-06-25 12:00,1133.775,839.675,318.045,941.902,117,0,0
2025-06-25 12:15,1133.775,839.709,318.045,942.062,136,0,0
2025-06-25 12:30,1133.775,839.715,318.045,942.275,25,0,0
2025-06-25 12:45,1133.775,839.715,318.045,942.48,0,0,0
2025-06-25 13:00,1133.775,839.748,318.045,942.566,132,0,0
2025-06-25 13:15,1133.775,839.785,318.045,942.857,146,0,0
2025-06-25 13:30,1133.775,839.839,318.045,943.104,217,0,0
2025-06-25 13:45,1133.775,839.9,318.045,943.297,246,0,0
2025-06-25 14:00,1133.775,839.962,318.045,943.387,246,0,0
2025-06-25 14:15,1133.775,839.972,318.045,943.471,40,0,0
2025-06-25 14:30,1133.775,839.995,318.045,943.637,92,0,0
2025-06-25 14:45,1133.775,840.034,318.045,943.747,158,0,0
2025-06-25 15:00,1133.775,840.115,318.045,943.883,323,0,0
2025-06-25 15:15,1133.775,840.175,318.045,943.95,238,0,0
2025-06-25 15:30,1133.775,840.227,318.045,944.019,210,0,0
2025-06-25 15:45,1133.775,840.249,318.045,944.034,89,0,0
2025-06-25 16:00,1133.775,840.262,318.045,944.034,49,0,0
2025-06-25 16:15,1133.775,840.307,318.045,944.034,183,0,0
2025-06-25 16:30,1133.775,840.315,318.045,944.052,32,0,0
2025-06-25 16:45,1133.775,840.341,318.045,944.052,101,0,0
2025-06-25 17:00,1133.775,840.368,318.045,944.052,111,0,0
2025-06-25 17:15,1133.775,840.43,318.045,944.052,247,0,0
2025-06-25 17:30,1133.775,840.453,318.045,944.052,92,0,0
2025-06-25 17:45,1133.775,840.453,318.045,944.052,0,0,0
2025-06-25 18:00,1133.775,840.493,318.045,944.052,160,0,0
2025-06-25 18:15,1133.775,840.509,318.045,944.052,64,0,0
2025-06-25 18:30,1133.775,840.54,318.045,944.052,123,0,0
2025-06-25 18:45,1133.775,840.568,318.045,944.052,113,0,0
2025-06-25 19:00,1133.775,840.593,318.045,944.052,98,0,0
2025-06-25 19:15,1133.775,840.729,318.045,944.052,543,0,0
2025-06-25 19:30,1133.775,840.818,318.045,944.052,357,0,0
2025-06-25 19:45,1133.775,840.928,318.045,944.052,439,0,0
2025-06-25 20:00,1133.775,841.061,318.045,944.052,535,0,0
2025-06-25 20:15,1133.775,841.169,318.045,944.052,431,0,0
2025-06-25 20:30,1133.775,841.257,318.045,944.052,351,0,0
2025-06-25 20:45,1133.775,841.39,318.045,944.052,533,0,0
2025-06-25 21:00,1133.918,841.39,318.045,944.052,570,0,0
2025-06-25 21:15,1134.037,841.39,318.045,944.052,476,0,0
2025-06-25 21:30,1134.118,841.39,318.045,944.052,323,0,0
2025-06-25 21:45,1134.252,841.39,318.045,944.052,536,0,0
2025-06-25 22:00,1134.339,841.39,318.045,944.052,347,0,0
2025-06-25 22:15,1134.465,841.39,318.045,944.052,505,0,0
2025-06-25 22:30,1134.567,841.39,318.045,944.052,409,0,0
2025-06-25 22:45,1134.664,841.39,318.045,944.052,387,0,0
2025-06-25 23:00,1134.775,841.39,318.045,944.052,445,0,0
2025-06-25 23:15,1134.891,841.39,318.045,944.052,465,0,0
2025-06-25 23:30,1134.998,841.39,318.045,944.052,428,0,0
2025-06-25 23:45,1135.13,841.39,318.045,944.052,527,0,0
2025-06-26 00:00,1135.241,841.39,318.045,944.052,444,0,0
2025-06-26 00:15,1135.381,841.39,318.045,944.052,558,0,0
2025-06-26 00:30,1135.506,841.39,318.045,944.052,502,0,0
2025-06-26 00:45,1135.612,841.39,318.045,944.052,424,0,0
2025-06-26 01:00,1135.715,841.39,318.045,944.052,411,0,0
2025-06-26 01:15,1135.802,841.39,318.045,944.052,348,0,0
2025-06-26 01:30,1135.928,841.39,318.045,944.052,503,0,0
2025-06-26 01:45,1136.041,841.39,318.045,944.052,452,0,0
2025-06-26 02:00,1136.114,841.39,318.045,944.052,290,0,0
2025-06-26 02:15,1136.223,841.39,318.045,944.052,437,0,0
2025-06-26 02:30,1136.325,841.39,318.045,944.052,408,0,0
2025-06-26 02:45,1136.476,841.39,318.045,944.052,606,0,0
2025-06-26 03:00,1136.562,841.39,318.045,944.052,344,0,0
2025-06-26 03:15,1136.653,841.39,318.045,944.052,365,0,0
2025-06-26 03:30,1136.796,841.39,318.045,944.052,569,0,0
2025-06-26 03:45,1136.943,841.39,318.045,944.052,589,0,0
2025-06-26 04:00,1137.048,841.39,318.045,944.052,420,0,0
2025-06-26 04:15,1137.155,841.39,318.045,944.052,429,0,0
2025-06-26 04:30,1137.288,841.39,318.045,944.052,529,0,0
2025-06-26 04:45,1137.361,841.39,318.045,944.052,294,0,0
2025-06-26 05:00,1137.444,841.39,318.045,944.052,331,0,0
2025-06-26 05:15,1137.558,841.39,318.045,944.052,458,0,0
2025-06-26 05:30,1137.709,841.39,318.045,944.052,604,0,0
2025-06-26 05:45,1137.82,841.39,318.045,944.052,445,0,0
2025-06-26 06:00,1137.942,841.39,318.045,944.052,488,0,0
2025-06-26 06:15,1138.085,841.39,318.045,944.052,571,0,0
2025-06-26 06:30,1138.247,841.39,318.045,944.052,649,0,0
2025-06-26 06:45,1138.356,841.39,318.045,944.052,434,0,0
2025-06-26 07:00,1138.356,841.42,318.045,944.052,119,0,0
2025-06-26 07:15,1138.356,841.486,318.045,944.052,266,0,0
2025-06-26 07:30,1138.356,841.486,318.045,944.052,0,0,0
2025-06-26 07:45,1138.356,841.537,318.045,944.052,202,0,0
2025-06-26 08:00,1138.356,841.547,318.045,944.052,39,0,0
2025-06-26 08:15,1138.356,841.579,318.045,944.052,128,0,0
2025-06-26 08:30,1138.356,841.604,318.045,944.052,101,0,0
2025-06-26 08:45,1138.356,841.615,318.045,944.052,43,0,0
2025-06-26 09:00,1138.356,841.625,318.045,944.052,41,0,0
2025-06-26 09:15,1138.356,841.66,318.045,944.052,142,0,0
2025-06-26 09:30,1138.356,841.71,318.045,944.052,200,0,0
2025-06-26 09:45,1138.356,841.738,318.045,944.052,110,0,0
2025-06-26 10:00,1138.356,841.769,318.045,944.052,126,0,0
2025-06-26 10:15,1138.356,841.811,318.045,944.052,166,0,0
2025-06-26 10:30,1138.356,841.821,318.045,944.052,42,0,0
2025-06-26 10:45,1138.356,841.866,318.045,944.068,179,0,0
2025-06-26 11:00,1138.356,841.912,318.045,944.138,186,0,0
2025-06-26 11:15,1138.356,841.994,318.045,944.225,328,0,0
2025-06-26 11:30,1138.356,842.017,318.045,944.258,90,0,0
2025-06-26 11:45,1138.356,842.038,318.045,944.379,83,0,0
2025-06-26 12:00,1138.356,842.083,318.045,944.419,182,0,0
2025-06-26 12:15,1138.356,842.13,318.045,944.455,186,0,0
2025-06-26 12:30,1138.356,842.149,318.045,944.5,77,0,0
2025-06-26 12:45,1138.356,842.171,318.045,944.583,88,0,0
2025-06-26 13:00,1138.356,842.212,318.045,944.797,163,0,0
2025-06-26 13:15,1138.356,842.225,318.045,944.939,54,0,0
2025-06-26 13:30,1138.356,842.247,318.045,944.998,87,0,0
2025-06-26 13:45,1138.356,842.279,318.045,945.292,127,0,0
2025-06-26 14:00,1138.356,842.329,318.045,945.468,200,0,0
2025-06-26 14:15,1138.356,842.346,318.045,945.601,72,0,0
2025-06-26 14:30,1138.356,842.346,318.045,945.748,0,0,0
2025-06-26 14:45,1138.356,842.346,318.045,945.877,0,0,0
2025-06-26 15:00,1138.356,842.351,318.045,945.978,19,0,0
2025-06-26 15:15,1138.356,842.355,318.045,946.081,15,0,0
2025-06-26 15:30,1138.356,842.382,318.045,946.197,108,0,0
2025-06-26 15:45,1138.356,842.388,318.045,946.224,25,0,0
2025-06-26 16:00,1138.356,842.404,318.045,946.253,64,0,0
2025-06-26 16:15,1138.356,842.419,318.045,946.253,58,0,0
2025-06-26 16:30,1138.356,842.44,318.045,946.273,85,0,0
2025-06-26 16:45,1138.356,842.496,318.045,946.273,226,0,0
2025-06-26 17:00,1138.356,842.539,318.045,946.273,173,0,0
2025-06-26 17:15,1138.356,842.57,318.045,946.273,121,0,0
2025-06-26 17:30,1138.356,842.591,318.045,946.273,83,0,0
2025-06-26 17:45,1138.356,842.612,318.045,946.273,85,0,0
2025-06-26 18:00,1138.356,842.648,318.045,946.273,146,0,0
2025-06-26 18:15,1138.356,842.69,318.045,946.273,167,0,0
2025-06-26 18:30,1138.356,842.702,318.045,946.273,47,0,0
2025-06-26 18:45,1138.356,842.733,318.045,946.273,123,0,0
2025-06-26 19:00,1138.356,842.733,318.045,946.273,0,0,0
2025-06-26 19:15,1138.356,842.857,318.045,946.273,497,0,0
2025-06-26 19:30,1138.356,842.992,318.045,946.273,541,0,0
2025-06-26 19:45,1138.356,843.107,318.045,946.273,458,0,0
2025-06-26 20:00,1138.356,843.263,318.045,946.273,625,0,0
2025-06-26 20:15,1138.356,843.365,318.045,946.273,410,0,0
2025-06-26 20:30,1138.356,843.49,318.045,946.273,497,0,0
2025-06-26 20:45,1138.356,843.609,318.045,946.273,477,0,0
2025-06-26 21:00,1138.474,843.609,318.045,946.273,472,0,0
2025-06-26 21:15,1138.591,843.609,318.045,946.273,471,0,0
2025-06-26 21:30,1138.714,843.609,318.045,946.273,489,0,0
2025-06-26 21:45,1138.851,843.609,318.045,946.273,548,0,0
2025-06-26 22:00,1138.998,843.609,318.045,946.273,590,0,0
2025-06-26 22:15,1139.118,843.609,318.045,946.273,480,0,0
2025-06-26 22:30,1139.254,843.609,318.045,946.273,545,0,0
2025-06-26 22:45,1139.36,843.609,318.045,946.273,424,0,0
2025-06-26 23:00,1139.496,843.609,318.045,946.273,541,0,0
2025-06-26 23:15,1139.6,843.609,318.045,946.273,419,0,0
2025-06-26 23:30,1139.742,843.609,318.045,946.273,567,0,0
2025-06-26 23:45,1139.906,843.609,318.045,946.273,657,0,0
2025-06-27 00:00,1140.024,843.609,318.045,946.273,470,0,0
2025-06-27 00:15,1140.1,843.609,318.045,946.273,305,0,0
2025-06-27 00:30,1140.209,843.609,318.045,946.273,436,0,0
2025-06-27 00:45,1140.354,843.609,318.045,946.273,579,0,0
2025-06-27 01:00,1140.485,843.609,318.045,946.273,524,0,0
2025-06-27 01:15,1140.61,843.609,318.045,946.273,500,0,0
2025-06-27 01:30,1140.75,843.609,318.045,946.273,561,0,0
2025-06-27 01:45,1140.88,843.609,318.045,946.273,519,0,0
2025-06-27 02:00,1141.024,843.609,318.045,946.273,577,0,0
2025-06-27 02:15,1141.162,843.609,318.045,946.273,554,0,0
2025-06-27 02:30,1141.313,843.609,318.045,946.273,602,0,0
2025-06-27 02:45,1141.44,843.609,318.045,946.273,509,0,0
2025-06-27 03:00,1141.578,843.609,318.045,946.273,552,0,0
2025-06-27 03:15,1141.692,843.609,318.045,946.273,455,0,0
2025-06-27 03:30,1141.8,843.609,318.045,946.273,432,0,0
2025-06-27 03:45,1141.954,843.609,318.045,946.273,617,0,0
2025-06-27 04:00,1142.078,843.609,318.045,946.273,497,0,0
2025-06-27 04:15,1142.215,843.609,318.045,946.273,544,0,0
2025-06-27 04:30,1142.337,843.609,318.045,946.273,490,0,0
2025-06-27 04:45,1142.445,843.609,318.045,946.273,433,0,0
2025-06-27 05:00,1142.566,843.609,318.045,946.273,481,0,0
2025-06-27 05:15,1142.714,843.609,318.045,946.273,595,0,0
2025-06-27 05:30,1142.845,843.609,318.045,946.273,524,0,0
2025-06-27 05:45,1142.931,843.609,318.045,946.273,343,0,0
2025-06-27 06:00,1143.047,843.609,318.045,946.273,463,0,0
2025-06-27 06:15,1143.202,843.609,318.045,946.273,623,0,0
2025-06-27 06:30,1143.318,843.609,318.045,946.273,463,0,0
2025-06-27 06:45,1143.402,843.609,318.045,946.273,336,0,0
2025-06-27 07:00,1143.402,843.677,318.045,946.273,271,0,0
2025-06-27 07:15,1143.402,843.72,318.045,946.273,175,0,0
2025-06-27 07:30,1143.402,843.749,318.045,946.273,114,0,0
2025-06-27 07:45,1143.402,843.772,318.045,946.273,90,0,0
2025-06-27 08:00,1143.402,843.823,318.045,946.273,207,0,0
2025-06-27 08:15,1143.402,843.842,318.045,946.273,77,0,0
2025-06-27 08:30,1143.402,843.895,318.045,946.273,212,0,0
2025-06-27 08:45,1143.402,843.936,318.045,946.273,163,0,0
2025-06-27 09:00,1143.402,843.971,318.045,946.273,140,0,0
2025-06-27 09:15,1143.402,844.004,318.045,946.273,132,0,0
2025-06-27 09:30,1143.402,844.031,318.045,946.273,106,0,0
2025-06-27 09:45,1143.402,844.081,318.045,946.273,204,0,0
2025-06-27 10:00,1143.402,844.094,318.045,946.273,51,0,0
2025-06-27 10:15,1143.402,844.094,318.045,946.273,0,0,0
2025-06-27 10:30,1143.402,844.136,318.045,946.274,169,0,0
2025-06-27 10:45,1143.402,844.179,318.045,946.307,170,0,0
2025-06-27 11:00,1143.402,844.219,318.045,946.322,158,0,0
2025-06-27 11:15,1143.402,844.257,318.045,946.358,153,0,0
2025-06-27 11:30,1143.402,844.28,318.045,946.471,94,0,0
2025-06-27 11:45,1143.402,844.326,318.045,946.627,183,0,0
2025-06-27 12:00,1143.402,844.355,318.045,946.78,116,0,0
2025-06-27 12:15,1143.402,844.375,318.045,946.851,81,0,0
2025-06-27 12:30,1143.402,844.399,318.045,946.914,95,0,0
2025-06-27 12:45,1143.402,844.47,318.045,947.006,282,0,0
2025-06-27 13:00,1143.402,844.47,318.045,947.156,0,0,0
2025-06-27 13:15,1143.402,844.51,318.045,947.267,160,0,0
2025-06-27 13:30,1143.402,844.51,318.045,947.543,0,0,0
2025-06-27 13:45,1143.402,844.537,318.045,947.76,111,0,0
2025-06-27 14:00,1143.402,844.559,318.045,947.908,85,0,0
2025-06-27 14:15,1143.402,844.559,318.045,948.015,0,0,0
2025-06-27 14:30,1143.402,844.597,318.045,948.133,151,0,0
2025-06-27 14:45,1143.402,844.619,318.045,948.254,90,0,0
2025-06-27 15:00,1143.402,844.619,318.045,948.396,0,0,0
2025-06-27 15:15,1143.402,844.666,318.045,948.422,187,0,0
2025-06-27 15:30,1143.402,844.724,318.045,948.533,235,0,0
2025-06-27 15:45,1143.402,844.784,318.045,948.541,239,0,0
2025-06-27 16:00,1143.402,844.821,318.045,948.551,149,0,0
2025-06-27 16:15,1143.402,844.852,318.045,948.6,124,0,0
2025-06-27 16:30,1143.402,844.909,318.045,948.6,226,0,0
2025-06-27 16:45,1143.402,844.973,318.045,948.6,255,0,0
2025-06-27 17:00,1143.402,845.025,318.045,948.6,211,0,0
2025-06-27 17:15,1143.402,845.036,318.045,948.6,45,0,0
2025-06-27 17:30,1143.402,845.07,318.045,948.6,136,0,0
2025-06-27 17:45,1143.402,845.109,318.045,948.6,155,0,0
2025-06-27 18:00,1143.402,845.109,318.045,948.6,0,0,0
2025-06-27 18:15,1143.402,845.149,318.045,948.6,158,0,0
2025-06-27 18:30,1143.402,845.224,318.045,948.6,302,0,0
2025-06-27 18:45,1143.402,845.267,318.045,948.6,171,0,0
2025-06-27 19:00,1143.402,845.326,318.045,948.6,238,0,0
2025-06-27 19:15,1143.402,845.45,318.045,948.6,495,0,0
2025-06-27 19:30,1143.402,845.569,318.045,948.6,474,0,0
2025-06-27 19:45,1143.402,845.696,318.045,948.6,511,0,0
2025-06-27 20:00,1143.402,845.8,318.045,948.6,415,0,0
2025-06-27 20:15,1143.402,845.901,318.045,948.6,403,0,0
2025-06-27 20:30,1143.402,846.046,318.045,948.6,581,0,0
2025-06-27 20:45,1143.402,846.193,318.045,948.6,590,0,0
2025-06-27 21:00,1143.502,846.193,318.045,948.6,401,0,0
2025-06-27 21:15,1143.642,846.193,318.045,948.6,557,0,0
2025-06-27 21:30,1143.76,846.193,318.045,948.6,473,0,0
2025-06-27 21:45,1143.887,846.193,318.045,948.6,507,0,0
2025-06-27 22:00,1144.016,846.193,318.045,948.6,517,0,0
2025-06-27 22:15,1144.156,846.193,318.045,948.6,560,0,0
2025-06-27 22:30,1144.277,846.193,318.045,948.6,487,0,0
2025-06-27 22:45,1144.426,846.193,318.045,948.6,593,0,0
2025-06-27 23:00,1144.552,846.193,318.045,948.6,505,0,0
2025-06-27 23:15,1144.684,846.193,318.045,948.6,530,0,0
2025-06-27 23:30,1144.788,846.193,318.045,948.6,413,0,0
2025-06-27 23:45,1144.951,846.193,318.045,948.6,653,0,0
2025-06-28 00:00,1145.08,846.193,318.045,948.6,518,0,0
2025-06-28 00:15,1145.215,846.193,318.045,948.6,537,0,0
2025-06-28 00:30,1145.302,846.193,318.045,948.6,351,0,0
2025-06-28 00:45,1145.406,846.193,318.045,948.6,414,0,0
2025-06-28 01:00,1145.551,846.193,318.045,948.6,579,0,0
2025-06-28 01:15,1145.676,846.193,318.045,948.6,503,0,0
2025-06-28 01:30,1145.758,846.193,318.045,948.6,327,0,0
2025-06-28 01:45,1145.899,846.193,318.045,948.6,563,0,0
2025-06-28 02:00,1146.008,846.193,318.045,948.6,436,0,0
2025-06-28 02:15,1146.156,846.193,318.045,948.6,593,0,0
2025-06-28 02:30,1146.274,846.193,318.045,948.6,473,0,0
2025-06-28 02:45,1146.399,846.193,318.045,948.6,496,0,0
2025-06-28 03:00,1146.542,846.193,318.045,948.6,574,0,0
2025-06-28 03:15,1146.644,846.193,318.045,948.6,408,0,0
2025-06-28 03:30,1146.744,846.193,318.045,948.6,401,0,0
2025-06-28 03:45,1146.86,846.193,318.045,948.6,464,0,0
2025-06-28 04:00,1146.997,846.193,318.045,948.6,546,0,0
2025-06-28 04:15,1147.09,846.193,318.045,948.6,374,0,0
2025-06-28 04:30,1147.177,846.193,318.045,948.6,347,0,0
2025-06-28 04:45,1147.313,846.193,318.045,948.6,546,0,0
2025-06-28 05:00,1147.421,846.193,318.045,948.6,432,0,0
2025-06-28 05:15,1147.534,846.193,318.045,948.6,449,0,0
2025-06-28 05:30,1147.616,846.193,318.045,948.6,331,0,0
2025-06-28 05:45,1147.723,846.193,318.045,948.6,426,0,0
2025-06-28 06:00,1147.843,846.193,318.045,948.6,479,0,0
2025-06-28 06:15,1147.981,846.193,318.045,948.6,554,0,0
2025-06-28 06:30,1148.086,846.193,318.045,948.6,418,0,0
2025-06-28 06:45,1148.239,846.193,318.045,948.6,613,0,0
2025-06-28 07:00,1148.255,846.193,318.045,948.6,65,0,0
2025-06-28 07:15,1148.272,846.193,318.045,948.6,65,0,0
2025-06-28 07:30,1148.332,846.193,318.045,948.6,243,0,0
2025-06-28 07:45,1148.367,846.193,318.045,948.6,137,0,0
2025-06-28 08:00,1148.386,846.193,318.045,948.6,76,0,0
2025-06-28 08:15,1148.413,846.193,318.045,948.6,108,0,0
2025-06-28 08:30,1148.47,846.193,318.045,948.6,228,0,0
2025-06-28 08:45,1148.529,846.193,318.045,948.6,237,0,0
2025-06-28 09:00,1148.543,846.193,318.045,948.6,55,0,0
2025-06-28 09:15,1148.572,846.193,318.045,948.6,117,0,0
2025-06-28 09:30,1148.604,846.193,318.045,948.6,127,0,0
2025-06-28 09:45,1148.614,846.193,318.045,948.6,41,0,0
2025-06-28 10:00,1148.643,846.193,318.045,948.6,116,0,0
2025-06-28 10:15,1148.673,846.193,318.045,948.6,120,0,0
2025-06-28 10:30,1148.726,846.193,318.045,948.6,211,0,0
2025-06-28 10:45,1148.78,846.193,318.09,948.6,217,0,0
2025-06-28 11:00,1148.803,846.193,318.121,948.6,94,0,0
2025-06-28 11:15,1148.829,846.193,318.155,948.6,103,0,0
2025-06-28 11:30,1148.872,846.193,318.209,948.6,173,0,0
2025-06-28 11:45,1148.89,846.193,318.289,948.6,73,0,0
2025-06-28 12:00,1148.932,846.193,318.457,948.6,167,0,0
2025-06-28 12:15,1148.96,846.193,318.67,948.6,113,0,0
2025-06-28 12:30,1148.971,846.193,318.884,948.6,42,0,0
2025-06-28 12:45,1148.982,846.193,319.117,948.6,43,0,0
2025-06-28 13:00,1149.041,846.193,319.215,948.6,236,0,0
2025-06-28 13:15,1149.068,846.193,319.334,948.6,107,0,0
2025-06-28 13:30,1149.131,846.193,319.535,948.6,251,0,0
2025-06-28 13:45,1149.15,846.193,319.748,948.6,79,0,0
2025-06-28 14:00,1149.186,846.193,319.846,948.6,143,0,0
2025-06-28 14:15,1149.264,846.193,320.058,948.6,311,0,0
2025-06-28 14:30,1149.273,846.193,320.139,948.6,35,0,0
2025-06-28 14:45,1149.273,846.193,320.219,948.6,0,0,0
2025-06-28 15:00,1149.329,846.193,320.293,948.6,223,0,0
2025-06-28 15:15,1149.342,846.193,320.43,948.6,54,0,0
2025-06-28 15:30,1149.372,846.193,320.526,948.6,118,0,0
2025-06-28 15:45,1149.39,846.193,320.577,948.6,73,0,0
2025-06-28 16:00,1149.425,846.193,320.635,948.6,141,0,0
2025-06-28 16:15,1149.436,846.193,320.672,948.6,44,0,0
2025-06-28 16:30,1149.463,846.193,320.672,948.6,106,0,0
2025-06-28 16:45,1149.502,846.193,320.673,948.6,156,0,0
2025-06-28 17:00,1149.511,846.193,320.673,948.6,39,0,0
2025-06-28 17:15,1149.527,846.193,320.673,948.6,64,0,0
2025-06-28 17:30,1149.551,846.193,320.673,948.6,92,0,0
2025-06-28 17:45,1149.552,846.193,320.673,948.6,6,0,0
2025-06-28 18:00,1149.573,846.193,320.673,948.6,86,0,0
2025-06-28 18:15,1149.606,846.193,320.673,948.6,130,0,0
2025-06-28 18:30,1149.628,846.193,320.673,948.6,88,0,0
2025-06-28 18:45,1149.652,846.193,320.673,948.6,98,0,0
2025-06-28 19:00,1149.682,846.193,320.673,948.6,118,0,0
2025-06-28 19:15,1149.789,846.193,320.673,948.6,428,0,0
2025-06-28 19:30,1149.923,846.193,320.673,948.6,535,0,0
2025-06-28 19:45,1150.071,846.193,320.673,948.6,595,0,0
2025-06-28 20:00,1150.182,846.193,320.673,948.6,443,0,0
2025-06-28 20:15,1150.312,846.193,320.673,948.6,519,0,0
2025-06-28 20:30,1150.427,846.193,320.673,948.6,461,0,0
2025-06-28 20:45,1150.554,846.193,320.673,948.6,509,0,0
2025-06-28 21:00,1150.706,846.193,320.673,948.6,605,0,0
2025-06-28 21:15,1150.836,846.193,320.673,948.6,521,0,0
2025-06-28 21:30,1150.92,846.193,320.673,948.6,338,0,0
2025-06-28 21:45,1151.05,846.193,320.673,948.6,516,0,0
2025-06-28 22:00,1151.194,846.193,320.673,948.6,579,0,0
2025-06-28 22:15,1151.31,846.193,320.673,948.6,462,0,0
2025-06-28 22:30,1151.45,846.193,320.673,948.6,560,0,0
2025-06-28 22:45,1151.556,846.193,320.673,948.6,425,0,0
2025-06-28 23:00,1151.646,846.193,320.673,948.6,361,0,0
2025-06-28 23:15,1151.769,846.193,320.673,948.6,491,0,0
2025-06-28 23:30,1151.854,846.193,320.673,948.6,339,0,0
2025-06-28 23:45,1151.969,846.193,320.673,948.6,461,0,0
2025-06-29 00:00,1152.115,846.193,320.673,948.6,583,0,0
2025-06-29 00:15,1152.197,846.193,320.673,948.6,327,0,0
2025-06-29 00:30,1152.291,846.193,320.673,948.6,378,0,0
2025-06-29 00:45,1152.39,846.193,320.673,948.6,397,0,0
2025-06-29 01:00,1152.509,846.193,320.673,948.6,475,0,0
2025-06-29 01:15,1152.622,846.193,320.673,948.6,451,0,0
2025-06-29 01:30,1152.77,846.193,320.673,948.6,592,0,0
2025-06-29 01:45,1152.909,846.193,320.673,948.6,556,0,0
2025-06-29 02:00,1153.039,846.193,320.673,948.6,520,0,0
2025-06-29 02:15,1153.162,846.193,320.673,948.6,492,0,0
2025-06-29 02:30,1153.29,846.193,320.673,948.6,511,0,0
2025-06-29 02:45,1153.392,846.193,320.673,948.6,411,0,0
2025-06-29 03:00,1153.529,846.193,320.673,948.6,549,0,0
2025-06-29 03:15,1153.627,846.193,320.673,948.6,391,0,0
2025-06-29 03:30,1153.764,846.193,320.673,948.6,547,0,0
2025-06-29 03:45,1153.908,846.193,320.673,948.6,575,0,0
2025-06-29 04:00,1154.032,846.193,320.673,948.6,497,0,0
2025-06-29 04:15,1154.148,846.193,320.673,948.6,466,0,0
2025-06-29 04:30,1154.276,846.193,320.673,948.6,512,0,0
2025-06-29 04:45,1154.339,846.193,320.673,948.6,251,0,0
2025-06-29 05:00,1154.465,846.193,320.673,948.6,504,0,0
2025-06-29 05:15,1154.583,846.193,320.673,948.6,471,0,0
2025-06-29 05:30,1154.702,846.193,320.673,948.6,476,0,0
2025-06-29 05:45,1154.836,846.193,320.673,948.6,537,0,0
2025-06-29 06:00,1154.954,846.193,320.673,948.6,474,0,0
2025-06-29 06:15,1155.052,846.193,320.673,948.6,389,0,0
2025-06-29 06:30,1155.169,846.193,320.673,948.6,469,0,0
2025-06-29 06:45,1155.29,846.193,320.673,948.6,485,0,0
2025-06-29 07:00,1155.323,846.193,320.673,948.6,129,0,0
2025-06-29 07:15,1155.356,846.193,320.673,948.6,133,0,0
2025-06-29 07:30,1155.407,846.193,320.673,948.6,203,0,0
2025-06-29 07:45,1155.415,846.193,320.673,948.6,33,0,0
2025-06-29 08:00,1155.448,846.193,320.673,948.6,134,0,0
2025-06-29 08:15,1155.504,846.193,320.673,948.6,223,0,0
2025-06-29 08:30,1155.504,846.193,320.673,948.6,0,0,0
2025-06-29 08:45,1155.538,846.193,320.673,948.6,134,0,0
2025-06-29 09:00,1155.556,846.193,320.673,948.6,73,0,0
2025-06-29 09:15,1155.579,846.193,320.673,948.6,90,0,0
2025-06-29 09:30,1155.59,846.193,320.673,948.6,48,0,0
2025-06-29 09:45,1155.617,846.193,320.673,948.6,106,0,0
2025-06-29 10:00,1155.684,846.193,320.673,948.6,267,0,0
2025-06-29 10:15,1155.689,846.193,320.673,948.6,19,0,0
2025-06-29 10:30,1155.695,846.193,320.673,948.6,26,0,0
2025-06-29 10:45,1155.699,846.193,320.697,948.6,16,0,0
2025-06-29 11:00,1155.764,846.193,320.704,948.6,258,0,0
2025-06-29 11:15,1155.785,846.193,320.704,948.6,83,0,0
2025-06-29 11:30,1155.814,846.193,320.708,948.6,118,0,0
2025-06-29 11:45,1155.836,846.193,320.772,948.6,88,0,0
2025-06-29 12:00,1155.847,846.193,320.855,948.6,44,0,0
2025-06-29 12:15,1155.872,846.193,321.065,948.6,101,0,0
2025-06-29 12:30,1155.952,846.193,321.113,948.6,317,0,0
2025-06-29 12:45,1156.009,846.193,321.277,948.6,231,0,0
2025-06-29 13:00,1156.022,846.193,321.464,948.6,52,0,0
2025-06-29 13:15,1156.065,846.193,321.687,948.6,172,0,0
2025-06-29 13:30,1156.079,846.193,321.899,948.6,53,0,0
2025-06-29 13:45,1156.079,846.193,321.954,948.6,0,0,0
2025-06-29 14:00,1156.129,846.193,322.154,948.6,202,0,0
2025-06-29 14:15,1156.182,846.193,322.271,948.6,213,0,0
2025-06-29 14:30,1156.233,846.193,322.47,948.6,204,0,0
2025-06-29 14:45,1156.254,846.193,322.537,948.6,82,0,0
2025-06-29 15:00,1156.28,846.193,322.68,948.6,107,0,0
2025-06-29 15:15,1156.325,846.193,322.785,948.6,180,0,0
2025-06-29 15:30,1156.363,846.193,322.871,948.6,151,0,0
2025-06-29 15:45,1156.385,846.193,322.884,948.6,89,0,0
2025-06-29 16:00,1156.385,846.193,322.929,948.6,0,0,0
2025-06-29 16:15,1156.418,846.193,322.96,948.6,129,0,0
2025-06-29 16:30,1156.469,846.193,322.96,948.6,206,0,0
2025-06-29 16:45,1156.475,846.193,322.96,948.6,24,0,0
2025-06-29 17:00,1156.518,846.193,322.96,948.6,171,0,0
2025-06-29 17:15,1156.555,846.193,322.96,948.6,147,0,0
2025-06-29 17:30,1156.6,846.193,322.96,948.6,180,0,0
2025-06-29 17:45,1156.647,846.193,322.96,948.6,190,0,0
2025-06-29 18:00,1156.663,846.193,322.96,948.6,64,0,0
2025-06-29 18:15,1156.663,846.193,322.96,948.6,0,0,0
2025-06-29 18:30,1156.683,846.193,322.96,948.6,77,0,0
2025-06-29 18:45,1156.73,846.193,322.96,948.6,191,0,0
2025-06-29 19:00,1156.749,846.193,322.96,948.6,77,0,0
2025-06-29 19:15,1156.856,846.193,322.96,948.6,424,0,0
2025-06-29 19:30,1156.939,846.193,322.96,948.6,334,0,0
2025-06-29 19:45,1157.094,846.193,322.96,948.6,620,0,0
2025-06-29 20:00,1157.231,846.193,322.96,948.6,546,0,0
2025-06-29 20:15,1157.366,846.193,322.96,948.6,542,0,0
2025-06-29 20:30,1157.506,846.193,322.96,948.6,557,0,0
2025-06-29 20:45,1157.637,846.193,322.96,948.6,526,0,0
2025-06-29 21:00,1157.752,846.193,322.96,948.6,460,0,0
2025-06-29 21:15,1157.869,846.193,322.96,948.6,467,0,0
2025-06-29 21:30,1157.98,846.193,322.96,948.6,446,0,0
2025-06-29 21:45,1158.153,846.193,322.96,948.6,691,0,0
2025-06-29 22:00,1158.284,846.193,322.96,948.6,524,0,0
2025-06-29 22:15,1158.395,846.193,322.96,948.6,443,0,0
2025-06-29 22:30,1158.524,846.193,322.96,948.6,517,0,0
2025-06-29 22:45,1158.624,846.193,322.96,948.6,399,0,0
2025-06-29 23:00,1158.774,846.193,322.96,948.6,600,0,0
2025-06-29 23:15,1158.881,846.193,322.96,948.6,427,0,0
2025-06-29 23:30,1159.011,846.193,322.96,948.6,520,0,0
2025-06-29 23:45,1159.152,846.193,322.96,948.6,565,0,0
2025-06-30 00:00,1159.28,846.193,322.96,948.6,511,0,0
2025-06-30 00:15,1159.402,846.193,322.96,948.6,488,0,0
2025-06-30 00:30,1159.522,846.193,322.96,948.6,481,0,0
2025-06-30 00:45,1159.641,846.193,322.96,948.6,475,0,0
2025-06-30 01:00,1159.749,846.193,322.96,948.6,434,0,0
2025-06-30 01:15,1159.86,846.193,322.96,948.6,444,0,0
2025-06-30 01:30,1160.01,846.193,322.96,948.6,598,0,0
2025-06-30 01:45,1160.128,846.193,322.96,948.6,471,0,0
2025-06-30 02:00,1160.232,846.193,322.96,948.6,417,0,0
2025-06-30 02:15,1160.342,846.193,322.96,948.6,439,0,0
2025-06-30 02:30,1160.484,846.193,322.96,948.6,568,0,0
2025-06-30 02:45,1160.617,846.193,322.96,948.6,534,0,0
2025-06-30 03:00,1160.748,846.193,322.96,948.6,525,0,0
2025-06-30 03:15,1160.863,846.193,322.96,948.6,459,0,0
2025-06-30 03:30,1160.995,846.193,322.96,948.6,526,0,0
2025-06-30 03:45,1161.102,846.193,322.96,948.6,429,0,0
2025-06-30 04:00,1161.217,846.193,322.96,948.6,459,0,0
2025-06-30 04:15,1161.356,846.193,322.96,948.6,558,0,0
2025-06-30 04:30,1161.494,846.193,322.96,948.6,550,0,0
2025-06-30 04:45,1161.594,846.193,322.96,948.6,401,0,0
2025-06-30 05:00,1161.697,846.193,322.96,948.6,412,0,0
2025-06-30 05:15,1161.819,846.193,322.96,948.6,489,0,0
2025-06-30 05:30,1161.973,846.193,322.96,948.6,618,0,0
2025-06-30 05:45,1162.055,846.193,322.96,948.6,327,0,0
2025-06-30 06:00,1162.181,846.193,322.96,948.6,502,0,0
2025-06-30 06:15,1162.273,846.193,322.96,948.6,370,0,0
2025-06-30 06:30,1162.381,846.193,322.96,948.6,429,0,0
2025-06-30 06:45,1162.493,846.193,322.96,948.6,451,0,0
2025-06-30 07:00,1162.493,846.215,322.96,948.6,86,0,0
2025-06-30 07:15,1162.493,846.234,322.96,948.6,77,0,0
2025-06-30 07:30,1162.493,846.264,322.96,948.6,121,0,0
2025-06-30 07:45,1162.493,846.284,322.96,948.6,77,0,0
2025-06-30 08:00,1162.493,846.284,322.96,948.6,3,0,0
2025-06-30 08:15,1162.493,846.33,322.96,948.6,182,0,0
2025-06-30 08:30,1162.493,846.375,322.96,948.6,180,0,0
2025-06-30 08:45,1162.493,846.422,322.96,948.6,187,0,0
2025-06-30 09:00,1162.493,846.422,322.96,948.6,0,0,0
2025-06-30 09:15,1162.493,846.458,322.96,948.6,144,0,0
2025-06-30 09:30,1162.493,846.501,322.96,948.6,174,0,0
2025-06-30 09:45,1162.493,846.511,322.96,948.6,38,0,0
2025-06-30 10:00,1162.493,846.541,322.96,948.6,121,0,0
2025-06-30 10:15,1162.493,846.569,322.96,948.601,111,0,0
2025-06-30 10:30,1162.493,846.636,322.96,948.601,267,0,0
2025-06-30 10:45,1162.493,846.704,322.96,948.601,274,0,0
2025-06-30 11:00,1162.493,846.704,322.96,948.601,0,0,0
2025-06-30 11:15,1162.493,846.784,322.96,948.66,320,0,0
2025-06-30 11:30,1162.493,846.796,322.96,948.751,47,0,0
2025-06-30 11:45,1162.493,846.845,322.96,948.764,198,0,0
2025-06-30 12:00,1162.493,846.895,322.96,948.873,198,0,0
2025-06-30 12:15,1162.493,846.905,322.96,948.975,40,0,0
2025-06-30 12:30,1162.493,846.945,322.96,949.178,159,0,0
2025-06-30 12:45,1162.493,846.972,322.96,949.232,111,0,0
2025-06-30 13:00,1162.493,847.014,322.96,949.294,164,0,0
2025-06-30 13:15,1162.493,847.048,322.96,949.499,138,0,0
2025-06-30 13:30,1162.493,847.102,322.96,949.699,216,0,0
2025-06-30 13:45,1162.493,847.134,322.96,949.954,126,0,0
2025-06-30 14:00,1162.493,847.16,322.96,950.144,107,0,0
2025-06-30 14:15,1162.493,847.212,322.96,950.401,208,0,0
2025-06-30 14:30,1162.493,847.254,322.96,950.505,166,0,0
2025-06-30 14:45,1162.493,847.298,322.96,950.611,179,0,0
2025-06-30 15:00,1162.493,847.315,322.96,950.798,67,0,0
2025-06-30 15:15,1162.493,847.324,322.96,950.827,36,0,0
2025-06-30 15:30,1162.493,847.343,322.96,950.931,75,0,0
2025-06-30 15:45,1162.493,847.36,322.96,950.931,70,0,0
2025-06-30 16:00,1162.493,847.406,322.96,950.96,183,0,0
2025-06-30 16:15,1162.493,847.456,322.96,950.96,198,0,0
2025-06-30 16:30,1162.493,847.483,322.96,950.966,108,0,0
2025-06-30 16:45,1162.493,847.541,322.96,950.968,234,0,0
2025-06-30 17:00,1162.493,847.599,322.96,950.968,229,0,0
2025-06-30 17:15,1162.493,847.633,322.96,950.968,139,0,0
2025-06-30 17:30,1162.493,847.647,322.96,950.968,54,0,0
2025-06-30 17:45,1162.493,847.708,322.96,950.968,246,0,0
2025-06-30 18:00,1162.493,847.737,322.96,950.968,115,0,0
2025-06-30 18:15,1162.493,847.77,322.96,950.968,130,0,0
2025-06-30 18:30,1162.493,847.793,322.96,950.968,93,0,0
2025-06-30 18:45,1162.493,847.805,322.96,950.968,49,0,0
2025-06-30 19:00,1162.493,847.806,322.96,950.968,3,0,0
2025-06-30 19:15,1162.493,847.938,322.96,950.968,531,0,0
2025-06-30 19:30,1162.493,848.043,322.96,950.968,417,0,0
2025-06-30 19:45,1162.493,848.224,322.96,950.968,725,0,0
2025-06-30 20:00,1162.493,848.322,322.96,950.968,393,0,0
2025-06-30 20:15,1162.493,848.417,322.96,950.968,379,0,0
2025-06-30 20:30,1162.493,848.547,322.96,950.968,521,0,0
2025-06-30 20:45,1162.493,848.698,322.96,950.968,602,0,0
2025-06-30 21:00,1162.615,848.698,322.96,950.968,485,0,0
2025-06-30 21:15,1162.746,848.698,322.96,950.968,526,0,0
2025-06-30 21:30,1162.829,848.698,322.96,950.968,333,0,0
2025-06-30 21:45,1162.936,848.698,322.96,950.968,426,0,0
2025-06-30 22:00,1163.034,848.698,322.96,950.968,394,0,0
2025-06-30 22:15,1163.116,848.698,322.96,950.968,328,0,0
2025-06-30 22:30,1163.239,848.698,322.96,950.968,489,0,0
2025-06-30 22:45,1163.314,848.698,322.96,950.968,301,0,0
2025-06-30 23:00,1163.407,848.698,322.96,950.968,374,0,0
2025-06-30 23:15,1163.516,848.698,322.96,950.968,437,0,0
2025-06-30 23:30,1163.62,848.698,322.96,950.968,413,0,0
2025-06-30 23:45,1163.748,848.698,322.96,950.968,512,0,0
2025-07-01 00:00,1163.874,848.698,322.96,950.968,504,0,0
2025-07-01 00:15,1164.012,848.698,322.96,950.968,552,0,0
2025-07-01 00:30,1164.147,848.698,322.96,950.968,540,0,0
2025-07-01 00:45,1164.29,848.698,322.96,950.968,571,0,0
2025-07-01 01:00,1164.41,848.698,322.96,950.968,480,0,0
2025-07-01 01:15,1164.536,848.698,322.96,950.968,504,0,0
2025-07-01 01:30,1164.666,848.698,322.96,950.968,521,0,0
2025-07-01 01:45,1164.789,848.698,322.96,950.968,491,0,0
2025-07-01 02:00,1164.901,848.698,322.96,950.968,448,0,0
2025-07-01 02:15,1165.014,848.698,322.96,950.968,453,0,0
2025-07-01 02:30,1165.118,848.698,322.96,950.968,415,0,0
2025-07-01 02:45,1165.246,848.698,322.96,950.968,514,0,0
2025-07-01 03:00,1165.364,848.698,322.96,950.968,472,0,0
2025-07-01 03:15,1165.471,848.698,322.96,950.968,427,0,0
2025-07-01 03:30,1165.578,848.698,322.96,950.968,427,0,0
2025-07-01 03:45,1165.674,848.698,322.96,950.968,383,0,0
2025-07-01 04:00,1165.813,848.698,322.96,950.968,558,0,0
2025-07-01 04:15,1165.935,848.698,322.96,950.968,486,0,0
2025-07-01 04:30,1166.038,848.698,322.96,950.968,411,0,0
2025-07-01 04:45,1166.174,848.698,322.96,950.968,545,0,0
2025-07-01 05:00,1166.282,848.698,322.96,950.968,435,0,0
2025-07-01 05:15,1166.374,848.698,322.96,950.968,367,0,0
2025-07-01 05:30,1166.515,848.698,322.96,950.968,562,0,0
2025-07-01 05:45,1166.624,848.698,322.96,950.968,437,0,0
2025-07-01 06:00,1166.736,848.698,322.96,950.968,447,0,0
2025-07-01 06:15,1166.857,848.698,322.96,950.968,483,0,0
2025-07-01 06:30,1167.0,848.698,322.96,950.968,571,0,0
2025-07-01 06:45,1167.12,848.698,322.96,950.968,482,0,0
2025-07-01 07:00,1167.12,848.704,322.96,950.968,24,0,0
2025-07-01 07:15,1167.12,848.745,322.96,950.968,164,0,0
2025-07-01 07:30,1167.12,848.765,322.96,950.968,81,0,0
2025-07-01 07:45,1167.12,848.833,322.96,950.968,271,0,0
2025-07-01 08:00,1167.12,848.863,322.96,950.968,120,0,0
2025-07-01 08:15,1167.12,848.863,322.96,950.968,0,0,0
2025-07-01 08:30,1167.12,848.9,322.96,950.968,149,0,0
2025-07-01 08:45,1167.12,848.969,322.96,950.968,276,0,0
2025-07-01 09:00,1167.12,849.03,322.96,950.968,246,0,0
2025-07-01 09:15,1167.12,849.097,322.96,950.968,266,0,0
2025-07-01 09:30,1167.12,849.107,322.96,950.968,38,0,0
2025-07-01 09:45,1167.12,849.155,322.96,950.968,193,0,0
2025-07-01 10:00,1167.12,849.17,322.96,950.968,62,0,0
2025-07-01 10:15,1167.12,849.205,322.96,950.968,138,0,0
2025-07-01 10:30,1167.12,849.209,322.96,950.968,18,0,0
2025-07-01 10:45,1167.12,849.227,322.96,950.968,68,0,0
2025-07-01 11:00,1167.12,849.243,322.96,951.017,66,0,0
2025-07-01 11:15,1167.12,849.291,322.96,951.044,192,0,0
2025-07-01 11:30,1167.12,849.337,322.96,951.113,184,0,0
2025-07-01 11:45,1167.12,849.373,322.96,951.175,142,0,0
2025-07-01 12:00,1167.12,849.376,322.96,951.327,12,0,0
2025-07-01 12:15,1167.12,849.399,322.96,951.401,95,0,0
2025-07-01 12:30,1167.12,849.414,322.96,951.635,60,0,0
2025-07-01 12:45,1167.12,849.462,322.96,951.752,190,0,0
2025-07-01 13:00,1167.12,849.515,322.96,951.827,214,0,0
2025-07-01 13:15,1167.12,849.567,322.96,951.94,205,0,0
2025-07-01 13:30,1167.12,849.581,322.96,952.013,60,0,0
2025-07-01 13:45,1167.12,849.581,322.96,952.18,0,0,0
2025-07-01 14:00,1167.12,849.581,322.96,952.29,0,0,0
2025-07-01 14:15,1167.12,849.64,322.96,952.533,234,0,0
2025-07-01 14:30,1167.12,849.662,322.96,952.679,88,0,0
2025-07-01 14:45,1167.12,849.677,322.96,952.754,60,0,0
2025-07-01 15:00,1167.12,849.74,322.96,952.852,251,0,0
2025-07-01 15:15,1167.12,849.795,322.96,952.894,221,0,0
2025-07-01 15:30,1167.12,849.825,322.96,952.921,122,0,0
2025-07-01 15:45,1167.12,849.85,322.96,952.947,97,0,0
2025-07-01 16:00,1167.12,849.877,322.96,952.947,109,0,0
2025-07-01 16:15,1167.12,849.911,322.96,952.947,138,0,0
2025-07-01 16:30,1167.12,849.973,322.96,952.972,248,0,0
2025-07-01 16:45,1167.12,850.012,322.96,952.972,154,0,0
2025-07-01 17:00,1167.12,850.056,322.96,952.972,178,0,0
2025-07-01 17:15,1167.12,850.11,322.96,952.972,214,0,0
2025-07-01 17:30,1167.12,850.116,322.96,952.972,26,0,0
2025-07-01 17:45,1167.12,850.162,322.96,952.972,180,0,0
2025-07-01 18:00,1167.12,850.186,322.96,952.972,96,0,0
2025-07-01 18:15,1167.12,850.186,322.96,952.972,0,0,0
2025-07-01 18:30,1167.12,850.186,322.96,952.972,0,0,0
2025-07-01 18:45,1167.12,850.195,322.96,952.972,39,0,0
2025-07-01 19:00,1167.12,850.236,322.96,952.972,162,0,0
2025-07-01 19:15,1167.12,850.358,322.96,952.972,489,0,0
2025-07-01 19:30,1167.12,850.482,322.96,952.972,495,0,0
2025-07-01 19:45,1167.12,850.641,322.96,952.972,636,0,0
2025-07-01 20:00,1167.12,850.736,322.96,952.972,378,0,0
2025-07-01 20:15,1167.12,850.855,322.96,952.972,478,0,0
2025-07-01 20:30,1167.12,850.981,322.96,952.972,504,0,0
2025-07-01 20:45,1167.12,851.086,322.96,952.972,421,0,0
2025-07-01 21:00,1167.241,851.086,322.96,952.972,482,0,0
2025-07-01 21:15,1167.329,851.086,322.96,952.972,352,0,0
2025-07-01 21:30,1167.477,851.086,322.96,952.972,593,0,0
2025-07-01 21:45,1167.583,851.086,322.96,952.972,425,0,0
2025-07-01 22:00,1167.744,851.086,322.96,952.972,643,0,0
2025-07-01 22:15,1167.863,851.086,322.96,952.972,477,0,0
2025-07-01 22:30,1168.004,851.086,322.96,952.972,562,0,0
2025-07-01 22:45,1168.123,851.086,322.96,952.972,476,0,0
2025-07-01 23:00,1168.242,851.086,322.96,952.972,478,0,0
2025-07-01 23:15,1168.35,851.086,322.96,952.972,433,0,0
2025-07-01 23:30,1168.473,851.086,322.96,952.972,490,0,0
2025-07-01 23:45,1168.599,851.086,322.96,952.972,505,0,0
2025-07-02 00:00,1168.703,851.086,322.96,952.972,417,0,0
2025-07-02 00:15,1168.821,851.086,322.96,952.972,470,0,0
2025-07-02 00:30,1168.929,851.086,322.96,952.972,431,0,0
2025-07-02 00:45,1169.095,851.086,322.96,952.972,664,0,0
2025-07-02 01:00,1169.213,851.086,322.96,952.972,473,0,0
2025-07-02 01:15,1169.364,851.086,322.96,952.972,604,0,0
2025-07-02 01:30,1169.48,851.086,322.96,952.972,464,0,0
2025-07-02 01:45,1169.605,851.086,322.96,952.972,501,0,0
2025-07-02 02:00,1169.699,851.086,322.96,952.972,374,0,0
2025-07-02 02:15,1169.81,851.086,322.96,952.972,444,0,0
2025-07-02 02:30,1169.934,851.086,322.96,952.972,497,0,0
2025-07-02 02:45,1170.086,851.086,322.96,952.972,607,0,0
2025-07-02 03:00,1170.21,851.086,322.96,952.972,498,0,0
2025-07-02 03:15,1170.358,851.086,322.96,952.972,591,0,0
2025-07-02 03:30,1170.49,851.086,322.96,952.972,531,0,0
2025-07-02 03:45,1170.643,851.086,322.96,952.972,610,0,0
2025-07-02 04:00,1170.762,851.086,322.96,952.972,475,0,0
2025-07-02 04:15,1170.93,851.086,322.96,952.972,671,0,0
2025-07-02 04:30,1171.04,851.086,322.96,952.972,441,0,0
2025-07-02 04:45,1171.145,851.086,322.96,952.972,419,0,0
2025-07-02 05:00,1171.24,851.086,322.96,952.972,383,0,0
2025-07-02 05:15,1171.407,851.086,322.96,952.972,666,0,0
2025-07-02 05:30,1171.543,851.086,322.96,952.972,546,0,0
2025-07-02 05:45,1171.657,851.086,322.96,952.972,453,0,0
2025-07-02 06:00,1171.802,851.086,322.96,952.972,580,0,0
2025-07-02 06:15,1171.935,851.086,322.96,952.972,535,0,0
2025-07-02 06:30,1172.095,851.086,322.96,952.972,637,0,0
2025-07-02 06:45,1172.184,851.086,322.96,952.972,356,0,0
2025-07-02 07:00,1172.184,851.111,322.96,952.972,99,0,0
2025-07-02 07:15,1172.184,851.132,322.96,952.972,83,0,0
2025-07-02 07:30,1172.184,851.132,322.96,952.972,0,0,0
2025-07-02 07:45,1172.184,851.183,322.96,952.972,205,0,0
2025-07-02 08:00,1172.184,851.208,322.96,952.972,98,0,0
2025-07-02 08:15,1172.184,851.252,322.96,952.972,179,0,0
2025-07-02 08:30,1172.184,851.33,322.96,952.972,309,0,0
2025-07-02 08:45,1172.184,851.352,322.96,952.972,92,0,0
2025-07-02 09:00,1172.184,851.374,322.96,952.972,86,0,0
2025-07-02 09:15,1172.184,851.406,322.96,952.972,129,0,0
2025-07-02 09:30,1172.184,851.456,322.96,952.972,199,0,0
2025-07-02 09:45,1172.184,851.475,322.96,952.972,75,0,0
2025-07-02 10:00,1172.184,851.492,322.96,952.972,70,0,0
2025-07-02 10:15,1172.184,851.543,322.96,952.972,205,0,0
2025-07-02 10:30,1172.184,851.581,322.96,952.972,150,0,0
2025-07-02 10:45,1172.184,851.581,322.96,953.003,0,0,0
2025-07-02 11:00,1172.184,851.586,322.96,953.051,22,0,0
2025-07-02 11:15,1172.184,851.646,322.96,953.13,240,0,0
2025-07-02 11:30,1172.184,851.685,322.96,953.174,152,0,0
2025-07-02 11:45,1172.184,851.699,322.96,953.252,59,0,0
2025-07-02 12:00,1172.184,851.726,322.96,953.302,106,0,0
2025-07-02 12:15,1172.184,851.756,322.96,953.515,121,0,0
2025-07-02 12:30,1172.184,851.801,322.96,953.572,179,0,0
2025-07-02 12:45,1172.184,851.804,322.96,953.762,11,0,0
2025-07-02 13:00,1172.184,851.817,322.96,953.979,53,0,0
2025-07-02 13:15,1172.184,851.852,322.96,954.071,142,0,0
2025-07-02 13:30,1172.184,851.88,322.96,954.215,112,0,0
2025-07-02 13:45,1172.184,851.922,322.96,954.28,166,0,0
2025-07-02 14:00,1172.184,851.927,322.96,954.461,22,0,0
2025-07-02 14:15,1172.184,851.964,322.96,954.729,149,0,0
2025-07-02 14:30,1172.184,852.016,322.96,954.857,207,0,0
2025-07-02 14:45,1172.184,852.056,322.96,955.075,159,0,0
2025-07-02 15:00,1172.184,852.089,322.96,955.118,131,0,0
2025-07-02 15:15,1172.184,852.117,322.96,955.189,112,0,0
2025-07-02 15:30,1172.184,852.13,322.96,955.306,53,0,0
2025-07-02 15:45,1172.184,852.159,322.96,955.394,114,0,0
2025-07-02 16:00,1172.184,852.214,322.96,955.409,221,0,0
2025-07-02 16:15,1172.184,852.241,322.96,955.436,110,0,0
2025-07-02 16:30,1172.184,852.254,322.96,955.458,49,0,0
2025-07-02 16:45,1172.184,852.274,322.96,955.458,81,0,0
2025-07-02 17:00,1172.184,852.308,322.96,955.458,136,0,0
2025-07-02 17:15,1172.184,852.33,322.96,955.458,90,0,0
2025-07-02 17:30,1172.184,852.37,322.96,955.458,159,0,0
2025-07-02 17:45,1172.184,852.41,322.96,955.458,162,0,0
2025-07-02 18:00,1172.184,852.458,322.96,955.458,191,0,0
2025-07-02 18:15,1172.184,852.517,322.96,955.458,234,0,0
2025-07-02 18:30,1172.184,852.567,322.96,955.458,200,0,0
2025-07-02 18:45,1172.184,852.578,322.96,955.458,45,0,0
2025-07-02 19:00,1172.184,852.59,322.96,955.458,48,0,0
2025-07-02 19:15,1172.184,852.708,322.96,955.458,474,0,0
2025-07-02 19:30,1172.184,852.819,322.96,955.458,444,0,0
2025-07-02 19:45,1172.184,852.917,322.96,955.458,389,0,0
2025-07-02 20:00,1172.184,853.028,322.96,955.458,445,0,0
2025-07-02 20:15,1172.184,853.138,322.96,955.458,442,0,0
2025-07-02 20:30,1172.184,853.245,322.96,955.458,426,0,0
2025-07-02 20:45,1172.184,853.359,322.96,955.458,455,0,0
2025-07-02 21:00,1172.327,853.359,322.96,955.458,574,0,0
2025-07-02 21:15,1172.451,853.359,322.96,955.458,496,0,0
2025-07-02 21:30,1172.621,853.359,322.96,955.458,678,0,0
2025-07-02 21:45,1172.744,853.359,322.96,955.458,494,0,0
2025-07-02 22:00,1172.858,853.359,322.96,955.458,457,0,0
2025-07-02 22:15,1172.979,853.359,322.96,955.458,480,0,0
2025-07-02 22:30,1173.104,853.359,322.96,955.458,501,0,0
2025-07-02 22:45,1173.232,853.359,322.96,955.458,515,0,0
2025-07-02 23:00,1173.394,853.359,322.96,955.458,646,0,0
2025-07-02 23:15,1173.497,853.359,322.96,955.458,412,0,0
2025-07-02 23:30,1173.634,853.359,322.96,955.458,549,0,0
2025-07-02 23:45,1173.758,853.359,322.96,955.458,497,0,0
2025-07-03 00:00,1173.847,853.359,322.96,955.458,354,0,0
2025-07-03 00:15,1173.982,853.359,322.96,955.458,542,0,0
2025-07-03 00:30,1174.128,853.359,322.96,955.458,581,0,0
2025-07-03 00:45,1174.231,853.359,322.96,955.458,411,0,0
2025-07-03 01:00,1174.35,853.359,322.96,955.458,479,0,0
2025-07-03 01:15,1174.436,853.359,322.96,955.458,342,0,0
2025-07-03 01:30,1174.531,853.359,322.96,955.458,379,0,0
2025-07-03 01:45,1174.672,853.359,322.96,955.458,564,0,0
2025-07-03 02:00,1174.782,853.359,322.96,955.458,443,0,0
2025-07-03 02:15,1174.88,853.359,322.96,955.458,391,0,0
2025-07-03 02:30,1175.005,853.359,322.96,955.458,498,0,0
2025-07-03 02:45,1175.114,853.359,322.96,955.458,438,0,0
2025-07-03 03:00,1175.225,853.359,322.96,955.458,442,0,0
2025-07-03 03:15,1175.36,853.359,322.96,955.458,539,0,0
2025-07-03 03:30,1175.456,853.359,322.96,955.458,387,0,0
2025-07-03 03:45,1175.558,853.359,322.96,955.458,408,0,0
2025-07-03 04:00,1175.681,853.359,322.96,955.458,492,0,0
2025-07-03 04:15,1175.821,853.359,322.96,955.458,558,0,0
2025-07-03 04:30,1175.966,853.359,322.96,955.458,579,0,0
2025-07-03 04:45,1176.072,853.359,322.96,955.458,427,0,0
2025-07-03 05:00,1176.211,853.359,322.96,955.458,555,0,0
2025-07-03 05:15,1176.315,853.359,322.96,955.458,417,0,0
2025-07-03 05:30,1176.472,853.359,322.96,955.458,626,0,0
2025-07-03 05:45,1176.569,853.359,322.96,955.458,389,0,0
2025-07-03 06:00,1176.716,853.359,322.96,955.458,586,0,0
2025-07-03 06:15,1176.823,853.359,322.96,955.458,427,0,0
2025-07-03 06:30,1176.983,853.359,322.96,955.458,641,0,0
2025-07-03 06:45,1177.115,853.359,322.96,955.458,527,0,0
2025-07-03 07:00,1177.115,853.368,322.96,955.458,39,0,0
2025-07-03 07:15,1177.115,853.388,322.96,955.458,78,0,0
2025-07-03 07:30,1177.115,853.433,322.96,955.458,182,0,0
2025-07-03 07:45,1177.115,853.484,322.96,955.458,204,0,0
2025-07-03 08:00,1177.115,853.513,322.96,955.458,114,0,0
2025-07-03 08:15,1177.115,853.544,322.96,955.458,124,0,0
2025-07-03 08:30,1177.115,853.589,322.96,955.458,181,0,0
2025-07-03 08:45,1177.115,853.622,322.96,955.458,131,0,0
2025-07-03 09:00,1177.115,853.626,322.96,955.458,17,0,0
2025-07-03 09:15,1177.115,853.64,322.96,955.458,55,0,0
2025-07-03 09:30,1177.115,853.674,322.96,955.458,139,0,0
2025-07-03 09:45,1177.115,853.729,322.96,955.458,217,0,0
2025-07-03 10:00,1177.115,853.791,322.96,955.458,249,0,0
2025-07-03 10:15,1177.115,853.836,322.96,955.458,182,0,0
2025-07-03 10:30,1177.115,853.872,322.96,955.478,143,0,0
2025-07-03 10:45,1177.115,853.917,322.96,955.507,180,0,0
2025-07-03 11:00,1177.115,853.934,322.96,955.507,67,0,0
2025-07-03 11:15,1177.115,853.961,322.96,955.605,108,0,0
2025-07-03 11:30,1177.115,853.974,322.96,955.612,54,0,0
2025-07-03 11:45,1177.115,853.979,322.96,955.718,20,0,0
2025-07-03 12:00,1177.115,854.016,322.96,955.769,147,0,0
2025-07-03 12:15,1177.115,854.05,322.96,955.935,135,0,0
2025-07-03 12:30,1177.115,854.093,322.96,955.989,175,0,0
2025-07-03 12:45,1177.115,854.134,322.96,956.053,164,0,0
2025-07-03 13:00,1177.115,854.169,322.96,956.213,139,0,0
2025-07-03 13:15,1177.115,854.21,322.96,956.508,165,0,0
2025-07-03 13:30,1177.115,854.24,322.96,956.631,117,0,0
2025-07-03 13:45,1177.115,854.278,322.96,956.833,153,0,0
2025-07-03 14:00,1177.115,854.293,322.96,957.006,62,0,0
2025-07-03 14:15,1177.115,854.331,322.96,957.239,150,0,0
2025-07-03 14:30,1177.115,854.374,322.96,957.338,173,0,0
2025-07-03 14:45,1177.115,854.391,322.96,957.474,66,0,0
2025-07-03 15:00,1177.115,854.422,322.96,957.656,124,0,0
2025-07-03 15:15,1177.115,854.439,322.96,957.718,70,0,0
2025-07-03 15:30,1177.115,854.459,322.96,957.777,78,0,0
2025-07-03 15:45,1177.115,854.466,322.96,957.866,30,0,0
2025-07-03 16:00,1177.115,854.521,322.96,957.882,221,0,0
2025-07-03 16:15,1177.115,854.573,322.96,957.888,205,0,0
2025-07-03 16:30,1177.115,854.614,322.96,957.888,163,0,0
2025-07-03 16:45,1177.115,854.683,322.96,957.89,278,0,0
2025-07-03 17:00,1177.115,854.709,322.96,957.89,105,0,0
2025-07-03 17:15,1177.115,854.8,322.96,957.89,363,0,0
2025-07-03 17:30,1177.115,854.825,322.96,957.89,102,0,0
2025-07-03 17:45,1177.115,854.86,322.96,957.89,140,0,0
2025-07-03 18:00,1177.115,854.882,322.96,957.89,88,0,0
2025-07-03 18:15,1177.115,854.92,322.96,957.89,150,0,0
2025-07-03 18:30,1177.115,854.967,322.96,957.89,187,0,0
2025-07-03 18:45,1177.115,854.994,322.96,957.89,111,0,0
2025-07-03 19:00,1177.115,855.06,322.96,957.89,262,0,0
2025-07-03 19:15,1177.115,855.185,322.96,957.89,499,0,0
2025-07-03 19:30,1177.115,855.31,322.96,957.89,502,0,0
2025-07-03 19:45,1177.115,855.412,322.96,957.89,407,0,0
2025-07-03 20:00,1177.115,855.54,322.96,957.89,513,0,0
2025-07-03 20:15,1177.115,855.658,322.96,957.89,469,0,0
2025-07-03 20:30,1177.115,855.765,322.96,957.89,431,0,0
2025-07-03 20:45,1177.115,855.87,322.96,957.89,418,0,0
2025-07-03 21:00,1177.288,855.87,322.96,957.89,694,0,0
2025-07-03 21:15,1177.403,855.87,322.96,957.89,459,0,0
2025-07-03 21:30,1177.494,855.87,322.96,957.89,363,0,0
2025-07-03 21:45,1177.6,855.87,322.96,957.89,424,0,0
2025-07-03 22:00,1177.719,855.87,322.96,957.89,476,0,0
2025-07-03 22:15,1177.85,855.87,322.96,957.89,524,0,0
2025-07-03 22:30,1177.981,855.87,322.96,957.89,524,0,0
2025-07-03 22:45,1178.114,855.87,322.96,957.89,534,0,0
2025-07-03 23:00,1178.221,855.87,322.96,957.89,428,0,0
2025-07-03 23:15,1178.348,855.87,322.96,957.89,507,0,0
2025-07-03 23:30,1178.451,855.87,322.96,957.89,410,0,0
2025-07-03 23:45,1178.558,855.87,322.96,957.89,430,0,0
2025-07-04 00:00,1178.66,855.87,322.96,957.89,407,0,0
2025-07-04 00:15,1178.756,855.87,322.96,957.89,385,0,0
2025-07-04 00:30,1178.897,855.87,322.96,957.89,565,0,0
2025-07-04 00:45,1179.031,855.87,322.96,957.89,535,0,0
2025-07-04 01:00,1179.171,855.87,322.96,957.89,558,0,0
2025-07-04 01:15,1179.291,855.87,322.96,957.89,483,0,0
2025-07-04 01:30,1179.427,855.87,322.96,957.89,542,0,0
2025-07-04 01:45,1179.512,855.87,322.96,957.89,339,0,0
2025-07-04 02:00,1179.649,855.87,322.96,957.89,549,0,0
2025-07-04 02:15,1179.773,855.87,322.96,957.89,494,0,0
2025-07-04 02:30,1179.905,855.87,322.96,957.89,530,0,0
2025-07-04 02:45,1180.033,855.87,322.96,957.89,510,0,0
2025-07-04 03:00,1180.133,855.87,322.96,957.89,401,0,0
2025-07-04 03:15,1180.223,855.87,322.96,957.89,360,0,0
2025-07-04 03:30,1180.329,855.87,322.96,957.89,423,0,0
2025-07-04 03:45,1180.46,855.87,322.96,957.89,525,0,0
2025-07-04 04:00,1180.594,855.87,322.96,957.89,535,0,0
2025-07-04 04:15,1180.687,855.87,322.96,957.89,371,0,0
2025-07-04 04:30,1180.787,855.87,322.96,957.89,402,0,0
2025-07-04 04:45,1180.892,855.87,322.96,957.89,422,0,0
2025-07-04 05:00,1181.005,855.87,322.96,957.89,451,0,0
2025-07-04 05:15,1181.098,855.87,322.96,957.89,371,0,0
2025-07-04 05:30,1181.19,855.87,322.96,957.89,366,0,0
2025-07-04 05:45,1181.293,855.87,322.96,957.89,414,0,0
2025-07-04 06:00,1181.415,855.87,322.96,957.89,487,0,0
2025-07-04 06:15,1181.511,855.87,322.96,957.89,386,0,0
2025-07-04 06:30,1181.629,855.87,322.96,957.89,471,0,0
2025-07-04 06:45,1181.77,855.87,322.96,957.89,565,0,0
2025-07-04 07:00,1181.77,855.874,322.96,957.89,16,0,0
2025-07-04 07:15,1181.77,855.9,322.96,957.89,103,0,0
2025-07-04 07:30,1181.77,855.95,322.96,957.89,202,0,0
2025-07-04 07:45,1181.77,855.972,322.96,957.89,87,0,0
2025-07-04 08:00,1181.77,855.99,322.96,957.89,74,0,0
2025-07-04 08:15,1181.77,856.044,322.96,957.89,213,0,0
2025-07-04 08:30,1181.77,856.068,322.96,957.89,96,0,0
2025-07-04 08:45,1181.77,856.12,322.96,957.89,208,0,0
2025-07-04 09:00,1181.77,856.158,322.96,957.89,154,0,0
2025-07-04 09:15,1181.77,856.181,322.96,957.89,93,0,0
2025-07-04 09:30,1181.77,856.221,322.96,957.89,158,0,0
2025-07-04 09:45,1181.77,856.257,322.96,957.89,146,0,0
2025-07-04 10:00,1181.77,856.308,322.96,957.89,202,0,0
2025-07-04 10:15,1181.77,856.327,322.96,957.89,76,0,0
2025-07-04 10:30,1181.77,856.358,322.96,957.905,123,0,0
2025-07-04 10:45,1181.77,856.386,322.96,957.905,115,0,0
2025-07-04 11:00,1181.77,856.43,322.96,957.905,176,0,0
2025-07-04 11:15,1181.77,856.44,322.96,957.995,38,0,0
2025-07-04 11:30,1181.77,856.49,322.96,958.088,201,0,0
2025-07-04 11:45,1181.77,856.53,322.96,958.101,157,0,0
2025-07-04 12:00,1181.77,856.533,322.96,958.176,15,0,0
2025-07-04 12:15,1181.77,856.587,322.96,958.351,217,0,0
2025-07-04 12:30,1181.77,856.662,322.96,958.477,299,0,0
2025-07-04 12:45,1181.77,856.712,322.96,958.627,200,0,0
2025-07-04 13:00,1181.77,856.771,322.96,958.785,234,0,0
2025-07-04 13:15,1181.77,856.802,322.96,958.888,127,0,0
2025-07-04 13:30,1181.77,856.802,322.96,959.12,0,0,0
2025-07-04 13:45,1181.77,856.802,322.96,959.199,0,0,0
2025-07-04 14:00,1181.77,856.838,322.96,959.369,140,0,0
2025-07-04 14:15,1181.77,856.856,322.96,959.452,73,0,0
2025-07-04 14:30,1181.77,856.867,322.96,959.501,47,0,0
2025-07-04 14:45,1181.77,856.896,322.96,959.559,115,0,0
2025-07-04 15:00,1181.77,856.938,322.96,959.728,169,0,0
2025-07-04 15:15,1181.77,856.939,322.96,959.766,4,0,0
2025-07-04 15:30,1181.77,856.96,322.96,959.805,84,0,0
2025-07-04 15:45,1181.77,857.021,322.96,959.815,241,0,0
2025-07-04 16:00,1181.77,857.029,322.96,959.866,34,0,0
2025-07-04 16:15,1181.77,857.076,322.96,959.876,190,0,0
2025-07-04 16:30,1181.77,857.097,322.96,959.901,81,0,0
2025-07-04 16:45,1181.77,857.138,322.96,959.901,164,0,0
2025-07-04 17:00,1181.77,857.19,322.96,959.901,208,0,0
2025-07-04 17:15,1181.77,857.234,322.96,959.901,179,0,0
2025-07-04 17:30,1181.77,857.283,322.96,959.901,193,0,0
2025-07-04 17:45,1181.77,857.29,322.96,959.901,28,0,0
2025-07-04 18:00,1181.77,857.342,322.96,959.901,209,0,0
2025-07-04 18:15,1181.77,857.355,322.96,959.901,52,0,0
2025-07-04 18:30,1181.77,857.39,322.96,959.901,141,0,0
2025-07-04 18:45,1181.77,857.425,322.96,959.901,141,0,0
2025-07-04 19:00,1181.77,857.465,322.96,959.901,159,0,0
2025-07-04 19:15,1181.77,857.592,322.96,959.901,507,0,0
2025-07-04 19:30,1181.77,857.695,322.96,959.901,412,0,0
2025-07-04 19:45,1181.77,857.788,322.96,959.901,372,0,0
2025-07-04 20:00,1181.77,857.925,322.96,959.901,550,0,0
2025-07-04 20:15,1181.77,858.049,322.96,959.901,495,0,0
2025-07-04 20:30,1181.77,858.192,322.96,959.901,572,0,0
2025-07-04 20:45,1181.77,858.311,322.96,959.901,476,0,0
2025-07-04 21:00,1181.862,858.311,322.96,959.901,368,0,0
2025-07-04 21:15,1182.001,858.311,322.96,959.901,557,0,0
2025-07-04 21:30,1182.114,858.311,322.96,959.901,450,0,0
2025-07-04 21:45,1182.241,858.311,322.96,959.901,507,0,0
2025-07-04 22:00,1182.348,858.311,322.96,959.901,428,0,0
2025-07-04 22:15,1182.501,858.311,322.96,959.901,612,0,0
2025-07-04 22:30,1182.603,858.311,322.96,959.901,410,0,0
2025-07-04 22:45,1182.716,858.311,322.96,959.901,453,0,0
2025-07-04 23:00,1182.839,858.311,322.96,959.901,489,0,0
2025-07-04 23:15,1182.937,858.311,322.96,959.901,393,0,0
2025-07-04 23:30,1183.063,858.311,322.96,959.901,506,0,0
2025-07-04 23:45,1183.216,858.311,322.96,959.901,609,0,0
2025-07-05 00:00,1183.326,858.311,322.96,959.901,441,0,0
2025-07-05 00:15,1183.454,858.311,322.96,959.901,512,0,0
2025-07-05 00:30,1183.519,858.311,322.96,959.901,260,0,0
2025-07-05 00:45,1183.638,858.311,322.96,959.901,477,0,0
2025-07-05 01:00,1183.752,858.311,322.96,959.901,455,0,0
2025-07-05 01:15,1183.855,858.311,322.96,959.901,415,0,0
2025-07-05 01:30,1183.997,858.311,322.96,959.901,567,0,0
2025-07-05 01:45,1184.11,858.311,322.96,959.901,454,0,0
2025-07-05 02:00,1184.227,858.311,322.96,959.901,466,0,0
2025-07-05 02:15,1184.339,858.311,322.96,959.901,450,0,0
2025-07-05 02:30,1184.421,858.311,322.96,959.901,327,0,0
2025-07-05 02:45,1184.518,858.311,322.96,959.901,389,0,0
2025-07-05 03:00,1184.658,858.311,322.96,959.901,557,0,0
2025-07-05 03:15,1184.735,858.311,322.96,959.901,311,0,0
2025-07-05 03:30,1184.84,858.311,322.96,959.901,419,0,0
2025-07-05 03:45,1184.952,858.311,322.96,959.901,448,0,0
2025-07-05 04:00,1185.107,858.311,322.96,959.901,619,0,0
2025-07-05 04:15,1185.242,858.311,322.96,959.901,541,0,0
2025-07-05 04:30,1185.351,858.311,322.96,959.901,435,0,0
2025-07-05 04:45,1185.497,858.311,322.96,959.901,584,0,0
2025-07-05 05:00,1185.602,858.311,322.96,959.901,421,0,0
2025-07-05 05:15,1185.743,858.311,322.96,959.901,561,0,0
2025-07-05 05:30,1185.835,858.311,322.96,959.901,371,0,0
2025-07-05 05:45,1185.977,858.311,322.96,959.901,566,0,0
2025-07-05 06:00,1186.089,858.311,322.96,959.901,448,0,0
2025-07-05 06:15,1186.188,858.311,322.96,959.901,398,0,0
2025-07-05 06:30,1186.304,858.311,322.96,959.901,463,0,0
2025-07-05 06:45,1186.429,858.311,322.96,959.901,502,0,0
2025-07-05 07:00,1186.45,858.311,322.96,959.901,80,0,0
2025-07-05 07:15,1186.491,858.311,322.96,959.901,164,0,0
2025-07-05 07:30,1186.509,858.311,322.96,959.901,73,0,0
2025-07-05 07:45,1186.551,858.311,322.96,959.901,170,0,0
2025-07-05 08:00,1186.59,858.311,322.96,959.901,155,0,0
2025-07-05 08:15,1186.619,858.311,322.96,959.901,115,0,0
2025-07-05 08:30,1186.64,858.311,322.96,959.901,85,0,0
2025-07-05 08:45,1186.673,858.311,322.96,959.901,132,0,0
2025-07-05 09:00,1186.714,858.311,322.96,959.901,164,0,0
2025-07-05 09:15,1186.785,858.311,322.96,959.901,285,0,0
2025-07-05 09:30,1186.834,858.311,322.96,959.901,195,0,0
2025-07-05 09:45,1186.884,858.311,322.96,959.901,198,0,0
2025-07-05 10:00,1186.976,858.311,322.96,959.901,367,0,0
2025-07-05 10:15,1187.016,858.311,322.96,959.901,161,0,0
2025-07-05 10:30,1187.056,858.311,322.984,959.901,159,0,0
2025-07-05 10:45,1187.1,858.311,322.984,959.901,176,0,0
2025-07-05 11:00,1187.109,858.311,323.047,959.901,39,0,0
2025-07-05 11:15,1187.131,858.311,323.095,959.901,84,0,0
2025-07-05 11:30,1187.15,858.311,323.157,959.901,80,0,0
2025-07-05 11:45,1187.193,858.311,323.261,959.901,172,0,0
2025-07-05 12:00,1187.22,858.311,323.319,959.901,106,0,0
2025-07-05 12:15,1187.253,858.311,323.431,959.901,131,0,0
2025-07-05 12:30,1187.304,858.311,323.665,959.901,207,0,0
2025-07-05 12:45,1187.352,858.311,323.764,959.901,189,0,0
2025-07-05 13:00,1187.378,858.311,324.031,959.901,107,0,0
2025-07-05 13:15,1187.395,858.311,324.326,959.901,66,0,0
2025-07-05 13:30,1187.448,858.311,324.394,959.901,211,0,0
2025-07-05 13:45,1187.493,858.311,324.576,959.901,182,0,0
2025-07-05 14:00,1187.493,858.311,324.667,959.901,0,0,0
2025-07-05 14:15,1187.517,858.311,324.852,959.901,95,0,0
2025-07-05 14:30,1187.55,858.311,325.096,959.901,133,0,0
2025-07-05 14:45,1187.596,858.311,325.296,959.901,182,0,0
2025-07-05 15:00,1187.644,858.311,325.474,959.901,193,0,0
2025-07-05 15:15,1187.68,858.311,325.518,959.901,143,0,0
2025-07-05 15:30,1187.721,858.311,325.59,959.901,167,0,0
2025-07-05 15:45,1187.753,858.311,325.61,959.901,125,0,0
2025-07-05 16:00,1187.769,858.311,325.675,959.901,66,0,0
2025-07-05 16:15,1187.794,858.311,325.675,959.901,99,0,0
2025-07-05 16:30,1187.824,858.311,325.675,959.901,122,0,0
2025-07-05 16:45,1187.854,858.311,325.675,959.901,117,0,0
2025-07-05 17:00,1187.854,858.311,325.675,959.901,0,0,0
2025-07-05 17:15,1187.876,858.311,325.675,959.901,88,0,0
2025-07-05 17:30,1187.907,858.311,325.675,959.901,124,0,0
2025-07-05 17:45,1187.931,858.311,325.675,959.901,97,0,0
2025-07-05 18:00,1187.956,858.311,325.675,959.901,100,0,0
2025-07-05 18:15,1187.996,858.311,325.675,959.901,159,0,0
2025-07-05 18:30,1188.004,858.311,325.675,959.901,34,0,0
2025-07-05 18:45,1188.004,858.311,325.675,959.901,0,0,0
2025-07-05 19:00,1188.028,858.311,325.675,959.901,92,0,0
2025-07-05 19:15,1188.163,858.311,325.675,959.901,541,0,0
2025-07-05 19:30,1188.317,858.311,325.675,959.901,615,0,0
2025-07-05 19:45,1188.452,858.311,325.675,959.901,543,0,0
2025-07-05 20:00,1188.543,858.311,325.675,959.901,363,0,0
2025-07-05 20:15,1188.658,858.311,325.675,959.901,461,0,0
2025-07-05 20:30,1188.783,858.311,325.675,959.901,501,0,0
2025-07-05 20:45,1188.907,858.311,325.675,959.901,494,0,0
2025-07-05 21:00,1189.038,858.311,325.675,959.901,523,0,0
2025-07-05 21:15,1189.139,858.311,325.675,959.901,407,0,0
2025-07-05 21:30,1189.261,858.311,325.675,959.901,485,0,0
2025-07-05 21:45,1189.389,858.311,325.675,959.901,514,0,0
2025-07-05 22:00,1189.526,858.311,325.675,959.901,546,0,0
2025-07-05 22:15,1189.629,858.311,325.675,959.901,416,0,0
2025-07-05 22:30,1189.743,858.311,325.675,959.901,452,0,0
2025-07-05 22:45,1189.808,858.311,325.675,959.901,264,0,0
2025-07-05 23:00,1189.916,858.311,325.675,959.901,430,0,0
2025-07-05 23:15,1190.026,858.311,325.675,959.901,438,0,0
2025-07-05 23:30,1190.125,858.311,325.675,959.901,398,0,0
2025-07-05 23:45,1190.248,858.311,325.675,959.901,493,0,0
2025-07-06 00:00,1190.367,858.311,325.675,959.901,476,0,0
2025-07-06 00:15,1190.442,858.311,325.675,959.901,299,0,0
2025-07-06 00:30,1190.566,858.311,325.675,959.901,497,0,0
2025-07-06 00:45,1190.668,858.311,325.675,959.901,406,0,0
2025-07-06 01:00,1190.798,858.311,325.675,959.901,519,0,0
2025-07-06 01:15,1190.892,858.311,325.675,959.901,377,0,0
2025-07-06 01:30,1191.013,858.311,325.675,959.901,482,0,0
2025-07-06 01:45,1191.127,858.311,325.675,959.901,457,0,0
2025-07-06 02:00,1191.253,858.311,325.675,959.901,504,0,0
2025-07-06 02:15,1191.375,858.311,325.675,959.901,490,0,0
2025-07-06 02:30,1191.49,858.311,325.675,959.901,460,0,0
2025-07-06 02:45,1191.58,858.311,325.675,959.901,357,0,0
2025-07-06 03:00,1191.67,858.311,325.675,959.901,362,0,0
2025-07-06 03:15,1191.778,858.311,325.675,959.901,433,0,0
2025-07-06 03:30,1191.898,858.311,325.675,959.901,479,0,0
2025-07-06 03:45,1192.006,858.311,325.675,959.901,431,0,0
2025-07-06 04:00,1192.139,858.311,325.675,959.901,530,0,0
2025-07-06 04:15,1192.253,858.311,325.675,959.901,458,0,0
2025-07-06 04:30,1192.354,858.311,325.675,959.901,403,0,0
2025-07-06 04:45,1192.468,858.311,325.675,959.901,458,0,0
2025-07-06 05:00,1192.593,858.311,325.675,959.901,498,0,0
2025-07-06 05:15,1192.719,858.311,325.675,959.901,506,0,0
2025-07-06 05:30,1192.877,858.311,325.675,959.901,630,0,0
2025-07-06 05:45,1192.983,858.311,325.675,959.901,426,0,0
2025-07-06 06:00,1193.102,858.311,325.675,959.901,474,0,0
2025-07-06 06:15,1193.23,858.311,325.675,959.901,514,0,0
2025-07-06 06:30,1193.35,858.311,325.675,959.901,478,0,0
2025-07-06 06:45,1193.46,858.311,325.675,959.901,440,0,0
2025-07-06 07:00,1193.46,858.311,325.675,959.901,0,0,0
2025-07-06 07:15,1193.48,858.311,325.675,959.901,79,0,0
2025-07-06 07:30,1193.488,858.311,325.675,959.901,34,0,0
2025-07-06 07:45,1193.488,858.311,325.675,959.901,0,0,0
2025-07-06 08:00,1193.502,858.311,325.675,959.901,56,0,0
2025-07-06 08:15,1193.511,858.311,325.675,959.901,36,0,0
2025-07-06 08:30,1193.553,858.311,325.675,959.901,167,0,0
2025-07-06 08:45,1193.595,858.311,325.675,959.901,168,0,0
2025-07-06 09:00,1193.607,858.311,325.675,959.901,48,0,0
2025-07-06 09:15,1193.632,858.311,325.675,959.901,99,0,0
2025-07-06 09:30,1193.632,858.311,325.675,959.901,0,0,0
2025-07-06 09:45,1193.652,858.311,325.675,959.901,80,0,0
2025-07-06 10:00,1193.69,858.311,325.675,959.901,152,0,0
2025-07-06 10:15,1193.736,858.311,325.675,959.901,186,0,0
2025-07-06 10:30,1193.752,858.311,325.675,959.901,63,0,0
2025-07-06 10:45,1193.803,858.311,325.675,959.901,204,0,0
2025-07-06 11:00,1193.803,858.311,325.72,959.901,0,0,0
2025-07-06 11:15,1193.808,858.311,325.779,959.901,20,0,0
2025-07-06 11:30,1193.852,858.311,325.885,959.901,177,0,0
2025-07-06 11:45,1193.916,858.311,325.964,959.901,254,0,0
2025-07-06 12:00,1193.956,858.311,326.033,959.901,159,0,0
2025-07-06 12:15,1193.985,858.311,326.222,959.901,117,0,0
2025-07-06 12:30,1193.985,858.311,326.404,959.901,0,0,0
2025-07-06 12:45,1193.985,858.311,326.607,959.901,0,0,0
2025-07-06 13:00,1194.017,858.311,326.782,959.901,130,0,0
2025-07-06 13:15,1194.04,858.311,327.048,959.901,91,0,0
2025-07-06 13:30,1194.048,858.311,327.159,959.901,32,0,0
2025-07-06 13:45,1194.079,858.311,327.31,959.901,125,0,0
2025-07-06 14:00,1194.112,858.311,327.548,959.901,129,0,0
2025-07-06 14:15,1194.161,858.311,327.624,959.901,196,0,0
2025-07-06 14:30,1194.193,858.311,327.83,959.901,131,0,0
2025-07-06 14:45,1194.248,858.311,327.928,959.901,218,0,0
2025-07-06 15:00,1194.278,858.311,327.971,959.901,121,0,0
2025-07-06 15:15,1194.306,858.311,327.995,959.901,111,0,0
2025-07-06 15:30,1194.357,858.311,328.105,959.901,205,0,0
2025-07-06 15:45,1194.368,858.311,328.183,959.901,42,0,0
2025-07-06 16:00,1194.454,858.311,328.195,959.901,345,0,0
2025-07-06 16:15,1194.491,858.311,328.195,959.901,150,0,0
2025-07-06 16:30,1194.529,858.311,328.195,959.901,150,0,0
2025-07-06 16:45,1194.569,858.311,328.195,959.901,162,0,0
2025-07-06 17:00,1194.637,858.311,328.195,959.901,270,0,0
2025-07-06 17:15,1194.683,858.311,328.195,959.901,183,0,0
2025-07-06 17:30,1194.683,858.311,328.195,959.901,0,0,0
2025-07-06 17:45,1194.741,858.311,328.195,959.901,232,0,0
2025-07-06 18:00,1194.764,858.311,328.195,959.901,93,0,0
2025-07-06 18:15,1194.796,858.311,328.195,959.901,129,0,0
2025-07-06 18:30,1194.801,858.311,328.195,959.901,18,0,0
2025-07-06 18:45,1194.841,858.311,328.195,959.901,162,0,0
2025-07-06 19:00,1194.858,858.311,328.195,959.901,68,0,0
2025-07-06 19:15,1194.98,858.311,328.195,959.901,488,0,0
2025-07-06 19:30,1195.094,858.311,328.195,959.901,457,0,0
2025-07-06 19:45,1195.253,858.311,328.195,959.901,634,0,0
2025-07-06 20:00,1195.413,858.311,328.195,959.901,639,0,0
2025-07-06 20:15,1195.534,858.311,328.195,959.901,484,0,0
2025-07-06 20:30,1195.655,858.311,328.195,959.901,485,0,0
2025-07-06 20:45,1195.767,858.311,328.195,959.901,450,0,0
2025-07-06 21:00,1195.909,858.311,328.195,959.901,568,0,0
2025-07-06 21:15,1196.023,858.311,328.195,959.901,454,0,0
2025-07-06 21:30,1196.134,858.311,328.195,959.901,446,0,0
2025-07-06 21:45,1196.274,858.311,328.195,959.901,558,0,0
2025-07-06 22:00,1196.383,858.311,328.195,959.901,437,0,0
2025-07-06 22:15,1196.503,858.311,328.195,959.901,477,0,0
2025-07-06 22:30,1196.591,858.311,328.195,959.901,353,0,0
2025-07-06 22:45,1196.725,858.311,328.195,959.901,536,0,0
2025-07-06 23:00,1196.884,858.311,328.195,959.901,635,0,0
2025-07-06 23:15,1197.018,858.311,328.195,959.901,538,0,0
2025-07-06 23:30,1197.167,858.311,328.195,959.901,597,0,0
2025-07-06 23:45,1197.271,858.311,328.195,959.901,412,0,0
2025-07-07 00:00,1197.395,858.311,328.195,959.901,499,0,0
2025-07-07 00:15,1197.496,858.311,328.195,959.901,405,0,0
2025-07-07 00:30,1197.612,858.311,328.195,959.901,462,0,0
2025-07-07 00:45,1197.747,858.311,328.195,959.901,542,0,0
2025-07-07 01:00,1197.869,858.311,328.195,959.901,488,0,0
2025-07-07 01:15,1197.961,858.311,328.195,959.901,367,0,0
2025-07-07 01:30,1198.055,858.311,328.195,959.901,375,0,0
2025-07-07 01:45,1198.147,858.311,328.195,959.901,370,0,0
2025-07-07 02:00,1198.277,858.311,328.195,959.901,519,0,0
2025-07-07 02:15,1198.438,858.311,328.195,959.901,645,0,0
2025-07-07 02:30,1198.586,858.311,328.195,959.901,589,0,0
2025-07-07 02:45,1198.668,858.311,328.195,959.901,328,0,0
2025-07-07 03:00,1198.816,858.311,328.195,959.901,594,0,0
2025-07-07 03:15,1198.955,858.311,328.195,959.901,555,0,0
2025-07-07 03:30,1199.044,858.311,328.195,959.901,356,0,0
2025-07-07 03:45,1199.158,858.311,328.195,959.901,456,0,0
2025-07-07 04:00,1199.3,858.311,328.195,959.901,568,0,0
2025-07-07 04:15,1199.431,858.311,328.195,959.901,524,0,0
2025-07-07 04:30,1199.525,858.311,328.195,959.901,375,0,0
2025-07-07 04:45,1199.657,858.311,328.195,959.901,529,0,0
2025-07-07 05:00,1199.734,858.311,328.195,959.901,309,0,0
2025-07-07 05:15,1199.85,858.311,328.195,959.901,462,0,0
2025-07-07 05:30,1199.992,858.311,328.195,959.901,571,0,0
2025-07-07 05:45,1200.113,858.311,328.195,959.901,481,0,0
2025-07-07 06:00,1200.223,858.311,328.195,959.901,440,0,0
2025-07-07 06:15,1200.36,858.311,328.195,959.901,551,0,0
2025-07-07 06:30,1200.5,858.311,328.195,959.901,558,0,0
2025-07-07 06:45,1200.646,858.311,328.195,959.901,585,0,0
2025-07-07 07:00,1200.646,858.359,328.195,959.901,190,0,0
2025-07-07 07:15,1200.646,858.41,328.195,959.901,207,0,0
2025-07-07 07:30,1200.646,858.455,328.195,959.901,179,0,0
2025-07-07 07:45,1200.646,858.49,328.195,959.901,141,0,0
2025-07-07 08:00,1200.646,858.522,328.195,959.901,127,0,0
2025-07-07 08:15,1200.646,858.547,328.195,959.901,101,0,0
2025-07-07 08:30,1200.646,858.553,328.195,959.901,23,0,0
2025-07-07 08:45,1200.646,858.564,328.195,959.901,44,0,0
2025-07-07 09:00,1200.646,858.588,328.195,959.901,97,0,0
2025-07-07 09:15,1200.646,858.623,328.195,959.901,139,0,0
2025-07-07 09:30,1200.646,858.682,328.195,959.901,235,0,0
2025-07-07 09:45,1200.646,858.711,328.195,959.901,117,0,0
2025-07-07 10:00,1200.646,858.761,328.195,959.901,200,0,0
2025-07-07 10:15,1200.646,858.813,328.195,959.901,206,0,0
2025-07-07 10:30,1200.646,858.838,328.195,959.901,101,0,0
2025-07-07 10:45,1200.646,858.88,328.195,959.92,168,0,0
2025-07-07 11:00,1200.646,858.905,328.195,959.92,101,0,0
2025-07-07 11:15,1200.646,858.961,328.195,959.972,226,0,0
2025-07-07 11:30,1200.646,859.004,328.195,960.03,171,0,0
2025-07-07 11:45,1200.646,859.01,328.195,960.155,25,0,0
2025-07-07 12:00,1200.646,859.044,328.195,960.32,133,0,0
2025-07-07 12:15,1200.646,859.107,328.195,960.388,252,0,0
2025-07-07 12:30,1200.646,859.133,328.195,960.444,106,0,0
2025-07-07 12:45,1200.646,859.172,328.195,960.577,156,0,0
2025-07-07 13:00,1200.646,859.213,328.195,960.753,164,0,0
2025-07-07 13:15,1200.646,859.222,328.195,960.898,37,0,0
2025-07-07 13:30,1200.646,859.262,328.195,961.107,161,0,0
2025-07-07 13:45,1200.646,859.264,328.195,961.284,8,0,0
2025-07-07 14:00,1200.646,859.282,328.195,961.555,70,0,0
2025-07-07 14:15,1200.646,859.333,328.195,961.692,206,0,0
2025-07-07 14:30,1200.646,859.371,328.195,961.748,149,0,0
2025-07-07 14:45,1200.646,859.394,328.195,961.836,96,0,0
2025-07-07 15:00,1200.646,859.433,328.195,961.96,156,0,0
2025-07-07 15:15,1200.646,859.462,328.195,962.011,115,0,0
2025-07-07 15:30,1200.646,859.492,328.195,962.048,121,0,0
2025-07-07 15:45,1200.646,859.536,328.195,962.079,173,0,0
2025-07-07 16:00,1200.646,859.551,328.195,962.131,62,0,0
2025-07-07 16:15,1200.646,859.582,328.195,962.176,123,0,0
2025-07-07 16:30,1200.646,859.606,328.195,962.176,95,0,0
2025-07-07 16:45,1200.646,859.606,328.195,962.176,0,0,0
2025-07-07 17:00,1200.646,859.617,328.195,962.176,46,0,0
2025-07-07 17:15,1200.646,859.679,328.195,962.176,245,0,0
2025-07-07 17:30,1200.646,859.716,328.195,962.176,151,0,0
2025-07-07 17:45,1200.646,859.72,328.195,962.176,14,0,0
2025-07-07 18:00,1200.646,859.72,328.195,962.176,0,0,0
2025-07-07 18:15,1200.646,859.748,328.195,962.176,111,0,0
2025-07-07 18:30,1200.646,859.809,328.195,962.176,245,0,0
2025-07-07 18:45,1200.646,859.835,328.195,962.176,105,0,0
2025-07-07 19:00,1200.646,859.891,328.195,962.176,225,0,0
2025-07-07 19:15,1200.646,860.018,328.195,962.176,508,0,0
2025-07-07 19:30,1200.646,860.148,328.195,962.176,518,0,0
2025-07-07 19:45,1200.646,860.241,328.195,962.176,373,0,0
2025-07-07 20:00,1200.646,860.38,328.195,962.176,555,0,0
2025-07-07 20:15,1200.646,860.493,328.195,962.176,453,0,0
2025-07-07 20:30,1200.646,860.63,328.195,962.176,549,0,0
2025-07-07 20:45,1200.646,860.734,328.195,962.176,415,0,0
2025-07-07 21:00,1200.77,860.734,328.195,962.176,494,0,0
2025-07-07 21:15,1200.897,860.734,328.195,962.176,508,0,0
2025-07-07 21:30,1201.014,860.734,328.195,962.176,468,0,0
2025-07-07 21:45,1201.142,860.734,328.195,962.176,512,0,0
2025-07-07 22:00,1201.256,860.734,328.195,962.176,459,0,0
2025-07-07 22:15,1201.363,860.734,328.195,962.176,428,0,0
2025-07-07 22:30,1201.516,860.734,328.195,962.176,608,0,0
2025-07-07 22:45,1201.657,860.734,328.195,962.176,564,0,0
2025-07-07 23:00,1201.761,860.734,328.195,962.176,419,0,0
2025-07-07 23:15,1201.893,860.734,328.195,962.176,525,0,0
2025-07-07 23:30,1201.998,860.734,328.195,962.176,421,0,0
2025-07-07 23:45,1202.094,860.734,328.195,962.176,385,0,0
2025-07-08 00:00,1202.235,860.734,328.195,962.176,563,0,0
2025-07-08 00:15,1202.321,860.734,328.195,962.176,344,0,0
2025-07-08 00:30,1202.459,860.734,328.195,962.176,554,0,0
2025-07-08 00:45,1202.574,860.734,328.195,962.176,460,0,0
2025-07-08 01:00,1202.69,860.734,328.195,962.176,463,0,0
2025-07-08 01:15,1202.818,860.734,328.195,962.176,513,0,0
2025-07-08 01:30,1202.95,860.734,328.195,962.176,526,0,0
2025-07-08 01:45,1203.053,860.734,328.195,962.176,414,0,0
2025-07-08 02:00,1203.188,860.734,328.195,962.176,537,0,0
2025-07-08 02:15,1203.31,860.734,328.195,962.176,489,0,0
2025-07-08 02:30,1203.405,860.734,328.195,962.176,380,0,0
2025-07-08 02:45,1203.521,860.734,328.195,962.176,466,0,0
2025-07-08 03:00,1203.669,860.734,328.195,962.176,591,0,0
2025-07-08 03:15,1203.823,860.734,328.195,962.176,614,0,0
2025-07-08 03:30,1203.957,860.734,328.195,962.176,537,0,0
2025-07-08 03:45,1204.053,860.734,328.195,962.176,385,0,0
2025-07-08 04:00,1204.183,860.734,328.195,962.176,519,0,0
2025-07-08 04:15,1204.32,860.734,328.195,962.176,548,0,0
2025-07-08 04:30,1204.454,860.734,328.195,962.176,538,0,0
2025-07-08 04:45,1204.59,860.734,328.195,962.176,543,0,0
2025-07-08 05:00,1204.717,860.734,328.195,962.176,509,0,0
2025-07-08 05:15,1204.836,860.734,328.195,962.176,474,0,0
2025-07-08 05:30,1204.944,860.734,328.195,962.176,431,0,0
2025-07-08 05:45,1205.026,860.734,328.195,962.176,328,0,0
2025-07-08 06:00,1205.153,860.734,328.195,962.176,507,0,0
2025-07-08 06:15,1205.276,860.734,328.195,962.176,495,0,0
2025-07-08 06:30,1205.407,860.734,328.195,962.176,525,0,0
2025-07-08 06:45,1205.501,860.734,328.195,962.176,373,0,0
2025-07-08 07:00,1205.501,860.777,328.195,962.176,172,0,0
2025-07-08 07:15,1205.501,860.848,328.195,962.176,284,0,0
2025-07-08 07:30,1205.501,860.88,328.195,962.176,126,0,0
2025-07-08 07:45,1205.501,860.908,328.195,962.176,115,0,0
2025-07-08 08:00,1205.501,860.944,328.195,962.176,145,0,0
2025-07-08 08:15,1205.501,861.015,328.195,962.176,283,0,0
2025-07-08 08:30,1205.501,861.025,328.195,962.176,38,0,0
2025-07-08 08:45,1205.501,861.059,328.195,962.176,136,0,0
2025-07-08 09:00,1205.501,861.073,328.195,962.176,56,0,0
2025-07-08 09:15,1205.501,861.092,328.195,962.176,76,0,0
2025-07-08 09:30,1205.501,861.121,328.195,962.176,116,0,0
2025-07-08 09:45,1205.501,861.178,328.195,962.176,228,0,0
2025-07-08 10:00,1205.501,861.244,328.195,962.176,264,0,0
2025-07-08 10:15,1205.501,861.283,328.195,962.176,156,0,0
2025-07-08 10:30,1205.501,861.305,328.195,962.176,90,0,0
2025-07-08 10:45,1205.501,861.385,328.195,962.21,319,0,0
2025-07-08 11:00,1205.501,861.406,328.195,962.243,86,0,0
2025-07-08 11:15,1205.501,861.425,328.195,962.29,74,0,0
2025-07-08 11:30,1205.501,861.425,328.195,962.365,0,0,0
2025-07-08 11:45,1205.501,861.483,328.195,962.454,232,0,0
2025-07-08 12:00,1205.501,861.532,328.195,962.531,197,0,0
2025-07-08 12:15,1205.501,861.611,328.195,962.615,313,0,0
2025-07-08 12:30,1205.501,861.613,328.195,962.74,9,0,0
2025-07-08 12:45,1205.501,861.672,328.195,962.985,237,0,0
2025-07-08 13:00,1205.501,861.703,328.195,963.068,126,0,0
2025-07-08 13:15,1205.501,861.75,328.195,963.2,184,0,0
2025-07-08 13:30,1205.501,861.75,328.195,963.302,0,0,0
2025-07-08 13:45,1205.501,861.809,328.195,963.46,237,0,0
2025-07-08 14:00,1205.501,861.855,328.195,963.542,183,0,0
2025-07-08 14:15,1205.501,861.884,328.195,963.757,117,0,0
2025-07-08 14:30,1205.501,861.927,328.195,963.818,172,0,0
2025-07-08 14:45,1205.501,861.941,328.195,963.974,59,0,0
2025-07-08 15:00,1205.501,861.96,328.195,964.041,74,0,0
2025-07-08 15:15,1205.501,861.981,328.195,964.124,83,0,0
2025-07-08 15:30,1205.501,861.981,328.195,964.153,0,0,0
2025-07-08 15:45,1205.501,862.028,328.195,964.225,189,0,0
2025-07-08 16:00,1205.501,862.082,328.195,964.294,215,0,0
2025-07-08 16:15,1205.501,862.098,328.195,964.294,64,0,0
2025-07-08 16:30,1205.501,862.135,328.195,964.32,148,0,0
2025-07-08 16:45,1205.501,862.159,328.195,964.32,99,0,0
2025-07-08 17:00,1205.501,862.196,328.195,964.32,146,0,0
2025-07-08 17:15,1205.501,862.213,328.195,964.32,70,0,0
2025-07-08 17:30,1205.501,862.226,328.195,964.32,49,0,0
2025-07-08 17:45,1205.501,862.277,328.195,964.32,204,0,0
2025-07-08 18:00,1205.501,862.305,328.195,964.32,115,0,0
2025-07-08 18:15,1205.501,862.376,328.195,964.32,282,0,0
2025-07-08 18:30,1205.501,862.407,328.195,964.32,124,0,0
2025-07-08 18:45,1205.501,862.418,328.195,964.32,46,0,0
2025-07-08 19:00,1205.501,862.473,328.195,964.32,218,0,0
2025-07-08 19:15,1205.501,862.605,328.195,964.32,530,0,0
2025-07-08 19:30,1205.501,862.74,328.195,964.32,538,0,0
2025-07-08 19:45,1205.501,862.884,328.195,964.32,575,0,0
2025-07-08 20:00,1205.501,862.991,328.195,964.32,428,0,0
2025-07-08 20:15,1205.501,863.108,328.195,964.32,470,0,0
2025-07-08 20:30,1205.501,863.225,328.195,964.32,466,0,0
2025-07-08 20:45,1205.501,863.319,328.195,964.32,377,0,0
2025-07-08 21:00,1205.615,863.319,328.195,964.32,459,0,0
2025-07-08 21:15,1205.762,863.319,328.195,964.32,587,0,0
2025-07-08 21:30,1205.887,863.319,328.195,964.32,499,0,0
2025-07-08 21:45,1205.98,863.319,328.195,964.32,372,0,0
2025-07-08 22:00,1206.069,863.319,328.195,964.32,356,0,0
2025-07-08 22:15,1206.222,863.319,328.195,964.32,613,0,0
2025-07-08 22:30,1206.34,863.319,328.195,964.32,473,0,0
2025-07-08 22:45,1206.447,863.319,328.195,964.32,428,0,0
2025-07-08 23:00,1206.562,863.319,328.195,964.32,458,0,0
2025-07-08 23:15,1206.652,863.319,328.195,964.32,362,0,0
2025-07-08 23:30,1206.801,863.319,328.195,964.32,594,0,0
2025-07-08 23:45,1206.913,863.319,328.195,964.32,449,0,0
2025-07-09 00:00,1207.06,863.319,328.195,964.32,589,0,0
2025-07-09 00:15,1207.181,863.319,328.195,964.32,484,0,0
2025-07-09 00:30,1207.33,863.319,328.195,964.32,594,0,0
2025-07-09 00:45,1207.455,863.319,328.195,964.32,501,0,0
2025-07-09 01:00,1207.592,863.319,328.195,964.32,548,0,0
2025-07-09 01:15,1207.727,863.319,328.195,964.32,538,0,0
2025-07-09 01:30,1207.859,863.319,328.195,964.32,530,0,0
2025-07-09 01:45,1207.986,863.319,328.195,964.32,508,0,0
2025-07-09 02:00,1208.101,863.319,328.195,964.32,461,0,0
2025-07-09 02:15,1208.26,863.319,328.195,964.32,633,0,0
2025-07-09 02:30,1208.361,863.319,328.195,964.32,407,0,0
2025-07-09 02:45,1208.482,863.319,328.195,964.32,480,0,0
2025-07-09 03:00,1208.602,863.319,328.195,964.32,481,0,0
2025-07-09 03:15,1208.73,863.319,328.195,964.32,512,0,0
2025-07-09 03:30,1208.841,863.319,328.195,964.32,446,0,0
2025-07-09 03:45,1208.968,863.319,328.195,964.32,505,0,0
2025-07-09 04:00,1209.084,863.319,328.195,964.32,466,0,0
2025-07-09 04:15,1209.173,863.319,328.195,964.32,353,0,0
2025-07-09 04:30,1209.293,863.319,328.195,964.32,481,0,0
2025-07-09 04:45,1209.391,863.319,328.195,964.32,392,0,0
2025-07-09 05:00,1209.476,863.319,328.195,964.32,341,0,0
2025-07-09 05:15,1209.599,863.319,328.195,964.32,491,0,0
2025-07-09 05:30,1209.729,863.319,328.195,964.32,519,0,0
2025-07-09 05:45,1209.859,863.319,328.195,964.32,522,0,0
2025-07-09 06:00,1209.99,863.319,328.195,964.32,525,0,0
2025-07-09 06:15,1210.072,863.319,328.195,964.32,325,0,0
2025-07-09 06:30,1210.165,863.319,328.195,964.32,371,0,0
2025-07-09 06:45,1210.324,863.319,328.195,964.32,638,0,0
2025-07-09 07:00,1210.324,863.328,328.195,964.32,36,0,0
2025-07-09 07:15,1210.324,863.37,328.195,964.32,169,0,0
2025-07-09 07:30,1210.324,863.386,328.195,964.32,65,0,0
2025-07-09 07:45,1210.324,863.418,328.195,964.32,126,0,0
2025-07-09 08:00,1210.324,863.435,328.195,964.32,69,0,0
2025-07-09 08:15,1210.324,863.477,328.195,964.32,165,0,0
2025-07-09 08:30,1210.324,863.509,328.195,964.32,131,0,0
2025-07-09 08:45,1210.324,863.53,328.195,964.32,84,0,0
2025-07-09 09:00,1210.324,863.539,328.195,964.32,36,0,0
2025-07-09 09:15,1210.324,863.575,328.195,964.32,141,0,0
2025-07-09 09:30,1210.324,863.581,328.195,964.32,23,0,0
2025-07-09 09:45,1210.324,863.619,328.195,964.32,154,0,0
2025-07-09 10:00,1210.324,863.702,328.195,964.32,330,0,0
2025-07-09 10:15,1210.324,863.759,328.195,964.32,228,0,0
2025-07-09 10:30,1210.324,863.803,328.195,964.32,177,0,0
2025-07-09 10:45,1210.324,863.831,328.195,964.359,113,0,0
2025-07-09 11:00,1210.324,863.831,328.195,964.414,0,0,0
2025-07-09 11:15,1210.324,863.835,328.195,964.514,14,0,0
2025-07-09 11:30,1210.324,863.89,328.195,964.557,223,0,0
2025-07-09 11:45,1210.324,863.905,328.195,964.709,57,0,0
2025-07-09 12:00,1210.324,863.921,328.195,964.789,64,0,0
2025-07-09 12:15,1210.324,863.947,328.195,964.955,107,0,0
2025-07-09 12:30,1210.324,863.956,328.195,965.177,35,0,0
2025-07-09 12:45,1210.324,863.962,328.195,965.261,22,0,0
2025-07-09 13:00,1210.324,863.991,328.195,965.36,116,0,0
2025-07-09 13:15,1210.324,864.003,328.195,965.554,49,0,0
2025-07-09 13:30,1210.324,864.018,328.195,965.816,61,0,0
2025-07-09 13:45,1210.324,864.032,328.195,965.889,58,0,0
2025-07-09 14:00,1210.324,864.073,328.195,966.14,162,0,0
2025-07-09 14:15,1210.324,864.098,328.195,966.262,101,0,0
2025-07-09 14:30,1210.324,864.125,328.195,966.385,106,0,0
2025-07-09 14:45,1210.324,864.166,328.195,966.48,168,0,0
2025-07-09 15:00,1210.324,864.194,328.195,966.656,109,0,0
2025-07-09 15:15,1210.324,864.218,328.195,966.688,98,0,0
2025-07-09 15:30,1210.324,864.257,328.195,966.764,158,0,0
2025-07-09 15:45,1210.324,864.301,328.195,966.775,173,0,0
2025-07-09 16:00,1210.324,864.328,328.195,966.842,108,0,0
2025-07-09 16:15,1210.324,864.36,328.195,966.878,126,0,0
2025-07-09 16:30,1210.324,864.374,328.195,966.878,57,0,0
2025-07-09 16:45,1210.324,864.387,328.195,966.878,51,0,0
2025-07-09 17:00,1210.324,864.432,328.195,966.878,182,0,0
2025-07-09 17:15,1210.324,864.471,328.195,966.878,156,0,0
2025-07-09 17:30,1210.324,864.51,328.195,966.878,156,0,0
2025-07-09 17:45,1210.324,864.546,328.195,966.878,142,0,0
2025-07-09 18:00,1210.324,864.577,328.195,966.878,124,0,0
2025-07-09 18:15,1210.324,864.621,328.195,966.878,176,0,0
2025-07-09 18:30,1210.324,864.669,328.195,966.878,195,0,0
2025-07-09 18:45,1210.324,864.717,328.195,966.878,193,0,0
2025-07-09 19:00,1210.324,864.745,328.195,966.878,112,0,0
2025-07-09 19:15,1210.324,864.893,328.195,966.878,591,0,0
2025-07-09 19:30,1210.324,865.018,328.195,966.878,498,0,0
2025-07-09 19:45,1210.324,865.15,328.195,966.878,531,0,0
2025-07-09 20:00,1210.324,865.276,328.195,966.878,503,0,0
2025-07-09 20:15,1210.324,865.401,328.195,966.878,500,0,0
2025-07-09 20:30,1210.324,865.506,328.195,966.878,421,0,0
2025-07-09 20:45,1210.324,865.64,328.195,966.878,536,0,0
2025-07-09 21:00,1210.501,865.64,328.195,966.878,708,0,0
2025-07-09 21:15,1210.613,865.64,328.195,966.878,450,0,0
2025-07-09 21:30,1210.735,865.64,328.195,966.878,486,0,0
2025-07-09 21:45,1210.846,865.64,328.195,966.878,444,0,0
2025-07-09 22:00,1210.956,865.64,328.195,966.878,441,0,0
2025-07-09 22:15,1211.107,865.64,328.195,966.878,604,0,0
2025-07-09 22:30,1211.214,865.64,328.195,966.878,426,0,0
2025-07-09 22:45,1211.324,865.64,328.195,966.878,442,0,0
2025-07-09 23:00,1211.412,865.64,328.195,966.878,353,0,0
2025-07-09 23:15,1211.517,865.64,328.195,966.878,419,0,0
2025-07-09 23:30,1211.603,865.64,328.195,966.878,343,0,0
2025-07-09 23:45,1211.736,865.64,328.195,966.878,531,0,0
2025-07-10 00:00,1211.912,865.64,328.195,966.878,704,0,0
2025-07-10 00:15,1212.024,865.64,328.195,966.878,451,0,0
2025-07-10 00:30,1212.111,865.64,328.195,966.878,347,0,0
2025-07-10 00:45,1212.249,865.64,328.195,966.878,552,0,0
2025-07-10 01:00,1212.355,865.64,328.195,966.878,422,0,0
2025-07-10 01:15,1212.5,865.64,328.195,966.878,584,0,0
2025-07-10 01:30,1212.615,865.64,328.195,966.878,457,0,0
2025-07-10 01:45,1212.722,865.64,328.195,966.878,429,0,0
2025-07-10 02:00,1212.839,865.64,328.195,966.878,466,0,0
2025-07-10 02:15,1212.974,865.64,328.195,966.878,541,0,0
2025-07-10 02:30,1213.089,865.64,328.195,966.878,462,0,0
2025-07-10 02:45,1213.199,865.64,328.195,966.878,440,0,0
2025-07-10 03:00,1213.315,865.64,328.195,966.878,464,0,0
2025-07-10 03:15,1213.41,865.64,328.195,966.878,378,0,0
2025-07-10 03:30,1213.538,865.64,328.195,966.878,512,0,0
2025-07-10 03:45,1213.622,865.64,328.195,966.878,337,0,0
2025-07-10 04:00,1213.733,865.64,328.195,966.878,444,0,0
2025-07-10 04:15,1213.868,865.64,328.195,966.878,541,0,0
2025-07-10 04:30,1213.994,865.64,328.195,966.878,504,0,0
2025-07-10 04:45,1214.126,865.64,328.195,966.878,527,0,0
2025-07-10 05:00,1214.245,865.64,328.195,966.878,475,0,0
2025-07-10 05:15,1214.388,865.64,328.195,966.878,574,0,0
2025-07-10 05:30,1214.527,865.64,328.195,966.878,554,0,0
2025-07-10 05:45,1214.656,865.64,328.195,966.878,516,0,0
2025-07-10 06:00,1214.794,865.64,328.195,966.878,554,0,0
2025-07-10 06:15,1214.929,865.64,328.195,966.878,540,0,0
2025-07-10 06:30,1215.041,865.64,328.195,966.878,445,0,0
2025-07-10 06:45,1215.134,865.64,328.195,966.878,372,0,0
2025-07-10 07:00,1215.134,865.679,328.195,966.878,154,0,0
2025-07-10 07:15,1215.134,865.72,328.195,966.878,164,0,0
2025-07-10 07:30,1215.134,865.771,328.195,966.878,207,0,0
2025-07-10 07:45,1215.134,865.783,328.195,966.878,45,0,0
2025-07-10 08:00,1215.134,865.795,328.195,966.878,47,0,0
2025-07-10 08:15,1215.134,865.834,328.195,966.878,157,0,0
2025-07-10 08:30,1215.134,865.862,328.195,966.878,114,0,0
2025-07-10 08:45,1215.134,865.862,328.195,966.878,0,0,0
2025-07-10 09:00,1215.134,865.9,328.195,966.878,150,0,0
2025-07-10 09:15,1215.134,865.9,328.195,966.878,0,0,0
2025-07-10 09:30,1215.134,865.911,328.195,966.878,44,0,0
2025-07-10 09:45,1215.134,865.968,328.195,966.878,228,0,0
2025-07-10 10:00,1215.134,866.034,328.195,966.878,266,0,0
2025-07-10 10:15,1215.134,866.04,328.195,966.878,23,0,0
2025-07-10 10:30,1215.134,866.064,328.195,966.892,94,0,0
2025-07-10 10:45,1215.134,866.094,328.195,966.892,123,0,0
2025-07-10 11:00,1215.134,866.16,328.195,966.911,262,0,0
2025-07-10 11:15,1215.134,866.18,328.195,966.961,81,0,0
2025-07-10 11:30,1215.134,866.201,328.195,966.971,82,0,0
2025-07-10 11:45,1215.134,866.262,328.195,967.007,244,0,0
2025-07-10 12:00,1215.134,866.284,328.195,967.075,90,0,0
2025-07-10 12:15,1215.134,866.329,328.195,967.13,178,0,0
2025-07-10 12:30,1215.134,866.329,328.195,967.362,2,0,0
2025-07-10 12:45,1215.134,866.356,328.195,967.472,106,0,0
2025-07-10 13:00,1215.134,866.356,328.195,967.641,0,0,0
2025-07-10 13:15,1215.134,866.364,328.195,967.936,36,0,0
2025-07-10 13:30,1215.134,866.411,328.195,968.13,187,0,0
2025-07-10 13:45,1215.134,866.44,328.195,968.284,116,0,0
2025-07-10 14:00,1215.134,866.464,328.195,968.553,94,0,0
2025-07-10 14:15,1215.134,866.479,328.195,968.648,60,0,0
2025-07-10 14:30,1215.134,866.505,328.195,968.724,102,0,0
2025-07-10 14:45,1215.134,866.541,328.195,968.856,144,0,0
2025-07-10 15:00,1215.134,866.59,328.195,968.95,199,0,0
2025-07-10 15:15,1215.134,866.59,328.195,969.081,0,0,0
2025-07-10 15:30,1215.134,866.604,328.195,969.09,53,0,0
2025-07-10 15:45,1215.134,866.637,328.195,969.15,133,0,0
2025-07-10 16:00,1215.134,866.665,328.195,969.198,112,0,0
2025-07-10 16:15,1215.134,866.703,328.195,969.246,152,0,0
2025-07-10 16:30,1215.134,866.738,328.195,969.246,141,0,0
2025-07-10 16:45,1215.134,866.762,328.195,969.246,96,0,0
2025-07-10 17:00,1215.134,866.782,328.195,969.246,78,0,0
2025-07-10 17:15,1215.134,866.807,328.195,969.246,100,0,0
2025-07-10 17:30,1215.134,866.86,328.195,969.246,212,0,0
2025-07-10 17:45,1215.134,866.875,328.195,969.246,61,0,0
2025-07-10 18:00,1215.134,866.904,328.195,969.246,115,0,0
2025-07-10 18:15,1215.134,866.937,328.195,969.246,135,0,0
2025-07-10 18:30,1215.134,866.999,328.195,969.246,245,0,0
2025-07-10 18:45,1215.134,867.023,328.195,969.246,96,0,0
2025-07-10 19:00,1215.134,867.072,328.195,969.246,197,0,0
2025-07-10 19:15,1215.134,867.216,328.195,969.246,579,0,0
2025-07-10 19:30,1215.134,867.335,328.195,969.246,475,0,0
2025-07-10 19:45,1215.134,867.451,328.195,969.246,463,0,0
2025-07-10 20:00,1215.134,867.564,328.195,969.246,454,0,0
2025-07-10 20:15,1215.134,867.679,328.195,969.246,460,0,0
2025-07-10 20:30,1215.134,867.816,328.195,969.246,548,0,0
2025-07-10 20:45,1215.134,867.941,328.195,969.246,498,0,0
2025-07-10 21:00,1215.258,867.941,328.195,969.246,499,0,0
2025-07-10 21:15,1215.356,867.941,328.195,969.246,390,0,0
2025-07-10 21:30,1215.457,867.941,328.195,969.246,403,0,0
2025-07-10 21:45,1215.619,867.941,328.195,969.246,651,0,0
2025-07-10 22:00,1215.736,867.941,328.195,969.246,466,0,0
2025-07-10 22:15,1215.84,867.941,328.195,969.246,418,0,0
2025-07-10 22:30,1215.989,867.941,328.195,969.246,594,0,0
2025-07-10 22:45,1216.115,867.941,328.195,969.246,503,0,0
2025-07-10 23:00,1216.246,867.941,328.195,969.246,526,0,0
2025-07-10 23:15,1216.363,867.941,328.195,969.246,469,0,0
2025-07-10 23:30,1216.477,867.941,328.195,969.246,455,0,0
2025-07-10 23:45,1216.594,867.941,328.195,969.246,466,0,0
2025-07-11 00:00,1216.686,867.941,328.195,969.246,369,0,0
2025-07-11 00:15,1216.804,867.941,328.195,969.246,473,0,0
2025-07-11 00:30,1216.93,867.941,328.195,969.246,504,0,0
2025-07-11 00:45,1217.087,867.941,328.195,969.246,628,0,0
2025-07-11 01:00,1217.209,867.941,328.195,969.246,487,0,0
2025-07-11 01:15,1217.282,867.941,328.195,969.246,293,0,0
2025-07-11 01:30,1217.4,867.941,328.195,969.246,472,0,0
2025-07-11 01:45,1217.575,867.941,328.195,969.246,699,0,0
2025-07-11 02:00,1217.712,867.941,328.195,969.246,549,0,0
2025-07-11 02:15,1217.816,867.941,328.195,969.246,415,0,0
2025-07-11 02:30,1217.948,867.941,328.195,969.246,527,0,0
2025-07-11 02:45,1218.053,867.941,328.195,969.246,421,0,0
2025-07-11 03:00,1218.146,867.941,328.195,969.246,372,0,0
2025-07-11 03:15,1218.259,867.941,328.195,969.246,452,0,0
2025-07-11 03:30,1218.381,867.941,328.195,969.246,487,0,0
2025-07-11 03:45,1218.464,867.941,328.195,969.246,330,0,0
2025-07-11 04:00,1218.561,867.941,328.195,969.246,388,0,0
2025-07-11 04:15,1218.681,867.941,328.195,969.246,481,0,0
2025-07-11 04:30,1218.793,867.941,328.195,969.246,447,0,0
2025-07-11 04:45,1218.921,867.941,328.195,969.246,512,0,0
2025-07-11 05:00,1219.016,867.941,328.195,969.246,383,0,0
2025-07-11 05:15,1219.151,867.941,328.195,969.246,537,0,0
2025-07-11 05:30,1219.247,867.941,328.195,969.246,385,0,0
2025-07-11 05:45,1219.4,867.941,328.195,969.246,611,0,0
2025-07-11 06:00,1219.485,867.941,328.195,969.246,343,0,0
2025-07-11 06:15,1219.584,867.941,328.195,969.246,393,0,0
2025-07-11 06:30,1219.712,867.941,328.195,969.246,513,0,0
2025-07-11 06:45,1219.865,867.941,328.195,969.246,613,0,0
2025-07-11 07:00,1219.865,867.977,328.195,969.246,145,0,0
2025-07-11 07:15,1219.865,868.018,328.195,969.246,165,0,0
2025-07-11 07:30,1219.865,868.049,328.195,969.246,121,0,0
2025-07-11 07:45,1219.865,868.058,328.195,969.246,38,0,0
2025-07-11 08:00,1219.865,868.078,328.195,969.246,81,0,0
2025-07-11 08:15,1219.865,868.084,328.195,969.246,23,0,0
2025-07-11 08:30,1219.865,868.089,328.195,969.246,18,0,0
2025-07-11 08:45,1219.865,868.127,328.195,969.246,152,0,0
2025-07-11 09:00,1219.865,868.134,328.195,969.246,30,0,0
2025-07-11 09:15,1219.865,868.171,328.195,969.246,146,0,0
2025-07-11 09:30,1219.865,868.175,328.195,969.246,16,0,0
2025-07-11 09:45,1219.865,868.211,328.195,969.246,144,0,0
2025-07-11 10:00,1219.865,868.231,328.195,969.246,81,0,0
2025-07-11 10:15,1219.865,868.289,328.195,969.246,233,0,0
2025-07-11 10:30,1219.865,868.325,328.195,969.271,146,0,0
2025-07-11 10:45,1219.865,868.38,328.195,969.271,219,0,0
2025-07-11 11:00,1219.865,868.395,328.195,969.313,60,0,0
2025-07-11 11:15,1219.865,868.426,328.195,969.315,124,0,0
2025-07-11 11:30,1219.865,868.436,328.195,969.328,42,0,0
2025-07-11 11:45,1219.865,868.458,328.195,969.429,87,0,0
2025-07-11 12:00,1219.865,868.483,328.195,969.544,99,0,0
2025-07-11 12:15,1219.865,868.498,328.195,969.683,62,0,0
2025-07-11 12:30,1219.865,868.504,328.195,969.82,23,0,0
2025-07-11 12:45,1219.865,868.506,328.195,970.031,7,0,0
2025-07-11 13:00,1219.865,868.506,328.195,970.315,0,0,0
2025-07-11 13:15,1219.865,868.515,328.195,970.436,35,0,0
2025-07-11 13:30,1219.865,868.557,328.195,970.57,170,0,0
2025-07-11 13:45,1219.865,868.557,328.195,970.703,0,0,0
2025-07-11 14:00,1219.865,868.56,328.195,970.933,11,0,0
2025-07-11 14:15,1219.865,868.626,328.195,971.056,263,0,0
2025-07-11 14:30,1219.865,868.643,328.195,971.235,69,0,0
2025-07-11 14:45,1219.865,868.679,328.195,971.35,146,0,0
2025-07-11 15:00,1219.865,868.722,328.195,971.475,171,0,0
2025-07-11 15:15,1219.865,868.766,328.195,971.61,173,0,0
2025-07-11 15:30,1219.865,868.766,328.195,971.678,0,0,0
2025-07-11 15:45,1219.865,868.791,328.195,971.723,102,0,0
2025-07-11 16:00,1219.865,868.791,328.195,971.734,0,0,0
2025-07-11 16:15,1219.865,868.87,328.195,971.749,316,0,0
2025-07-11 16:30,1219.865,868.87,328.195,971.749,0,0,0
2025-07-11 16:45,1219.865,868.879,328.195,971.753,36,0,0
2025-07-11 17:00,1219.865,868.888,328.195,971.753,37,0,0
2025-07-11 17:15,1219.865,868.888,328.195,971.753,0,0,0
2025-07-11 17:30,1219.865,868.945,328.195,971.753,228,0,0
2025-07-11 17:45,1219.865,869.024,328.195,971.753,314,0,0
2025-07-11 18:00,1219.865,869.044,328.195,971.753,82,0,0
2025-07-11 18:15,1219.865,869.048,328.195,971.753,14,0,0
2025-07-11 18:30,1219.865,869.048,328.195,971.753,0,0,0
2025-07-11 18:45,1219.865,869.073,328.195,971.753,100,0,0
2025-07-11 19:00,1219.865,869.096,328.195,971.753,95,0,0
2025-07-11 19:15,1219.865,869.203,328.195,971.753,428,0,0
2025-07-11 19:30,1219.865,869.328,328.195,971.753,498,0,0
2025-07-11 19:45,1219.865,869.456,328.195,971.753,512,0,0
2025-07-11 20:00,1219.865,869.582,328.195,971.753,506,0,0
2025-07-11 20:15,1219.865,869.696,328.195,971.753,455,0,0
2025-07-11 20:30,1219.865,869.794,328.195,971.753,392,0,0
2025-07-11 20:45,1219.865,869.927,328.195,971.753,533,0,0
2025-07-11 21:00,1219.985,869.927,328.195,971.753,481,0,0
2025-07-11 21:15,1220.123,869.927,328.195,971.753,551,0,0
2025-07-11 21:30,1220.259,869.927,328.195,971.753,543,0,0
2025-07-11 21:45,1220.351,869.927,328.195,971.753,366,0,0
2025-07-11 22:00,1220.442,869.927,328.195,971.753,365,0,0
2025-07-11 22:15,1220.547,869.927,328.195,971.753,420,0,0
2025-07-11 22:30,1220.646,869.927,328.195,971.753,395,0,0
2025-07-11 22:45,1220.781,869.927,328.195,971.753,540,0,0
2025-07-11 23:00,1220.908,869.927,328.195,971.753,508,0,0
2025-07-11 23:15,1221.05,869.927,328.195,971.753,568,0,0
2025-07-11 23:30,1221.178,869.927,328.195,971.753,512,0,0
2025-07-11 23:45,1221.302,869.927,328.195,971.753,497,0,0
2025-07-12 00:00,1221.446,869.927,328.195,971.753,576,0,0
2025-07-12 00:15,1221.575,869.927,328.195,971.753,518,0,0
2025-07-12 00:30,1221.697,869.927,328.195,971.753,485,0,0
2025-07-12 00:45,1221.846,869.927,328.195,971.753,598,0,0
2025-07-12 01:00,1221.969,869.927,328.195,971.753,489,0,0
2025-07-12 01:15,1222.082,869.927,328.195,971.753,456,0,0
2025-07-12 01:30,1222.186,869.927,328.195,971.753,413,0,0
2025-07-12 01:45,1222.32,869.927,328.195,971.753,536,0,0
2025-07-12 02:00,1222.464,869.927,328.195,971.753,579,0,0
2025-07-12 02:15,1222.583,869.927,328.195,971.753,476,0,0
2025-07-12 02:30,1222.73,869.927,328.195,971.753,585,0,0
2025-07-12 02:45,1222.81,869.927,328.195,971.753,322,0,0
2025-07-12 03:00,1222.929,869.927,328.195,971.753,476,0,0
2025-07-12 03:15,1223.048,869.927,328.195,971.753,477,0,0
2025-07-12 03:30,1223.154,869.927,328.195,971.753,422,0,0
2025-07-12 03:45,1223.321,869.927,328.195,971.753,671,0,0
2025-07-12 04:00,1223.44,869.927,328.195,971.753,475,0,0
2025-07-12 04:15,1223.552,869.927,328.195,971.753,447,0,0
2025-07-12 04:30,1223.672,869.927,328.195,971.753,482,0,0
2025-07-12 04:45,1223.752,869.927,328.195,971.753,320,0,0
2025-07-12 05:00,1223.857,869.927,328.195,971.753,419,0,0
2025-07-12 05:15,1223.997,869.927,328.195,971.753,559,0,0
2025-07-12 05:30,1224.104,869.927,328.195,971.753,430,0,0
2025-07-12 05:45,1224.208,869.927,328.195,971.753,414,0,0
2025-07-12 06:00,1224.354,869.927,328.195,971.753,585,0,0
2025-07-12 06:15,1224.501,869.927,328.195,971.753,587,0,0
2025-07-12 06:30,1224.631,869.927,328.195,971.753,521,0,0
2025-07-12 06:45,1224.742,869.927,328.195,971.753,444,0,0
2025-07-12 07:00,1224.767,869.927,328.195,971.753,101,0,0
2025-07-12 07:15,1224.781,869.927,328.195,971.753,56,0,0
2025-07-12 07:30,1224.791,869.927,328.195,971.753,40,0,0
2025-07-12 07:45,1224.8,869.927,328.195,971.753,36,0,0
2025-07-12 08:00,1224.818,869.927,328.195,971.753,71,0,0
2025-07-12 08:15,1224.827,869.927,328.195,971.753,37,0,0
2025-07-12 08:30,1224.827,869.927,328.195,971.753,0,0,0
2025-07-12 08:45,1224.862,869.927,328.195,971.753,138,0,0
2025-07-12 09:00,1224.896,869.927,328.195,971.753,139,0,0
2025-07-12 09:15,1224.96,869.927,328.195,971.753,256,0,0
2025-07-12 09:30,1224.977,869.927,328.195,971.753,67,0,0
2025-07-12 09:45,1225.013,869.927,328.195,971.753,144,0,0
2025-07-12 10:00,1225.049,869.927,328.195,971.753,145,0,0
2025-07-12 10:15,1225.074,869.927,328.195,971.753,100,0,0
2025-07-12 10:30,1225.119,869.927,328.217,971.753,180,0,0
2025-07-12 10:45,1225.164,869.927,328.227,971.753,182,0,0
2025-07-12 11:00,1225.201,869.927,328.267,971.753,146,0,0
2025-07-12 11:15,1225.226,869.927,328.274,971.753,100,0,0
2025-07-12 11:30,1225.249,869.927,328.291,971.753,91,0,0
2025-07-12 11:45,1225.251,869.927,328.314,971.753,11,0,0
2025-07-12 12:00,1225.265,869.927,328.398,971.753,56,0,0
2025-07-12 12:15,1225.283,869.927,328.519,971.753,70,0,0
2025-07-12 12:30,1225.29,869.927,328.608,971.753,30,0,0
2025-07-12 12:45,1225.329,869.927,328.732,971.753,155,0,0
2025-07-12 13:00,1225.383,869.927,328.784,971.753,216,0,0
2025-07-12 13:15,1225.395,869.927,328.923,971.753,47,0,0
2025-07-12 13:30,1225.431,869.927,329.007,971.753,143,0,0
2025-07-12 13:45,1225.44,869.927,329.092,971.753,37,0,0
2025-07-12 14:00,1225.464,869.927,329.144,971.753,96,0,0
2025-07-12 14:15,1225.48,869.927,329.345,971.753,65,0,0
2025-07-12 14:30,1225.522,869.927,329.577,971.753,168,0,0
2025-07-12 14:45,1225.538,869.927,329.725,971.753,66,0,0
2025-07-12 15:00,1225.589,869.927,329.764,971.753,201,0,0
2025-07-12 15:15,1225.614,869.927,329.922,971.753,100,0,0
2025-07-12 15:30,1225.631,869.927,330.049,971.753,68,0,0
2025-07-12 15:45,1225.636,869.927,330.093,971.753,20,0,0
2025-07-12 16:00,1225.671,869.927,330.093,971.753,140,0,0
2025-07-12 16:15,1225.719,869.927,330.123,971.753,192,0,0
2025-07-12 16:30,1225.754,869.927,330.149,971.753,142,0,0
2025-07-12 16:45,1225.829,869.927,330.15,971.753,299,0,0
2025-07-12 17:00,1225.888,869.927,330.15,971.753,234,0,0
2025-07-12 17:15,1225.911,869.927,330.15,971.753,95,0,0
2025-07-12 17:30,1225.935,869.927,330.15,971.753,95,0,0
2025-07-12 17:45,1225.974,869.927,330.15,971.753,158,0,0
2025-07-12 18:00,1225.988,869.927,330.15,971.753,53,0,0
2025-07-12 18:15,1226.041,869.927,330.15,971.753,213,0,0
2025-07-12 18:30,1226.078,869.927,330.15,971.753,149,0,0
2025-07-12 18:45,1226.113,869.927,330.15,971.753,141,0,0
2025-07-12 19:00,1226.157,869.927,330.15,971.753,175,0,0
2025-07-12 19:15,1226.312,869.927,330.15,971.753,618,0,0
2025-07-12 19:30,1226.435,869.927,330.15,971.753,494,0,0
2025-07-12 19:45,1226.553,869.927,330.15,971.753,471,0,0
2025-07-12 20:00,1226.703,869.927,330.15,971.753,601,0,0
2025-07-12 20:15,1226.842,869.927,330.15,971.753,557,0,0
2025-07-12 20:30,1226.956,869.927,330.15,971.753,454,0,0
2025-07-12 20:45,1227.076,869.927,330.15,971.753,480,0,0
2025-07-12 21:00,1227.2,869.927,330.15,971.753,496,0,0
2025-07-12 21:15,1227.327,869.927,330.15,971.753,509,0,0
2025-07-12 21:30,1227.42,869.927,330.15,971.753,371,0,0
2025-07-12 21:45,1227.509,869.927,330.15,971.753,357,0,0
2025-07-12 22:00,1227.611,869.927,330.15,971.753,409,0,0
2025-07-12 22:15,1227.712,869.927,330.15,971.753,403,0,0
2025-07-12 22:30,1227.819,869.927,330.15,971.753,428,0,0
2025-07-12 22:45,1227.952,869.927,330.15,971.753,531,0,0
2025-07-12 23:00,1228.068,869.927,330.15,971.753,466,0,0
2025-07-12 23:15,1228.192,869.927,330.15,971.753,496,0,0
2025-07-12 23:30,1228.288,869.927,330.15,971.753,382,0,0
2025-07-12 23:45,1228.399,869.927,330.15,971.753,443,0,0
2025-07-13 00:00,1228.53,869.927,330.15,971.753,527,0,0
2025-07-13 00:15,1228.662,869.927,330.15,971.753,528,0,0
2025-07-13 00:30,1228.768,869.927,330.15,971.753,422,0,0
2025-07-13 00:45,1228.891,869.927,330.15,971.753,493,0,0
2025-07-13 01:00,1229.055,869.927,330.15,971.753,656,0,0
2025-07-13 01:15,1229.175,869.927,330.15,971.753,479,0,0
2025-07-13 01:30,1229.281,869.927,330.15,971.753,425,0,0
2025-07-13 01:45,1229.397,869.927,330.15,971.753,466,0,0
2025-07-13 02:00,1229.519,869.927,330.15,971.753,487,0,0
2025-07-13 02:15,1229.636,869.927,330.15,971.753,468,0,0
2025-07-13 02:30,1229.756,869.927,330.15,971.753,477,0,0
2025-07-13 02:45,1229.847,869.927,330.15,971.753,365,0,0
2025-07-13 03:00,1229.947,869.927,330.15,971.753,403,0,0
2025-07-13 03:15,1230.064,869.927,330.15,971.753,468,0,0
2025-07-13 03:30,1230.181,869.927,330.15,971.753,467,0,0
2025-07-13 03:45,1230.29,869.927,330.15,971.753,435,0,0
2025-07-13 04:00,1230.406,869.927,330.15,971.753,466,0,0
2025-07-13 04:15,1230.527,869.927,330.15,971.753,485,0,0
2025-07-13 04:30,1230.665,869.927,330.15,971.753,551,0,0
2025-07-13 04:45,1230.783,869.927,330.15,971.753,472,0,0
2025-07-13 05:00,1230.911,869.927,330.15,971.753,512,0,0
2025-07-13 05:15,1231.02,869.927,330.15,971.753,437,0,0
2025-07-13 05:30,1231.152,869.927,330.15,971.753,526,0,0
2025-07-13 05:45,1231.279,869.927,330.15,971.753,510,0,0
2025-07-13 06:00,1231.417,869.927,330.15,971.753,549,0,0
2025-07-13 06:15,1231.551,869.927,330.15,971.753,537,0,0
2025-07-13 06:30,1231.683,869.927,330.15,971.753,527,0,0
2025-07-13 06:45,1231.801,869.927,330.15,971.753,472,0,0
2025-07-13 07:00,1231.836,869.927,330.15,971.753,140,0,0
2025-07-13 07:15,1231.887,869.927,330.15,971.753,205,0,0
2025-07-13 07:30,1231.904,869.927,330.15,971.753,68,0,0
2025-07-13 07:45,1231.921,869.927,330.15,971.753,70,0,0
2025-07-13 08:00,1231.955,869.927,330.15,971.753,135,0,0
2025-07-13 08:15,1231.993,869.927,330.15,971.753,153,0,0
2025-07-13 08:30,1232.007,869.927,330.15,971.753,54,0,0
2025-07-13 08:45,1232.035,869.927,330.15,971.753,114,0,0
2025-07-13 09:00,1232.063,869.927,330.15,971.753,112,0,0
2025-07-13 09:15,1232.063,869.927,330.15,971.753,0,0,0
2025-07-13 09:30,1232.089,869.927,330.15,971.753,102,0,0
2025-07-13 09:45,1232.116,869.927,330.15,971.753,107,0,0
2025-07-13 10:00,1232.143,869.927,330.15,971.753,107,0,0
2025-07-13 10:15,1232.201,869.927,330.153,971.753,233,0,0
2025-07-13 10:30,1232.207,869.927,330.156,971.753,23,0,0
2025-07-13 10:45,1232.22,869.927,330.202,971.753,54,0,0
2025-07-13 11:00,1232.22,869.927,330.236,971.753,0,0,0
2025-07-13 11:15,1232.241,869.927,330.297,971.753,82,0,0
2025-07-13 11:30,1232.263,869.927,330.324,971.753,88,0,0
2025-07-13 11:45,1232.282,869.927,330.417,971.753,79,0,0
2025-07-13 12:00,1232.335,869.927,330.504,971.753,209,0,0
2025-07-13 12:15,1232.382,869.927,330.71,971.753,189,0,0
2025-07-13 12:30,1232.413,869.927,330.943,971.753,126,0,0
2025-07-13 12:45,1232.436,869.927,331.033,971.753,90,0,0
2025-07-13 13:00,1232.486,869.927,331.229,971.753,202,0,0
2025-07-13 13:15,1232.516,869.927,331.438,971.753,118,0,0
2025-07-13 13:30,1232.53,869.927,331.631,971.753,55,0,0
2025-07-13 13:45,1232.53,869.927,331.715,971.753,0,0,0
2025-07-13 14:00,1232.551,869.927,331.919,971.753,85,0,0
2025-07-13 14:15,1232.596,869.927,332.143,971.753,180,0,0
2025-07-13 14:30,1232.672,869.927,332.254,971.753,302,0,0
2025-07-13 14:45,1232.703,869.927,332.382,971.753,125,0,0
2025-07-13 15:00,1232.717,869.927,332.423,971.753,59,0,0
2025-07-13 15:15,1232.724,869.927,332.573,971.753,25,0,0
2025-07-13 15:30,1232.765,869.927,332.591,971.753,164,0,0
2025-07-13 15:45,1232.765,869.927,332.608,971.753,0,0,0
2025-07-13 16:00,1232.806,869.927,332.621,971.753,164,0,0
2025-07-13 16:15,1232.852,869.927,332.658,971.753,185,0,0
2025-07-13 16:30,1232.891,869.927,332.67,971.753,155,0,0
2025-07-13 16:45,1232.916,869.927,332.67,971.753,102,0,0
2025-07-13 17:00,1232.958,869.927,332.67,971.753,165,0,0
2025-07-13 17:15,1232.991,869.927,332.67,971.753,134,0,0
2025-07-13 17:30,1233.006,869.927,332.67,971.753,58,0,0
2025-07-13 17:45,1233.073,869.927,332.67,971.753,268,0,0
2025-07-13 18:00,1233.096,869.927,332.67,971.753,92,0,0
2025-07-13 18:15,1233.141,869.927,332.67,971.753,182,0,0
2025-07-13 18:30,1233.141,869.927,332.67,971.753,0,0,0
2025-07-13 18:45,1233.197,869.927,332.67,971.753,222,0,0
2025-07-13 19:00,1233.256,869.927,332.67,971.753,238,0,0
2025-07-13 19:15,1233.377,869.927,332.67,971.753,482,0,0
2025-07-13 19:30,1233.508,869.927,332.67,971.753,525,0,0
2025-07-13 19:45,1233.639,869.927,332.67,971.753,525,0,0
2025-07-13 20:00,1233.746,869.927,332.67,971.753,429,0,0
2025-07-13 20:15,1233.877,869.927,332.67,971.753,524,0,0
2025-07-13 20:30,1233.981,869.927,332.67,971.753,415,0,0
2025-07-13 20:45,1234.089,869.927,332.67,971.753,431,0,0
2025-07-13 21:00,1234.231,869.927,332.67,971.753,570,0,0
2025-07-13 21:15,1234.371,869.927,332.67,971.753,558,0,0
2025-07-13 21:30,1234.477,869.927,332.67,971.753,423,0,0
2025-07-13 21:45,1234.582,869.927,332.67,971.753,421,0,0
2025-07-13 22:00,1234.689,869.927,332.67,971.753,428,0,0
2025-07-13 22:15,1234.824,869.927,332.67,971.753,539,0,0
2025-07-13 22:30,1234.924,869.927,332.67,971.753,400,0,0
2025-07-13 22:45,1235.051,869.927,332.67,971.753,509,0,0
2025-07-13 23:00,1235.186,869.927,332.67,971.753,540,0,0
2025-07-13 23:15,1235.304,869.927,332.67,971.753,473,0,0
2025-07-13 23:30,1235.444,869.927,332.67,971.753,561,0,0
2025-07-13 23:45,1235.558,869.927,332.67,971.753,456,0,0
2025-07-14 00:00,1235.674,869.927,332.67,971.753,463,0,0
2025-07-14 00:15,1235.774,869.927,332.67,971.753,402,0,0
2025-07-14 00:30,1235.915,869.927,332.67,971.753,561,0,0
2025-07-14 00:45,1236.019,869.927,332.67,971.753,419,0,0
2025-07-14 01:00,1236.146,869.927,332.67,971.753,508,0,0
2025-07-14 01:15,1236.265,869.927,332.67,971.753,474,0,0
2025-07-14 01:30,1236.364,869.927,332.67,971.753,396,0,0
2025-07-14 01:45,1236.472,869.927,332.67,971.753,431,0,0
2025-07-14 02:00,1236.619,869.927,332.67,971.753,591,0,0
2025-07-14 02:15,1236.743,869.927,332.67,971.753,496,0,0
2025-07-14 02:30,1236.843,869.927,332.67,971.753,399,0,0
2025-07-14 02:45,1236.969,869.927,332.67,971.753,504,0,0
2025-07-14 03:00,1237.086,869.927,332.67,971.753,468,0,0
2025-07-14 03:15,1237.275,869.927,332.67,971.753,756,0,0
2025-07-14 03:30,1237.401,869.927,332.67,971.753,503,0,0
2025-07-14 03:45,1237.514,869.927,332.67,971.753,450,0,0
2025-07-14 04:00,1237.662,869.927,332.67,971.753,594,0,0
2025-07-14 04:15,1237.745,869.927,332.67,971.753,333,0,0
2025-07-14 04:30,1237.867,869.927,332.67,971.753,488,0,0
2025-07-14 04:45,1238.027,869.927,332.67,971.753,640,0,0
2025-07-14 05:00,1238.145,869.927,332.67,971.753,471,0,0
2025-07-14 05:15,1238.23,869.927,332.67,971.753,341,0,0
2025-07-14 05:30,1238.342,869.927,332.67,971.753,448,0,0
2025-07-14 05:45,1238.491,869.927,332.67,971.753,596,0,0
2025-07-14 06:00,1238.619,869.927,332.67,971.753,510,0,0
2025-07-14 06:15,1238.722,869.927,332.67,971.753,413,0,0
2025-07-14 06:30,1238.828,869.927,332.67,971.753,425,0,0
2025-07-14 06:45,1238.937,869.927,332.67,971.753,435,0,0
2025-07-14 07:00,1238.937,869.964,332.67,971.753,149,0,0
2025-07-14 07:15,1238.937,870.021,332.67,971.753,227,0,0
2025-07-14 07:30,1238.937,870.072,332.67,971.753,204,0,0
2025-07-14 07:45,1238.937,870.111,332.67,971.753,156,0,0
2025-07-14 08:00,1238.937,870.115,332.67,971.753,13,0,0
2025-07-14 08:15,1238.937,870.118,332.67,971.753,14,0,0
2025-07-14 08:30,1238.937,870.159,332.67,971.753,163,0,0
2025-07-14 08:45,1238.937,870.162,332.67,971.753,12,0,0
2025-07-14 09:00,1238.937,870.187,332.67,971.753,102,0,0
2025-07-14 09:15,1238.937,870.224,332.67,971.753,144,0,0
2025-07-14 09:30,1238.937,870.231,332.67,971.753,29,0,0
2025-07-14 09:45,1238.937,870.24,332.67,971.753,38,0,0
2025-07-14 10:00,1238.937,870.268,332.67,971.753,112,0,0
2025-07-14 10:15,1238.937,870.308,332.67,971.753,160,0,0
2025-07-14 10:30,1238.937,870.36,332.67,971.753,205,0,0
2025-07-14 10:45,1238.937,870.402,332.67,971.76,169,0,0
2025-07-14 11:00,1238.937,870.433,332.67,971.819,126,0,0
2025-07-14 11:15,1238.937,870.448,332.67,971.834,60,0,0
2025-07-14 11:30,1238.937,870.457,332.67,971.955,34,0,0
2025-07-14 11:45,1238.937,870.477,332.67,972.054,79,0,0
2025-07-14 12:00,1238.937,870.515,332.67,972.179,153,0,0
2025-07-14 12:15,1238.937,870.552,332.67,972.307,147,0,0
2025-07-14 12:30,1238.937,870.552,332.67,972.461,0,0,0
2025-07-14 12:45,1238.937,870.566,332.67,972.656,57,0,0
2025-07-14 13:00,1238.937,870.62,332.67,972.861,216,0,0
2025-07-14 13:15,1238.937,870.652,332.67,972.966,126,0,0
2025-07-14 13:30,1238.937,870.653,332.67,973.164,7,0,0
2025-07-14 13:45,1238.937,870.73,332.67,973.304,308,0,0
2025-07-14 14:00,1238.937,870.76,332.67,973.504,118,0,0
2025-07-14 14:15,1238.937,870.798,332.67,973.672,151,0,0
2025-07-14 14:30,1238.937,870.836,332.67,973.748,152,0,0
2025-07-14 14:45,1238.937,870.858,332.67,973.918,91,0,0
2025-07-14 15:00,1238.937,870.874,332.67,974.017,62,0,0
2025-07-14 15:15,1238.937,870.946,332.67,974.111,290,0,0
2025-07-14 15:30,1238.937,870.996,332.67,974.2,200,0,0
2025-07-14 15:45,1238.937,871.043,332.67,974.264,186,0,0
2025-07-14 16:00,1238.937,871.084,332.67,974.316,166,0,0
2025-07-14 16:15,1238.937,871.094,332.67,974.316,40,0,0
2025-07-14 16:30,1238.937,871.15,332.67,974.316,222,0,0
2025-07-14 16:45,1238.937,871.163,332.67,974.316,53,0,0
2025-07-14 17:00,1238.937,871.198,332.67,974.316,143,0,0
2025-07-14 17:15,1238.937,871.198,332.67,974.316,0,0,0
2025-07-14 17:30,1238.937,871.198,332.67,974.316,0,0,0
2025-07-14 17:45,1238.937,871.235,332.67,974.316,145,0,0
2025-07-14 18:00,1238.937,871.249,332.67,974.316,55,0,0
2025-07-14 18:15,1238.937,871.249,332.67,974.316,0,0,0
2025-07-14 18:30,1238.937,871.289,332.67,974.316,163,0,0
2025-07-14 18:45,1238.937,871.362,332.67,974.316,290,0,0
2025-07-14 19:00,1238.937,871.42,332.67,974.316,231,0,0
2025-07-14 19:15,1238.937,871.534,332.67,974.316,459,0,0
2025-07-14 19:30,1238.937,871.655,332.67,974.316,481,0,0
2025-07-14 19:45,1238.937,871.792,332.67,974.316,551,0,0
2025-07-14 20:00,1238.937,871.935,332.67,974.316,570,0,0
2025-07-14 20:15,1238.937,872.048,332.67,974.316,453,0,0
2025-07-14 20:30,1238.937,872.169,332.67,974.316,483,0,0
2025-07-14 20:45,1238.937,872.295,332.67,974.316,504,0,0
2025-07-14 21:00,1239.068,872.295,332.67,974.316,524,0,0
2025-07-14 21:15,1239.185,872.295,332.67,974.316,469,0,0
2025-07-14 21:30,1239.303,872.295,332.67,974.316,470,0,0
2025-07-14 21:45,1239.45,872.295,332.67,974.316,590,0,0
2025-07-14 22:00,1239.595,872.295,332.67,974.316,577,0,0
2025-07-14 22:15,1239.724,872.295,332.67,974.316,518,0,0
2025-07-14 22:30,1239.879,872.295,332.67,974.316,618,0,0
2025-07-14 22:45,1239.991,872.295,332.67,974.316,449,0,0
2025-07-14 23:00,1240.143,872.295,332.67,974.316,610,0,0
2025-07-14 23:15,1240.274,872.295,332.67,974.316,523,0,0
2025-07-14 23:30,1240.46,872.295,332.67,974.316,742,0,0
2025-07-14 23:45,1240.556,872.295,332.67,974.316,385,0,0
2025-07-15 00:00,1240.662,872.295,332.67,974.316,425,0,0
2025-07-15 00:15,1240.79,872.295,332.67,974.316,514,0,0
2025-07-15 00:30,1240.918,872.295,332.67,974.316,512,0,0
2025-07-15 00:45,1241.077,872.295,332.67,974.316,636,0,0
2025-07-15 01:00,1241.184,872.295,332.67,974.316,427,0,0
2025-07-15 01:15,1241.322,872.295,332.67,974.316,552,0,0
2025-07-15 01:30,1241.465,872.295,332.67,974.316,573,0,0
2025-07-15 01:45,1241.599,872.295,332.67,974.316,536,0,0
2025-07-15 02:00,1241.7,872.295,332.67,974.316,403,0,0
2025-07-15 02:15,1241.848,872.295,332.67,974.316,593,0,0
2025-07-15 02:30,1241.993,872.295,332.67,974.316,578,0,0
2025-07-15 02:45,1242.125,872.295,332.67,974.316,528,0,0
2025-07-15 03:00,1242.249,872.295,332.67,974.316,496,0,0
2025-07-15 03:15,1242.374,872.295,332.67,974.316,498,0,0
2025-07-15 03:30,1242.492,872.295,332.67,974.316,474,0,0
2025-07-15 03:45,1242.625,872.295,332.67,974.316,531,0,0
2025-07-15 04:00,1242.745,872.295,332.67,974.316,482,0,0
2025-07-15 04:15,1242.848,872.295,332.67,974.316,412,0,0
2025-07-15 04:30,1242.947,872.295,332.67,974.316,396,0,0
2025-07-15 04:45,1243.052,872.295,332.67,974.316,420,0,0
2025-07-15 05:00,1243.177,872.295,332.67,974.316,498,0,0
2025-07-15 05:15,1243.296,872.295,332.67,974.316,478,0,0
2025-07-15 05:30,1243.421,872.295,332.67,974.316,497,0,0
2025-07-15 05:45,1243.551,872.295,332.67,974.316,520,0,0
2025-07-15 06:00,1243.658,872.295,332.67,974.316,430,0,0
2025-07-15 06:15,1243.807,872.295,332.67,974.316,597,0,0
2025-07-15 06:30,1243.922,872.295,332.67,974.316,459,0,0
2025-07-15 06:45,1244.033,872.295,332.67,974.316,445,0,0
2025-07-15 07:00,1244.033,872.334,332.67,974.316,159,0,0
2025-07-15 07:15,1244.033,872.334,332.67,974.316,0,0,0
2025-07-15 07:30,1244.033,872.348,332.67,974.316,57,0,0
2025-07-15 07:45,1244.033,872.398,332.67,974.316,198,0,0
2025-07-15 08:00,1244.033,872.398,332.67,974.316,0,0,0
2025-07-15 08:15,1244.033,872.45,332.67,974.316,209,0,0
2025-07-15 08:30,1244.033,872.511,332.67,974.316,241,0,0
2025-07-15 08:45,1244.033,872.533,332.67,974.316,90,0,0
2025-07-15 09:00,1244.033,872.569,332.67,974.316,143,0,0
2025-07-15 09:15,1244.033,872.621,332.67,974.316,210,0,0
2025-07-15 09:30,1244.033,872.642,332.67,974.316,83,0,0
2025-07-15 09:45,1244.033,872.689,332.67,974.316,189,0,0
2025-07-15 10:00,1244.033,872.706,332.67,974.316,66,0,0
2025-07-15 10:15,1244.033,872.727,332.67,974.316,82,0,0
2025-07-15 10:30,1244.033,872.741,332.67,974.316,56,0,0
2025-07-15 10:45,1244.033,872.777,332.67,974.317,147,0,0
2025-07-15 11:00,1244.033,872.831,332.67,974.354,213,0,0
2025-07-15 11:15,1244.033,872.857,332.67,974.421,105,0,0
2025-07-15 11:30,1244.033,872.861,332.67,974.427,18,0,0
2025-07-15 11:45,1244.033,872.87,332.67,974.554,33,0,0
2025-07-15 12:00,1244.033,872.908,332.67,974.606,152,0,0
2025-07-15 12:15,1244.033,872.975,332.67,974.693,268,0,0
2025-07-15 12:30,1244.033,873.012,332.67,974.798,151,0,0
2025-07-15 12:45,1244.033,873.035,332.67,974.918,89,0,0
2025-07-15 13:00,1244.033,873.08,332.67,975.147,181,0,0
2025-07-15 13:15,1244.033,873.105,332.67,975.211,101,0,0
2025-07-15 13:30,1244.033,873.128,332.67,975.314,90,0,0
2025-07-15 13:45,1244.033,873.138,332.67,975.374,43,0,0
2025-07-15 14:00,1244.033,873.197,332.67,975.607,233,0,0
2025-07-15 14:15,1244.033,873.197,332.67,975.872,0,0,0
2025-07-15 14:30,1244.033,873.243,332.67,976.048,184,0,0
2025-07-15 14:45,1244.033,873.263,332.67,976.19,83,0,0
2025-07-15 15:00,1244.033,873.285,332.67,976.365,87,0,0
2025-07-15 15:15,1244.033,873.349,332.67,976.416,255,0,0
2025-07-15 15:30,1244.033,873.365,332.67,976.428,63,0,0
2025-07-15 15:45,1244.033,873.381,332.67,976.477,66,0,0
2025-07-15 16:00,1244.033,873.408,332.67,976.487,110,0,0
2025-07-15 16:15,1244.033,873.447,332.67,976.498,153,0,0
2025-07-15 16:30,1244.033,873.468,332.67,976.498,85,0,0
2025-07-15 16:45,1244.033,873.468,332.67,976.498,0,0,0
2025-07-15 17:00,1244.033,873.481,332.67,976.498,51,0,0
2025-07-15 17:15,1244.033,873.536,332.67,976.498,223,0,0
2025-07-15 17:30,1244.033,873.568,332.67,976.498,126,0,0
2025-07-15 17:45,1244.033,873.607,332.67,976.498,156,0,0
2025-07-15 18:00,1244.033,873.632,332.67,976.498,99,0,0
2025-07-15 18:15,1244.033,873.648,332.67,976.498,67,0,0
2025-07-15 18:30,1244.033,873.712,332.67,976.498,254,0,0
2025-07-15 18:45,1244.033,873.738,332.67,976.498,105,0,0
2025-07-15 19:00,1244.033,873.759,332.67,976.498,85,0,0
2025-07-15 19:15,1244.033,873.901,332.67,976.498,568,0,0
2025-07-15 19:30,1244.033,874.007,332.67,976.498,422,0,0
2025-07-15 19:45,1244.033,874.115,332.67,976.498,432,0,0
2025-07-15 20:00,1244.033,874.235,332.67,976.498,481,0,0
2025-07-15 20:15,1244.033,874.355,332.67,976.498,480,0,0
2025-07-15 20:30,1244.033,874.48,332.67,976.498,501,0,0
2025-07-15 20:45,1244.033,874.642,332.67,976.498,647,0,0
2025-07-15 21:00,1244.16,874.642,332.67,976.498,507,0,0
2025-07-15 21:15,1244.233,874.642,332.67,976.498,290,0,0
2025-07-15 21:30,1244.359,874.642,332.67,976.498,506,0,0
2025-07-15 21:45,1244.48,874.642,332.67,976.498,483,0,0
2025-07-15 22:00,1244.601,874.642,332.67,976.498,483,0,0
2025-07-15 22:15,1244.726,874.642,332.67,976.498,500,0,0
2025-07-15 22:30,1244.845,874.642,332.67,976.498,478,0,0
2025-07-15 22:45,1244.964,874.642,332.67,976.498,476,0,0
2025-07-15 23:00,1245.096,874.642,332.67,976.498,529,0,0
2025-07-15 23:15,1245.205,874.642,332.67,976.498,437,0,0
2025-07-15 23:30,1245.306,874.642,332.67,976.498,404,0,0
2025-07-15 23:45,1245.487,874.642,332.67,976.498,722,0,0
2025-07-16 00:00,1245.593,874.642,332.67,976.498,423,0,0
2025-07-16 00:15,1245.715,874.642,332.67,976.498,488,0,0
2025-07-16 00:30,1245.805,874.642,332.67,976.498,360,0,0
2025-07-16 00:45,1245.927,874.642,332.67,976.498,489,0,0
2025-07-16 01:00,1246.028,874.642,332.67,976.498,405,0,0
2025-07-16 01:15,1246.139,874.642,332.67,976.498,445,0,0
2025-07-16 01:30,1246.28,874.642,332.67,976.498,564,0,0
2025-07-16 01:45,1246.41,874.642,332.67,976.498,518,0,0
2025-07-16 02:00,1246.541,874.642,332.67,976.498,525,0,0
2025-07-16 02:15,1246.626,874.642,332.67,976.498,338,0,0
2025-07-16 02:30,1246.783,874.642,332.67,976.498,627,0,0
2025-07-16 02:45,1246.879,874.642,332.67,976.498,385,0,0
2025-07-16 03:00,1247.029,874.642,332.67,976.498,602,0,0
2025-07-16 03:15,1247.17,874.642,332.67,976.498,562,0,0
2025-07-16 03:30,1247.301,874.642,332.67,976.498,526,0,0
2025-07-16 03:45,1247.404,874.642,332.67,976.498,412,0,0
2025-07-16 04:00,1247.527,874.642,332.67,976.498,492,0,0
2025-07-16 04:15,1247.638,874.642,332.67,976.498,442,0,0
2025-07-16 04:30,1247.758,874.642,332.67,976.498,482,0,0
2025-07-16 04:45,1247.873,874.642,332.67,976.498,460,0,0
2025-07-16 05:00,1247.953,874.642,332.67,976.498,317,0,0
2025-07-16 05:15,1248.095,874.642,332.67,976.498,570,0,0
2025-07-16 05:30,1248.213,874.642,332.67,976.498,474,0,0
2025-07-16 05:45,1248.324,874.642,332.67,976.498,441,0,0
2025-07-16 06:00,1248.432,874.642,332.67,976.498,435,0,0
2025-07-16 06:15,1248.56,874.642,332.67,976.498,509,0,0
2025-07-16 06:30,1248.662,874.642,332.67,976.498,408,0,0
2025-07-16 06:45,1248.737,874.642,332.67,976.498,300,0,0
2025-07-16 07:00,1248.737,874.68,332.67,976.498,153,0,0
2025-07-16 07:15,1248.737,874.721,332.67,976.498,162,0,0
2025-07-16 07:30,1248.737,874.747,332.67,976.498,104,0,0
2025-07-16 07:45,1248.737,874.754,332.67,976.498,28,0,0
2025-07-16 08:00,1248.737,874.785,332.67,976.498,127,0,0
2025-07-16 08:15,1248.737,874.786,332.67,976.498,3,0,0
2025-07-16 08:30,1248.737,874.796,332.67,976.498,38,0,0
2025-07-16 08:45,1248.737,874.811,332.67,976.498,60,0,0
2025-07-16 09:00,1248.737,874.857,332.67,976.498,188,0,0
2025-07-16 09:15,1248.737,874.88,332.67,976.498,91,0,0
2025-07-16 09:30,1248.737,874.901,332.67,976.498,84,0,0
2025-07-16 09:45,1248.737,874.97,332.67,976.498,276,0,0
2025-07-16 10:00,1248.737,875.007,332.67,976.498,148,0,0
2025-07-16 10:15,1248.737,875.044,332.67,976.498,147,0,0
2025-07-16 10:30,1248.737,875.067,332.67,976.498,90,0,0
2025-07-16 10:45,1248.737,875.085,332.67,976.512,72,0,0
2025-07-16 11:00,1248.737,875.085,332.67,976.514,0,0,0
2025-07-16 11:15,1248.737,875.134,332.67,976.573,197,0,0
2025-07-16 11:30,1248.737,875.173,332.67,976.591,156,0,0
2025-07-16 11:45,1248.737,875.2,332.67,976.633,106,0,0
2025-07-16 12:00,1248.737,875.227,332.67,976.791,109,0,0
2025-07-16 12:15,1248.737,875.272,332.67,976.866,179,0,0
2025-07-16 12:30,1248.737,875.272,332.67,977.058,0,0,0
2025-07-16 12:45,1248.737,875.29,332.67,977.164,73,0,0
2025-07-16 13:00,1248.737,875.297,332.67,977.27,29,0,0
2025-07-16 13:15,1248.737,875.362,332.67,977.397,262,0,0
2025-07-16 13:30,1248.737,875.41,332.67,977.668,190,0,0
2025-07-16 13:45,1248.737,875.41,332.67,977.818,0,0,0
2025-07-16 14:00,1248.737,875.41,332.67,977.926,0,0,0
2025-07-16 14:15,1248.737,875.437,332.67,978.091,109,0,0
2025-07-16 14:30,1248.737,875.458,332.67,978.21,82,0,0
2025-07-16 14:45,1248.737,875.461,332.67,978.39,14,0,0
2025-07-16 15:00,1248.737,875.53,332.67,978.579,276,0,0
2025-07-16 15:15,1248.737,875.567,332.67,978.67,145,0,0
2025-07-16 15:30,1248.737,875.606,332.67,978.73,158,0,0
2025-07-16 15:45,1248.737,875.622,332.67,978.762,65,0,0
2025-07-16 16:00,1248.737,875.667,332.67,978.833,178,0,0
2025-07-16 16:15,1248.737,875.689,332.67,978.846,90,0,0
2025-07-16 16:30,1248.737,875.713,332.67,978.846,97,0,0
2025-07-16 16:45,1248.737,875.756,332.67,978.855,169,0,0
2025-07-16 17:00,1248.737,875.756,332.67,978.855,0,0,0
2025-07-16 17:15,1248.737,875.818,332.67,978.855,248,0,0
2025-07-16 17:30,1248.737,875.851,332.67,978.855,135,0,0
2025-07-16 17:45,1248.737,875.907,332.67,978.855,222,0,0
2025-07-16 18:00,1248.737,875.915,332.67,978.855,34,0,0
2025-07-16 18:15,1248.737,875.927,332.67,978.855,46,0,0
2025-07-16 18:30,1248.737,875.934,332.67,978.855,27,0,0
2025-07-16 18:45,1248.737,875.969,332.67,978.855,140,0,0
2025-07-16 19:00,1248.737,876.0,332.67,978.855,125,0,0
2025-07-16 19:15,1248.737,876.111,332.67,978.855,443,0,0
2025-07-16 19:30,1248.737,876.21,332.67,978.855,399,0,0
2025-07-16 19:45,1248.737,876.305,332.67,978.855,379,0,0
2025-07-16 20:00,1248.737,876.424,332.67,978.855,476,0,0
2025-07-16 20:15,1248.737,876.535,332.67,978.855,443,0,0
2025-07-16 20:30,1248.737,876.641,332.67,978.855,425,0,0
2025-07-16 20:45,1248.737,876.792,332.67,978.855,604,0,0
2025-07-16 21:00,1248.855,876.792,332.67,978.855,473,0,0
2025-07-16 21:15,1249.0,876.792,332.67,978.855,582,0,0
2025-07-16 21:30,1249.11,876.792,332.67,978.855,437,0,0
2025-07-16 21:45,1249.235,876.792,332.67,978.855,500,0,0
2025-07-16 22:00,1249.354,876.792,332.67,978.855,476,0,0
2025-07-16 22:15,1249.44,876.792,332.67,978.855,344,0,0
2025-07-16 22:30,1249.588,876.792,332.67,978.855,594,0,0
2025-07-16 22:45,1249.705,876.792,332.67,978.855,469,0,0
2025-07-16 23:00,1249.84,876.792,332.67,978.855,540,0,0
2025-07-16 23:15,1249.945,876.792,332.67,978.855,420,0,0
2025-07-16 23:30,1250.062,876.792,332.67,978.855,467,0,0
2025-07-16 23:45,1250.165,876.792,332.67,978.855,411,0,0
2025-07-17 00:00,1250.309,876.792,332.67,978.855,579,0,0
2025-07-17 00:15,1250.436,876.792,332.67,978.855,505,0,0
2025-07-17 00:30,1250.563,876.792,332.67,978.855,509,0,0
2025-07-17 00:45,1250.71,876.792,332.67,978.855,589,0,0
2025-07-17 01:00,1250.853,876.792,332.67,978.855,573,0,0
2025-07-17 01:15,1250.989,876.792,332.67,978.855,541,0,0
2025-07-17 01:30,1251.08,876.792,332.67,978.855,366,0,0
2025-07-17 01:45,1251.186,876.792,332.67,978.855,424,0,0
2025-07-17 02:00,1251.286,876.792,332.67,978.855,400,0,0
2025-07-17 02:15,1251.421,876.792,332.67,978.855,538,0,0
2025-07-17 02:30,1251.544,876.792,332.67,978.855,494,0,0
2025-07-17 02:45,1251.636,876.792,332.67,978.855,369,0,0
2025-07-17 03:00,1251.753,876.792,332.67,978.855,465,0,0
2025-07-17 03:15,1251.843,876.792,332.67,978.855,360,0,0
2025-07-17 03:30,1251.962,876.792,332.67,978.855,476,0,0
2025-07-17 03:45,1252.048,876.792,332.67,978.855,348,0,0
2025-07-17 04:00,1252.179,876.792,332.67,978.855,522,0,0
2025-07-17 04:15,1252.307,876.792,332.67,978.855,510,0,0
2025-07-17 04:30,1252.465,876.792,332.67,978.855,633,0,0
2025-07-17 04:45,1252.602,876.792,332.67,978.855,548,0,0
2025-07-17 05:00,1252.713,876.792,332.67,978.855,446,0,0
2025-07-17 05:15,1252.85,876.792,332.67,978.855,545,0,0
2025-07-17 05:30,1252.942,876.792,332.67,978.855,368,0,0
2025-07-17 05:45,1253.042,876.792,332.67,978.855,403,0,0
2025-07-17 06:00,1253.169,876.792,332.67,978.855,507,0,0
2025-07-17 06:15,1253.246,876.792,332.67,978.855,307,0,0
2025-07-17 06:30,1253.365,876.792,332.67,978.855,477,0,0
2025-07-17 06:45,1253.465,876.792,332.67,978.855,398,0,0
2025-07-17 07:00,1253.465,876.824,332.67,978.855,128,0,0
2025-07-17 07:15,1253.465,876.832,332.67,978.855,34,0,0
2025-07-17 07:30,1253.465,876.871,332.67,978.855,154,0,0
2025-07-17 07:45,1253.465,876.901,332.67,978.855,122,0,0
2025-07-17 08:00,1253.465,876.959,332.67,978.855,232,0,0
2025-07-17 08:15,1253.465,876.989,332.67,978.855,121,0,0
2025-07-17 08:30,1253.465,877.004,332.67,978.855,59,0,0
2025-07-17 08:45,1253.465,877.029,332.67,978.855,100,0,0
2025-07-17 09:00,1253.465,877.032,332.67,978.855,12,0,0
2025-07-17 09:15,1253.465,877.07,332.67,978.855,152,0,0
2025-07-17 09:30,1253.465,877.112,332.67,978.855,167,0,0
2025-07-17 09:45,1253.465,877.192,332.67,978.855,318,0,0
2025-07-17 10:00,1253.465,877.209,332.67,978.855,70,0,0
2025-07-17 10:15,1253.465,877.234,332.67,978.855,99,0,0
2025-07-17 10:30,1253.465,877.252,332.67,978.874,74,0,0
2025-07-17 10:45,1253.465,877.287,332.67,978.875,137,0,0
2025-07-17 11:00,1253.465,877.324,332.67,978.911,151,0,0
2025-07-17 11:15,1253.465,877.353,332.67,978.931,116,0,0
2025-07-17 11:30,1253.465,877.405,332.67,978.951,207,0,0
2025-07-17 11:45,1253.465,877.422,332.67,979.061,71,0,0
2025-07-17 12:00,1253.465,877.472,332.67,979.106,199,0,0
2025-07-17 12:15,1253.465,877.513,332.67,979.285,163,0,0
2025-07-17 12:30,1253.465,877.543,332.67,979.38,119,0,0
2025-07-17 12:45,1253.465,877.566,332.67,979.608,95,0,0
2025-07-17 13:00,1253.465,877.645,332.67,979.745,314,0,0
2025-07-17 13:15,1253.465,877.659,332.67,979.889,55,0,0
2025-07-17 13:30,1253.465,877.695,332.67,980.127,144,0,0
2025-07-17 13:45,1253.465,877.71,332.67,980.305,60,0,0
2025-07-17 14:00,1253.465,877.775,332.67,980.403,263,0,0
2025-07-17 14:15,1253.465,877.823,332.67,980.638,191,0,0
2025-07-17 14:30,1253.465,877.839,332.67,980.748,66,0,0
2025-07-17 14:45,1253.465,877.88,332.67,980.798,161,0,0
2025-07-17 15:00,1253.465,877.915,332.67,980.89,141,0,0
2025-07-17 15:15,1253.465,877.935,332.67,980.988,79,0,0
2025-07-17 15:30,1253.465,877.98,332.67,981.068,181,0,0
2025-07-17 15:45,1253.465,878.017,332.67,981.152,151,0,0
2025-07-17 16:00,1253.465,878.052,332.67,981.185,137,0,0
2025-07-17 16:15,1253.465,878.081,332.67,981.185,117,0,0
2025-07-17 16:30,1253.465,878.12,332.67,981.185,154,0,0
2025-07-17 16:45,1253.465,878.154,332.67,981.185,138,0,0
2025-07-17 17:00,1253.465,878.185,332.67,981.185,125,0,0
2025-07-17 17:15,1253.465,878.203,332.67,981.185,69,0,0
2025-07-17 17:30,1253.465,878.266,332.67,981.185,256,0,0
2025-07-17 17:45,1253.465,878.275,332.67,981.185,36,0,0
2025-07-17 18:00,1253.465,878.314,332.67,981.185,154,0,0
2025-07-17 18:15,1253.465,878.338,332.67,981.185,94,0,0
2025-07-17 18:30,1253.465,878.403,332.67,981.185,261,0,0
2025-07-17 18:45,1253.465,878.415,332.67,981.185,48,0,0
2025-07-17 19:00,1253.465,878.43,332.67,981.185,61,0,0
2025-07-17 19:15,1253.465,878.531,332.67,981.185,402,0,0
2025-07-17 19:30,1253.465,878.657,332.67,981.185,506,0,0
2025-07-17 19:45,1253.465,878.75,332.67,981.185,370,0,0
2025-07-17 20:00,1253.465,878.86,332.67,981.185,442,0,0
2025-07-17 20:15,1253.465,878.937,332.67,981.185,308,0,0
2025-07-17 20:30,1253.465,879.062,332.67,981.185,499,0,0
2025-07-17 20:45,1253.465,879.172,332.67,981.185,440,0,0
2025-07-17 21:00,1253.555,879.172,332.67,981.185,361,0,0
2025-07-17 21:15,1253.697,879.172,332.67,981.185,567,0,0
2025-07-17 21:30,1253.791,879.172,332.67,981.185,375,0,0
2025-07-17 21:45,1253.927,879.172,332.67,981.185,544,0,0
2025-07-17 22:00,1254.032,879.172,332.67,981.185,424,0,0
2025-07-17 22:15,1254.185,879.172,332.67,981.185,608,0,0
2025-07-17 22:30,1254.32,879.172,332.67,981.185,540,0,0
2025-07-17 22:45,1254.419,879.172,332.67,981.185,399,0,0
2025-07-17 23:00,1254.521,879.172,332.67,981.185,407,0,0
2025-07-17 23:15,1254.653,879.172,332.67,981.185,528,0,0
2025-07-17 23:30,1254.768,879.172,332.67,981.185,459,0,0
2025-07-17 23:45,1254.884,879.172,332.67,981.185,466,0,0
2025-07-18 00:00,1255.03,879.172,332.67,981.185,582,0,0
2025-07-18 00:15,1255.135,879.172,332.67,981.185,420,0,0
2025-07-18 00:30,1255.257,879.172,332.67,981.185,487,0,0
2025-07-18 00:45,1255.396,879.172,332.67,981.185,556,0,0
2025-07-18 01:00,1255.532,879.172,332.67,981.185,545,0,0
2025-07-18 01:15,1255.649,879.172,332.67,981.185,467,0,0
2025-07-18 01:30,1255.763,879.172,332.67,981.185,457,0,0
2025-07-18 01:45,1255.848,879.172,332.67,981.185,341,0,0
2025-07-18 02:00,1255.947,879.172,332.67,981.185,396,0,0
2025-07-18 02:15,1256.074,879.172,332.67,981.185,505,0,0
2025-07-18 02:30,1256.191,879.172,332.67,981.185,469,0,0
2025-07-18 02:45,1256.312,879.172,332.67,981.185,486,0,0
2025-07-18 03:00,1256.453,879.172,332.67,981.185,563,0,0
2025-07-18 03:15,1256.549,879.172,332.67,981.185,385,0,0
2025-07-18 03:30,1256.665,879.172,332.67,981.185,461,0,0
2025-07-18 03:45,1256.788,879.172,332.67,981.185,495,0,0
2025-07-18 04:00,1256.894,879.172,332.67,981.185,424,0,0
2025-07-18 04:15,1257.043,879.172,332.67,981.185,595,0,0
2025-07-18 04:30,1257.181,879.172,332.67,981.185,553,0,0
2025-07-18 04:45,1257.307,879.172,332.67,981.185,503,0,0
2025-07-18 05:00,1257.463,879.172,332.67,981.185,624,0,0
2025-07-18 05:15,1257.553,879.172,332.67,981.185,360,0,0
2025-07-18 05:30,1257.673,879.172,332.67,981.185,479,0,0
2025-07-18 05:45,1257.8,879.172,332.67,981.185,509,0,0
2025-07-18 06:00,1257.902,879.172,332.67,981.185,407,0,0
2025-07-18 06:15,1258.028,879.172,332.67,981.185,504,0,0
2025-07-18 06:30,1258.126,879.172,332.67,981.185,391,0,0
2025-07-18 06:45,1258.259,879.172,332.67,981.185,535,0,0
2025-07-18 07:00,1258.259,879.223,332.67,981.185,205,0,0
2025-07-18 07:15,1258.259,879.258,332.67,981.185,142,0,0
2025-07-18 07:30,1258.259,879.258,332.67,981.185,0,0,0
2025-07-18 07:45,1258.259,879.269,332.67,981.185,43,0,0
2025-07-18 08:00,1258.259,879.31,332.67,981.185,165,0,0
2025-07-18 08:15,1258.259,879.341,332.67,981.185,122,0,0
2025-07-18 08:30,1258.259,879.341,332.67,981.185,0,0,0
2025-07-18 08:45,1258.259,879.396,332.67,981.185,219,0,0
2025-07-18 09:00,1258.259,879.428,332.67,981.185,131,0,0
2025-07-18 09:15,1258.259,879.442,332.67,981.185,54,0,0
2025-07-18 09:30,1258.259,879.492,332.67,981.185,200,0,0
2025-07-18 09:45,1258.259,879.508,332.67,981.185,66,0,0
2025-07-18 10:00,1258.259,879.525,332.67,981.185,65,0,0
2025-07-18 10:15,1258.259,879.562,332.67,981.185,149,0,0
2025-07-18 10:30,1258.259,879.627,332.67,981.185,262,0,0
2025-07-18 10:45,1258.259,879.69,332.67,981.222,250,0,0
2025-07-18 11:00,1258.259,879.727,332.67,981.239,149,0,0
2025-07-18 11:15,1258.259,879.766,332.67,981.3,157,0,0
2025-07-18 11:30,1258.259,879.812,332.67,981.382,183,0,0
2025-07-18 11:45,1258.259,879.817,332.67,981.402,19,0,0
2025-07-18 12:00,1258.259,879.86,332.67,981.496,172,0,0
2025-07-18 12:15,1258.259,879.875,332.67,981.569,61,0,0
2025-07-18 12:30,1258.259,879.911,332.67,981.649,145,0,0
2025-07-18 12:45,1258.259,879.937,332.67,981.841,102,0,0
2025-07-18 13:00,1258.259,879.977,332.67,981.894,160,0,0
2025-07-18 13:15,1258.259,880.009,332.67,982.183,129,0,0
2025-07-18 13:30,1258.259,880.009,332.67,982.335,0,0,0
2025-07-18 13:45,1258.259,880.043,332.67,982.461,134,0,0
2025-07-18 14:00,1258.259,880.086,332.67,982.728,171,0,0
2025-07-18 14:15,1258.259,880.125,332.67,982.882,156,0,0
2025-07-18 14:30,1258.259,880.153,332.67,983.049,112,0,0
2025-07-18 14:45,1258.259,880.215,332.67,983.211,251,0,0
2025-07-18 15:00,1258.259,880.252,332.67,983.38,145,0,0
2025-07-18 15:15,1258.259,880.29,332.67,983.412,155,0,0
2025-07-18 15:30,1258.259,880.341,332.67,983.426,204,0,0
2025-07-18 15:45,1258.259,880.379,332.67,983.526,149,0,0
2025-07-18 16:00,1258.259,880.391,332.67,983.526,48,0,0
2025-07-18 16:15,1258.259,880.391,332.67,983.555,0,0,0
2025-07-18 16:30,1258.259,880.411,332.67,983.562,82,0,0
2025-07-18 16:45,1258.259,880.456,332.67,983.562,181,0,0
2025-07-18 17:00,1258.259,880.479,332.67,983.562,92,0,0
2025-07-18 17:15,1258.259,880.525,332.67,983.562,184,0,0
2025-07-18 17:30,1258.259,880.558,332.67,983.562,132,0,0
2025-07-18 17:45,1258.259,880.614,332.67,983.562,223,0,0
2025-07-18 18:00,1258.259,880.638,332.67,983.562,96,0,0
2025-07-18 18:15,1258.259,880.677,332.67,983.562,157,0,0
2025-07-18 18:30,1258.259,880.718,332.67,983.562,160,0,0
2025-07-18 18:45,1258.259,880.778,332.67,983.562,240,0,0
2025-07-18 19:00,1258.259,880.778,332.67,983.562,0,0,0
2025-07-18 19:15,1258.259,880.888,332.67,983.562,443,0,0
2025-07-18 19:30,1258.259,881.025,332.67,983.562,548,0,0
2025-07-18 19:45,1258.259,881.176,332.67,983.562,604,0,0
2025-07-18 20:00,1258.259,881.301,332.67,983.562,499,0,0
2025-07-18 20:15,1258.259,881.415,332.67,983.562,457,0,0
2025-07-18 20:30,1258.259,881.55,332.67,983.562,541,0,0
2025-07-18 20:45,1258.259,881.688,332.67,983.562,549,0,0
2025-07-18 21:00,1258.372,881.688,332.67,983.562,451,0,0
2025-07-18 21:15,1258.499,881.688,332.67,983.562,506,0,0
2025-07-18 21:30,1258.642,881.688,332.67,983.562,574,0,0
2025-07-18 21:45,1258.8,881.688,332.67,983.562,631,0,0
2025-07-18 22:00,1258.935,881.688,332.67,983.562,539,0,0
2025-07-18 22:15,1259.056,881.688,332.67,983.562,484,0,0
2025-07-18 22:30,1259.175,881.688,332.67,983.562,476,0,0
2025-07-18 22:45,1259.306,881.688,332.67,983.562,525,0,0
2025-07-18 23:00,1259.424,881.688,332.67,983.562,471,0,0
2025-07-18 23:15,1259.548,881.688,332.67,983.562,495,0,0
2025-07-18 23:30,1259.646,881.688,332.67,983.562,395,0,0
2025-07-18 23:45,1259.792,881.688,332.67,983.562,584,0,0
2025-07-19 00:00,1259.889,881.688,332.67,983.562,389,0,0
2025-07-19 00:15,1260.001,881.688,332.67,983.562,445,0,0
2025-07-19 00:30,1260.123,881.688,332.67,983.562,488,0,0
2025-07-19 00:45,1260.283,881.688,332.67,983.562,639,0,0
2025-07-19 01:00,1260.394,881.688,332.67,983.562,446,0,0
2025-07-19 01:15,1260.501,881.688,332.67,983.562,427,0,0
2025-07-19 01:30,1260.61,881.688,332.67,983.562,436,0,0
2025-07-19 01:45,1260.763,881.688,332.67,983.562,613,0,0
2025-07-19 02:00,1260.827,881.688,332.67,983.562,255,0,0
2025-07-19 02:15,1260.927,881.688,332.67,983.562,400,0,0
2025-07-19 02:30,1261.101,881.688,332.67,983.562,699,0,0
2025-07-19 02:45,1261.233,881.688,332.67,983.562,527,0,0
2025-07-19 03:00,1261.331,881.688,332.67,983.562,392,0,0
2025-07-19 03:15,1261.45,881.688,332.67,983.562,477,0,0
2025-07-19 03:30,1261.572,881.688,332.67,983.562,485,0,0
2025-07-19 03:45,1261.708,881.688,332.67,983.562,548,0,0
2025-07-19 04:00,1261.865,881.688,332.67,983.562,627,0,0
2025-07-19 04:15,1261.993,881.688,332.67,983.562,511,0,0
2025-07-19 04:30,1262.102,881.688,332.67,983.562,437,0,0
2025-07-19 04:45,1262.238,881.688,332.67,983.562,543,0,0
2025-07-19 05:00,1262.344,881.688,332.67,983.562,424,0,0
2025-07-19 05:15,1262.443,881.688,332.67,983.562,397,0,0
2025-07-19 05:30,1262.528,881.688,332.67,983.562,339,0,0
2025-07-19 05:45,1262.617,881.688,332.67,983.562,355,0,0
2025-07-19 06:00,1262.719,881.688,332.67,983.562,408,0,0
2025-07-19 06:15,1262.815,881.688,332.67,983.562,386,0,0
2025-07-19 06:30,1262.942,881.688,332.67,983.562,505,0,0
2025-07-19 06:45,1263.038,881.688,332.67,983.562,384,0,0
2025-07-19 07:00,1263.038,881.688,332.67,983.562,0,0,0
2025-07-19 07:15,1263.047,881.688,332.67,983.562,36,0,0
2025-07-19 07:30,1263.067,881.688,332.67,983.562,82,0,0
2025-07-19 07:45,1263.085,881.688,332.67,983.562,72,0,0
2025-07-19 08:00,1263.146,881.688,332.67,983.562,242,0,0
2025-07-19 08:15,1263.163,881.688,332.67,983.562,71,0,0
2025-07-19 08:30,1263.211,881.688,332.67,983.562,190,0,0
2025-07-19 08:45,1263.241,881.688,332.67,983.562,118,0,0
2025-07-19 09:00,1263.27,881.688,332.67,983.562,117,0,0
2025-07-19 09:15,1263.283,881.688,332.67,983.562,53,0,0
2025-07-19 09:30,1263.312,881.688,332.67,983.562,115,0,0
2025-07-19 09:45,1263.327,881.688,332.67,983.562,59,0,0
2025-07-19 10:00,1263.36,881.688,332.67,983.562,134,0,0
2025-07-19 10:15,1263.385,881.688,332.67,983.562,101,0,0
2025-07-19 10:30,1263.396,881.688,332.67,983.562,44,0,0
2025-07-19 10:45,1263.446,881.688,332.67,983.562,199,0,0
2025-07-19 11:00,1263.485,881.688,332.673,983.562,154,0,0
2025-07-19 11:15,1263.506,881.688,332.703,983.562,84,0,0
2025-07-19 11:30,1263.539,881.688,332.728,983.562,132,0,0
2025-07-19 11:45,1263.567,881.688,332.792,983.562,113,0,0
2025-07-19 12:00,1263.58,881.688,332.855,983.562,51,0,0
2025-07-19 12:15,1263.611,881.688,332.897,983.562,126,0,0
2025-07-19 12:30,1263.629,881.688,333.117,983.562,70,0,0
2025-07-19 12:45,1263.64,881.688,333.23,983.562,44,0,0
2025-07-19 13:00,1263.64,881.688,333.304,983.562,0,0,0
2025-07-19 13:15,1263.663,881.688,333.484,983.562,91,0,0
2025-07-19 13:30,1263.704,881.688,333.569,983.562,165,0,0
2025-07-19 13:45,1263.72,881.688,333.81,983.562,64,0,0
2025-07-19 14:00,1263.8,881.688,333.876,983.562,322,0,0
2025-07-19 14:15,1263.848,881.688,334.025,983.562,191,0,0
2025-07-19 14:30,1263.904,881.688,334.259,983.562,224,0,0
2025-07-19 14:45,1263.95,881.688,334.32,983.562,184,0,0
2025-07-19 15:00,1264.017,881.688,334.376,983.562,268,0,0
2025-07-19 15:15,1264.031,881.688,334.478,983.562,57,0,0
2025-07-19 15:30,1264.031,881.688,334.605,983.562,0,0,0
2025-07-19 15:45,1264.052,881.688,334.641,983.562,84,0,0
2025-07-19 16:00,1264.094,881.688,334.684,983.562,165,0,0
2025-07-19 16:15,1264.127,881.688,334.684,983.562,132,0,0
2025-07-19 16:30,1264.162,881.688,334.692,983.562,142,0,0
2025-07-19 16:45,1264.219,881.688,334.692,983.562,226,0,0
2025-07-19 17:00,1264.256,881.688,334.692,983.562,151,0,0
2025-07-19 17:15,1264.302,881.688,334.692,983.562,184,0,0
2025-07-19 17:30,1264.313,881.688,334.692,983.562,45,0,0
2025-07-19 17:45,1264.322,881.688,334.692,983.562,32,0,0
2025-07-19 18:00,1264.384,881.688,334.692,983.562,249,0,0
2025-07-19 18:15,1264.416,881.688,334.692,983.562,128,0,0
2025-07-19 18:30,1264.433,881.688,334.692,983.562,70,0,0
2025-07-19 18:45,1264.451,881.688,334.692,983.562,70,0,0
2025-07-19 19:00,1264.468,881.688,334.692,983.562,68,0,0
2025-07-19 19:15,1264.574,881.688,334.692,983.562,423,0,0
2025-07-19 19:30,1264.668,881.688,334.692,983.562,377,0,0
2025-07-19 19:45,1264.758,881.688,334.692,983.562,360,0,0
2025-07-19 20:00,1264.874,881.688,334.692,983.562,464,0,0
2025-07-19 20:15,1264.982,881.688,334.692,983.562,433,0,0
2025-07-19 20:30,1265.124,881.688,334.692,983.562,569,0,0
2025-07-19 20:45,1265.25,881.688,334.692,983.562,503,0,0
2025-07-19 21:00,1265.376,881.688,334.692,983.562,501,0,0
2025-07-19 21:15,1265.481,881.688,334.692,983.562,421,0,0
2025-07-19 21:30,1265.598,881.688,334.692,983.562,470,0,0
2025-07-19 21:45,1265.726,881.688,334.692,983.562,509,0,0
2025-07-19 22:00,1265.86,881.688,334.692,983.562,537,0,0
2025-07-19 22:15,1265.978,881.688,334.692,983.562,472,0,0
2025-07-19 22:30,1266.12,881.688,334.692,983.562,566,0,0
2025-07-19 22:45,1266.24,881.688,334.692,983.562,481,0,0
2025-07-19 23:00,1266.376,881.688,334.692,983.562,543,0,0
2025-07-19 23:15,1266.486,881.688,334.692,983.562,441,0,0
2025-07-19 23:30,1266.57,881.688,334.692,983.562,335,0,0
2025-07-19 23:45,1266.695,881.688,334.692,983.562,501,0,0
2025-07-20 00:00,1266.829,881.688,334.692,983.562,538,0,0
2025-07-20 00:15,1266.961,881.688,334.692,983.562,526,0,0
2025-07-20 00:30,1267.089,881.688,334.692,983.562,514,0,0
2025-07-20 00:45,1267.202,881.688,334.692,983.562,452,0,0
2025-07-20 01:00,1267.306,881.688,334.692,983.562,415,0,0
2025-07-20 01:15,1267.437,881.688,334.692,983.562,524,0,0
2025-07-20 01:30,1267.566,881.688,334.692,983.562,514,0,0
2025-07-20 01:45,1267.675,881.688,334.692,983.562,435,0,0
2025-07-20 02:00,1267.817,881.688,334.692,983.562,569,0,0
2025-07-20 02:15,1267.919,881.688,334.692,983.562,409,0,0
2025-07-20 02:30,1268.028,881.688,334.692,983.562,433,0,0
2025-07-20 02:45,1268.18,881.688,334.692,983.562,611,0,0
2025-07-20 03:00,1268.318,881.688,334.692,983.562,549,0,0
2025-07-20 03:15,1268.43,881.688,334.692,983.562,451,0,0
2025-07-20 03:30,1268.556,881.688,334.692,983.562,503,0,0
2025-07-20 03:45,1268.679,881.688,334.692,983.562,492,0,0
2025-07-20 04:00,1268.744,881.688,334.692,983.562,260,0,0
2025-07-20 04:15,1268.846,881.688,334.692,983.562,407,0,0
2025-07-20 04:30,1268.965,881.688,334.692,983.562,476,0,0
2025-07-20 04:45,1269.078,881.688,334.692,983.562,451,0,0
2025-07-20 05:00,1269.203,881.688,334.692,983.562,500,0,0
2025-07-20 05:15,1269.346,881.688,334.692,983.562,570,0,0
2025-07-20 05:30,1269.459,881.688,334.692,983.562,454,0,0
2025-07-20 05:45,1269.558,881.688,334.692,983.562,395,0,0
2025-07-20 06:00,1269.685,881.688,334.692,983.562,506,0,0
2025-07-20 06:15,1269.798,881.688,334.692,983.562,454,0,0
2025-07-20 06:30,1269.915,881.688,334.692,983.562,468,0,0
2025-07-20 06:45,1270.029,881.688,334.692,983.562,457,0,0
2025-07-20 07:00,1270.104,881.688,334.692,983.562,299,0,0
2025-07-20 07:15,1270.104,881.688,334.692,983.562,0,0,0
2025-07-20 07:30,1270.126,881.688,334.692,983.562,89,0,0
2025-07-20 07:45,1270.156,881.688,334.692,983.562,120,0,0
2025-07-20 08:00,1270.17,881.688,334.692,983.562,58,0,0
2025-07-20 08:15,1270.218,881.688,334.692,983.562,192,0,0
2025-07-20 08:30,1270.265,881.688,334.692,983.562,185,0,0
2025-07-20 08:45,1270.294,881.688,334.692,983.562,116,0,0
2025-07-20 09:00,1270.318,881.688,334.692,983.562,98,0,0
2025-07-20 09:15,1270.346,881.688,334.692,983.562,111,0,0
2025-07-20 09:30,1270.374,881.688,334.692,983.562,112,0,0
2025-07-20 09:45,1270.402,881.688,334.692,983.562,114,0,0
2025-07-20 10:00,1270.429,881.688,334.692,983.562,105,0,0
2025-07-20 10:15,1270.464,881.688,334.692,983.562,140,0,0
2025-07-20 10:30,1270.509,881.688,334.692,983.562,180,0,0
2025-07-20 10:45,1270.514,881.688,334.716,983.562,22,0,0
2025-07-20 11:00,1270.523,881.688,334.741,983.562,36,0,0
2025-07-20 11:15,1270.523,881.688,334.827,983.562,0,0,0
2025-07-20 11:30,1270.57,881.688,334.864,983.562,189,0,0
2025-07-20 11:45,1270.605,881.688,334.971,983.562,140,0,0
2025-07-20 12:00,1270.646,881.688,335.035,983.562,160,0,0
2025-07-20 12:15,1270.647,881.688,335.186,983.562,6,0,0
2025-07-20 12:30,1270.713,881.688,335.235,983.562,263,0,0
2025-07-20 12:45,1270.731,881.688,335.368,983.562,71,0,0
2025-07-20 13:00,1270.764,881.688,335.459,983.562,133,0,0
2025-07-20 13:15,1270.811,881.688,335.66,983.562,188,0,0
2025-07-20 13:30,1270.821,881.688,335.792,983.562,41,0,0
2025-07-20 13:45,1270.84,881.688,336.033,983.562,76,0,0
2025-07-20 14:00,1270.874,881.688,336.111,983.562,134,0,0
2025-07-20 14:15,1270.961,881.688,336.281,983.562,349,0,0
2025-07-20 14:30,1270.997,881.688,336.443,983.562,144,0,0
2025-07-20 14:45,1271.059,881.688,336.478,983.562,249,0,0
2025-07-20 15:00,1271.113,881.688,336.506,983.562,216,0,0
2025-07-20 15:15,1271.151,881.688,336.564,983.562,149,0,0
2025-07-20 15:30,1271.161,881.688,336.645,983.562,41,0,0
2025-07-20 15:45,1271.212,881.688,336.741,983.562,205,0,0
2025-07-20 16:00,1271.212,881.688,336.741,983.562,0,0,0
2025-07-20 16:15,1271.274,881.688,336.77,983.562,248,0,0
2025-07-20 16:30,1271.308,881.688,336.781,983.562,136,0,0
2025-07-20 16:45,1271.308,881.688,336.781,983.562,0,0,0
2025-07-20 17:00,1271.331,881.688,336.781,983.562,93,0,0
2025-07-20 17:15,1271.374,881.688,336.781,983.562,172,0,0
2025-07-20 17:30,1271.4,881.688,336.781,983.562,101,0,0
2025-07-20 17:45,1271.444,881.688,336.781,983.562,177,0,0
2025-07-20 18:00,1271.457,881.688,336.781,983.562,52,0,0
2025-07-20 18:15,1271.461,881.688,336.781,983.562,16,0,0
2025-07-20 18:30,1271.489,881.688,336.781,983.562,114,0,0
2025-07-20 18:45,1271.52,881.688,336.781,983.562,123,0,0
2025-07-20 19:00,1271.543,881.688,336.781,983.562,92,0,0
2025-07-20 19:15,1271.688,881.688,336.781,983.562,578,0,0
2025-07-20 19:30,1271.791,881.688,336.781,983.562,412,0,0
2025-07-20 19:45,1271.917,881.688,336.781,983.562,505,0,0
2025-07-20 20:00,1272.038,881.688,336.781,983.562,485,0,0
2025-07-20 20:15,1272.127,881.688,336.781,983.562,355,0,0
2025-07-20 20:30,1272.221,881.688,336.781,983.562,374,0,0
2025-07-20 20:45,1272.341,881.688,336.781,983.562,481,0,0
2025-07-20 21:00,1272.501,881.688,336.781,983.562,638,0,0
2025-07-20 21:15,1272.632,881.688,336.781,983.562,526,0,0
2025-07-20 21:30,1272.718,881.688,336.781,983.562,342,0,0
2025-07-20 21:45,1272.775,881.688,336.781,983.562,231,0,0
2025-07-20 22:00,1272.91,881.688,336.781,983.562,539,0,0
2025-07-20 22:15,1273.028,881.688,336.781,983.562,472,0,0
2025-07-20 22:30,1273.171,881.688,336.781,983.562,571,0,0
2025-07-20 22:45,1273.273,881.688,336.781,983.562,410,0,0
2025-07-20 23:00,1273.4,881.688,336.781,983.562,508,0,0
2025-07-20 23:15,1273.537,881.688,336.781,983.562,548,0,0
2025-07-20 23:30,1273.648,881.688,336.781,983.562,444,0,0
2025-07-20 23:45,1273.76,881.688,336.781,983.562,446,0,0
2025-07-21 00:00,1273.88,881.688,336.781,983.562,482,0,0
2025-07-21 00:15,1274.011,881.688,336.781,983.562,523,0,0
2025-07-21 00:30,1274.131,881.688,336.781,983.562,479,0,0
2025-07-21 00:45,1274.27,881.688,336.781,983.562,558,0,0
2025-07-21 01:00,1274.381,881.688,336.781,983.562,443,0,0
2025-07-21 01:15,1274.475,881.688,336.781,983.562,374,0,0
2025-07-21 01:30,1274.634,881.688,336.781,983.562,638,0,0
2025-07-21 01:45,1274.742,881.688,336.781,983.562,432,0,0
2025-07-21 02:00,1274.851,881.688,336.781,983.562,435,0,0
2025-07-21 02:15,1274.969,881.688,336.781,983.562,475,0,0
2025-07-21 02:30,1275.091,881.688,336.781,983.562,485,0,0
2025-07-21 02:45,1275.203,881.688,336.781,983.562,449,0,0
2025-07-21 03:00,1275.323,881.688,336.781,983.562,479,0,0
2025-07-21 03:15,1275.442,881.688,336.781,983.562,477,0,0
2025-07-21 03:30,1275.565,881.688,336.781,983.562,494,0,0
2025-07-21 03:45,1275.638,881.688,336.781,983.562,291,0,0
2025-07-21 04:00,1275.796,881.688,336.781,983.562,630,0,0
2025-07-21 04:15,1275.913,881.688,336.781,983.562,468,0,0
2025-07-21 04:30,1276.044,881.688,336.781,983.562,526,0,0
2025-07-21 04:45,1276.137,881.688,336.781,983.562,370,0,0
2025-07-21 05:00,1276.247,881.688,336.781,983.562,442,0,0
2025-07-21 05:15,1276.354,881.688,336.781,983.562,426,0,0
2025-07-21 05:30,1276.503,881.688,336.781,983.562,598,0,0
2025-07-21 05:45,1276.612,881.688,336.781,983.562,433,0,0
2025-07-21 06:00,1276.747,881.688,336.781,983.562,541,0,0
2025-07-21 06:15,1276.854,881.688,336.781,983.562,428,0,0
2025-07-21 06:30,1276.965,881.688,336.781,983.562,444,0,0
2025-07-21 06:45,1277.08,881.688,336.781,983.562,460,0,0
2025-07-21 07:00,1277.08,881.743,336.781,983.562,223,0,0
2025-07-21 07:15,1277.08,881.743,336.781,983.562,0,0,0
2025-07-21 07:30,1277.08,881.747,336.781,983.562,15,0,0
2025-07-21 07:45,1277.08,881.747,336.781,983.562,0,0,0
2025-07-21 08:00,1277.08,881.755,336.781,983.562,33,0,0
2025-07-21 08:15,1277.08,881.769,336.781,983.562,55,0,0
2025-07-21 08:30,1277.08,881.769,336.781,983.562,0,0,0
2025-07-21 08:45,1277.08,881.784,336.781,983.562,61,0,0
2025-07-21 09:00,1277.08,881.784,336.781,983.562,0,0,0
2025-07-21 09:15,1277.08,881.794,336.781,983.562,39,0,0
2025-07-21 09:30,1277.08,881.848,336.781,983.562,216,0,0
2025-07-21 09:45,1277.08,881.886,336.781,983.562,152,0,0
2025-07-21 10:00,1277.08,881.92,336.781,983.562,135,0,0
2025-07-21 10:15,1277.08,881.93,336.781,983.562,40,0,0
2025-07-21 10:30,1277.08,881.93,336.781,983.563,0,0,0
2025-07-21 10:45,1277.08,881.937,336.781,983.582,29,0,0
2025-07-21 11:00,1277.08,881.966,336.781,983.655,117,0,0
2025-07-21 11:15,1277.08,882.014,336.781,983.745,189,0,0
2025-07-21 11:30,1277.08,882.062,336.781,983.836,192,0,0
2025-07-21 11:45,1277.08,882.104,336.781,983.872,170,0,0
2025-07-21 12:00,1277.08,882.12,336.781,984.049,61,0,0
2025-07-21 12:15,1277.08,882.15,336.781,984.248,122,0,0
2025-07-21 12:30,1277.08,882.174,336.781,984.471,94,0,0
2025-07-21 12:45,1277.08,882.2,336.781,984.623,104,0,0
2025-07-21 13:00,1277.08,882.27,336.781,984.714,283,0,0
2025-07-21 13:15,1277.08,882.27,336.781,984.951,0,0,0
2025-07-21 13:30,1277.08,882.296,336.781,985.101,101,0,0
2025-07-21 13:45,1277.08,882.35,336.781,985.239,217,0,0
2025-07-21 14:00,1277.08,882.351,336.781,985.381,3,0,0
2025-07-21 14:15,1277.08,882.368,336.781,985.552,69,0,0
2025-07-21 14:30,1277.08,882.387,336.781,985.66,78,0,0
2025-07-21 14:45,1277.08,882.413,336.781,985.821,102,0,0
2025-07-21 15:00,1277.08,882.413,336.781,985.952,0,0,0
2025-07-21 15:15,1277.08,882.454,336.781,986.04,168,0,0
2025-07-21 15:30,1277.08,882.498,336.781,986.051,173,0,0
2025-07-21 15:45,1277.08,882.538,336.781,986.144,161,0,0
2025-07-21 16:00,1277.08,882.551,336.781,986.167,50,0,0
2025-07-21 16:15,1277.08,882.582,336.781,986.178,127,0,0
2025-07-21 16:30,1277.08,882.594,336.781,986.178,48,0,0
2025-07-21 16:45,1277.08,882.618,336.781,986.178,93,0,0
2025-07-21 17:00,1277.08,882.691,336.781,986.178,292,0,0
2025-07-21 17:15,1277.08,882.723,336.781,986.178,128,0,0
2025-07-21 17:30,1277.08,882.729,336.781,986.178,25,0,0
2025-07-21 17:45,1277.08,882.763,336.781,986.178,134,0,0
2025-07-21 18:00,1277.08,882.765,336.781,986.178,12,0,0
2025-07-21 18:15,1277.08,882.771,336.781,986.178,24,0,0
2025-07-21 18:30,1277.08,882.781,336.781,986.178,37,0,0
2025-07-21 18:45,1277.08,882.802,336.781,986.178,84,0,0
2025-07-21 19:00,1277.08,882.851,336.781,986.178,195,0,0
2025-07-21 19:15,1277.08,882.982,336.781,986.178,526,0,0
2025-07-21 19:30,1277.08,883.113,336.781,986.178,522,0,0
2025-07-21 19:45,1277.08,883.211,336.781,986.178,392,0,0
2025-07-21 20:00,1277.08,883.32,336.781,986.178,437,0,0
2025-07-21 20:15,1277.08,883.445,336.781,986.178,502,0,0
2025-07-21 20:30,1277.08,883.553,336.781,986.178,430,0,0
2025-07-21 20:45,1277.08,883.667,336.781,986.178,458,0,0
2025-07-21 21:00,1277.209,883.667,336.781,986.178,515,0,0
2025-07-21 21:15,1277.322,883.667,336.781,986.178,452,0,0
2025-07-21 21:30,1277.446,883.667,336.781,986.178,498,0,0
2025-07-21 21:45,1277.598,883.667,336.781,986.178,607,0,0
2025-07-21 22:00,1277.715,883.667,336.781,986.178,466,0,0
2025-07-21 22:15,1277.858,883.667,336.781,986.178,574,0,0
2025-07-21 22:30,1277.989,883.667,336.781,986.178,525,0,0
2025-07-21 22:45,1278.08,883.667,336.781,986.178,363,0,0
2025-07-21 23:00,1278.178,883.667,336.781,986.178,392,0,0
2025-07-21 23:15,1278.281,883.667,336.781,986.178,413,0,0
2025-07-21 23:30,1278.384,883.667,336.781,986.178,412,0,0
2025-07-21 23:45,1278.503,883.667,336.781,986.178,473,0,0
2025-07-22 00:00,1278.635,883.667,336.781,986.178,529,0,0
2025-07-22 00:15,1278.78,883.667,336.781,986.178,580,0,0
2025-07-22 00:30,1278.906,883.667,336.781,986.178,505,0,0
2025-07-22 00:45,1279.017,883.667,336.781,986.178,444,0,0
2025-07-22 01:00,1279.096,883.667,336.781,986.178,313,0,0
2025-07-22 01:15,1279.217,883.667,336.781,986.178,486,0,0
2025-07-22 01:30,1279.337,883.667,336.781,986.178,482,0,0
2025-07-22 01:45,1279.461,883.667,336.781,986.178,495,0,0
2025-07-22 02:00,1279.623,883.667,336.781,986.178,648,0,0
2025-07-22 02:15,1279.768,883.667,336.781,986.178,579,0,0
2025-07-22 02:30,1279.904,883.667,336.781,986.178,543,0,0
2025-07-22 02:45,1280.004,883.667,336.781,986.178,403,0,0
2025-07-22 03:00,1280.114,883.667,336.781,986.178,439,0,0
2025-07-22 03:15,1280.232,883.667,336.781,986.178,472,0,0
2025-07-22 03:30,1280.337,883.667,336.781,986.178,418,0,0
2025-07-22 03:45,1280.467,883.667,336.781,986.178,520,0,0
2025-07-22 04:00,1280.594,883.667,336.781,986.178,509,0,0
2025-07-22 04:15,1280.692,883.667,336.781,986.178,393,0,0
2025-07-22 04:30,1280.836,883.667,336.781,986.178,576,0,0
2025-07-22 04:45,1280.958,883.667,336.781,986.178,488,0,0
2025-07-22 05:00,1281.044,883.667,336.781,986.178,342,0,0
2025-07-22 05:15,1281.163,883.667,336.781,986.178,476,0,0
2025-07-22 05:30,1281.288,883.667,336.781,986.178,502,0,0
2025-07-22 05:45,1281.428,883.667,336.781,986.178,558,0,0
2025-07-22 06:00,1281.541,883.667,336.781,986.178,453,0,0
2025-07-22 06:15,1281.677,883.667,336.781,986.178,546,0,0
2025-07-22 06:30,1281.801,883.667,336.781,986.178,495,0,0
2025-07-22 06:45,1281.895,883.667,336.781,986.178,375,0,0
2025-07-22 07:00,1281.895,883.669,336.781,986.178,7,0,0
2025-07-22 07:15,1281.895,883.721,336.781,986.178,210,0,0
2025-07-22 07:30,1281.895,883.775,336.781,986.178,216,0,0
2025-07-22 07:45,1281.895,883.812,336.781,986.178,146,0,0
2025-07-22 08:00,1281.895,883.871,336.781,986.178,240,0,0
2025-07-22 08:15,1281.895,883.923,336.781,986.178,205,0,0
2025-07-22 08:30,1281.895,883.966,336.781,986.178,175,0,0
2025-07-22 08:45,1281.895,883.978,336.781,986.178,47,0,0
2025-07-22 09:00,1281.895,884.043,336.781,986.178,259,0,0
2025-07-22 09:15,1281.895,884.083,336.781,986.178,163,0,0
2025-07-22 09:30,1281.895,884.106,336.781,986.178,89,0,0
2025-07-22 09:45,1281.895,884.122,336.781,986.178,67,0,0
2025-07-22 10:00,1281.895,884.157,336.781,986.178,141,0,0
2025-07-22 10:15,1281.895,884.157,336.781,986.184,0,0,0
2025-07-22 10:30,1281.895,884.201,336.781,986.191,176,0,0
2025-07-22 10:45,1281.895,884.212,336.781,986.191,44,0,0
2025-07-22 11:00,1281.895,884.25,336.781,986.248,150,0,0
2025-07-22 11:15,1281.895,884.269,336.781,986.317,78,0,0
2025-07-22 11:30,1281.895,884.294,336.781,986.443,99,0,0
2025-07-22 11:45,1281.895,884.309,336.781,986.512,59,0,0
2025-07-22 12:00,1281.895,884.336,336.781,986.544,107,0,0
2025-07-22 12:15,1281.895,884.404,336.781,986.763,271,0,0
2025-07-22 12:30,1281.895,884.461,336.781,986.976,231,0,0
2025-07-22 12:45,1281.895,884.498,336.781,987.071,148,0,0
2025-07-22 13:00,1281.895,884.528,336.781,987.292,118,0,0
2025-07-22 13:15,1281.895,884.575,336.781,987.347,188,0,0
2025-07-22 13:30,1281.895,884.627,336.781,987.538,210,0,0
2025-07-22 13:45,1281.895,884.641,336.781,987.68,54,0,0
2025-07-22 14:00,1281.895,884.669,336.781,987.82,114,0,0
2025-07-22 14:15,1281.895,884.669,336.781,987.921,0,0,0
2025-07-22 14:30,1281.895,884.722,336.781,988.016,210,0,0
2025-07-22 14:45,1281.895,884.793,336.781,988.133,285,0,0
2025-07-22 15:00,1281.895,884.825,336.781,988.197,126,0,0
2025-07-22 15:15,1281.895,884.825,336.781,988.279,0,0,0
2025-07-22 15:30,1281.895,884.867,336.781,988.355,169,0,0
2025-07-22 15:45,1281.895,884.879,336.781,988.425,48,0,0
2025-07-22 16:00,1281.895,884.895,336.781,988.471,67,0,0
2025-07-22 16:15,1281.895,884.938,336.781,988.471,170,0,0
2025-07-22 16:30,1281.895,884.973,336.781,988.471,140,0,0
2025-07-22 16:45,1281.895,884.993,336.781,988.474,81,0,0
2025-07-22 17:00,1281.895,885.01,336.781,988.474,68,0,0
2025-07-22 17:15,1281.895,885.043,336.781,988.474,130,0,0
2025-07-22 17:30,1281.895,885.065,336.781,988.474,87,0,0
2025-07-22 17:45,1281.895,885.072,336.781,988.474,31,0,0
2025-07-22 18:00,1281.895,885.096,336.781,988.474,93,0,0
2025-07-22 18:15,1281.895,885.132,336.781,988.474,147,0,0
2025-07-22 18:30,1281.895,885.159,336.781,988.474,106,0,0
2025-07-22 18:45,1281.895,885.161,336.781,988.474,7,0,0
2025-07-22 19:00,1281.895,885.21,336.781,988.474,199,0,0
2025-07-22 19:15,1281.895,885.276,336.781,988.474,261,0,0
2025-07-22 19:30,1281.895,885.387,336.781,988.474,444,0,0
2025-07-22 19:45,1281.895,885.494,336.781,988.474,430,0,0
2025-07-22 20:00,1281.895,885.617,336.781,988.474,492,0,0
2025-07-22 20:15,1281.895,885.749,336.781,988.474,525,0,0
2025-07-22 20:30,1281.895,885.891,336.781,988.474,570,0,0
2025-07-22 20:45,1281.895,885.997,336.781,988.474,423,0,0
2025-07-22 21:00,1282.027,885.997,336.781,988.474,527,0,0
2025-07-22 21:15,1282.151,885.997,336.781,988.474,496,0,0
2025-07-22 21:30,1282.236,885.997,336.781,988.474,343,0,0
2025-07-22 21:45,1282.394,885.997,336.781,988.474,632,0,0
2025-07-22 22:00,1282.486,885.997,336.781,988.474,365,0,0
2025-07-22 22:15,1282.614,885.997,336.781,988.474,514,0,0
2025-07-22 22:30,1282.742,885.997,336.781,988.474,511,0,0
2025-07-22 22:45,1282.867,885.997,336.781,988.474,502,0,0
2025-07-22 23:00,1282.977,885.997,336.781,988.474,440,0,0
2025-07-22 23:15,1283.114,885.997,336.781,988.474,546,0,0
2025-07-22 23:30,1283.203,885.997,336.781,988.474,355,0,0
2025-07-22 23:45,1283.321,885.997,336.781,988.474,475,0,0
2025-07-23 00:00,1283.43,885.997,336.781,988.474,435,0,0
2025-07-23 00:15,1283.537,885.997,336.781,988.474,426,0,0
2025-07-23 00:30,1283.665,885.997,336.781,988.474,514,0,0
2025-07-23 00:45,1283.807,885.997,336.781,988.474,566,0,0
2025-07-23 01:00,1283.92,885.997,336.781,988.474,453,0,0
2025-07-23 01:15,1284.055,885.997,336.781,988.474,542,0,0
2025-07-23 01:30,1284.176,885.997,336.781,988.474,484,0,0
2025-07-23 01:45,1284.279,885.997,336.781,988.474,409,0,0
2025-07-23 02:00,1284.393,885.997,336.781,988.474,459,0,0
2025-07-23 02:15,1284.507,885.997,336.781,988.474,456,0,0
2025-07-23 02:30,1284.614,885.997,336.781,988.474,424,0,0
2025-07-23 02:45,1284.742,885.997,336.781,988.474,514,0,0
2025-07-23 03:00,1284.867,885.997,336.781,988.474,499,0,0
2025-07-23 03:15,1284.955,885.997,336.781,988.474,353,0,0
2025-07-23 03:30,1285.042,885.997,336.781,988.474,348,0,0
2025-07-23 03:45,1285.17,885.997,336.781,988.474,514,0,0
2025-07-23 04:00,1285.274,885.997,336.781,988.474,415,0,0
2025-07-23 04:15,1285.4,885.997,336.781,988.474,504,0,0
2025-07-23 04:30,1285.536,885.997,336.781,988.474,542,0,0
2025-07-23 04:45,1285.63,885.997,336.781,988.474,378,0,0
2025-07-23 05:00,1285.722,885.997,336.781,988.474,367,0,0
2025-07-23 05:15,1285.876,885.997,336.781,988.474,614,0,0
2025-07-23 05:30,1286.003,885.997,336.781,988.474,508,0,0
2025-07-23 05:45,1286.114,885.997,336.781,988.474,446,0,0
2025-07-23 06:00,1286.216,885.997,336.781,988.474,405,0,0
2025-07-23 06:15,1286.325,885.997,336.781,988.474,439,0,0
2025-07-23 06:30,1286.422,885.997,336.781,988.474,385,0,0
2025-07-23 06:45,1286.559,885.997,336.781,988.474,551,0,0
2025-07-23 07:00,1286.559,886.011,336.781,988.474,58,0,0
2025-07-23 07:15,1286.559,886.063,336.781,988.474,207,0,0
2025-07-23 07:30,1286.559,886.085,336.781,988.474,88,0,0
2025-07-23 07:45,1286.559,886.094,336.781,988.474,37,0,0
2025-07-23 08:00,1286.559,886.116,336.781,988.474,86,0,0
2025-07-23 08:15,1286.559,886.116,336.781,988.474,0,0,0
2025-07-23 08:30,1286.559,886.143,336.781,988.474,110,0,0
2025-07-23 08:45,1286.559,886.17,336.781,988.474,106,0,0
2025-07-23 09:00,1286.559,886.216,336.781,988.474,186,0,0
2025-07-23 09:15,1286.559,886.216,336.781,988.474,0,0,0
2025-07-23 09:30,1286.559,886.27,336.781,988.474,213,0,0
2025-07-23 09:45,1286.559,886.316,336.781,988.474,186,0,0
2025-07-23 10:00,1286.559,886.371,336.781,988.474,220,0,0
2025-07-23 10:15,1286.559,886.4,336.781,988.474,116,0,0
2025-07-23 10:30,1286.559,886.45,336.781,988.474,201,0,0
2025-07-23 10:45,1286.559,886.451,336.781,988.479,2,0,0
2025-07-23 11:00,1286.559,886.495,336.781,988.503,177,0,0
2025-07-23 11:15,1286.559,886.51,336.781,988.559,58,0,0
2025-07-23 11:30,1286.559,886.51,336.781,988.626,0,0,0
2025-07-23 11:45,1286.559,886.517,336.781,988.655,30,0,0
2025-07-23 12:00,1286.559,886.547,336.781,988.734,120,0,0
2025-07-23 12:15,1286.559,886.561,336.781,988.836,54,0,0
2025-07-23 12:30,1286.559,886.598,336.781,989.021,150,0,0
2025-07-23 12:45,1286.559,886.598,336.781,989.141,0,0,0
2025-07-23 13:00,1286.559,886.598,336.781,989.194,0,0,0
2025-07-23 13:15,1286.559,886.656,336.781,989.268,230,0,0
2025-07-23 13:30,1286.559,886.704,336.781,989.445,192,0,0
2025-07-23 13:45,1286.559,886.713,336.781,989.545,36,0,0
2025-07-23 14:00,1286.559,886.743,336.781,989.712,120,0,0
2025-07-23 14:15,1286.559,886.793,336.781,989.885,202,0,0
2025-07-23 14:30,1286.559,886.832,336.781,990.118,154,0,0
2025-07-23 14:45,1286.559,886.865,336.781,990.272,132,0,0
2025-07-23 15:00,1286.559,886.917,336.781,990.3,208,0,0
2025-07-23 15:15,1286.559,886.932,336.781,990.369,62,0,0
2025-07-23 15:30,1286.559,886.963,336.781,990.473,122,0,0
2025-07-23 15:45,1286.559,886.992,336.781,990.495,119,0,0
2025-07-23 16:00,1286.559,887.017,336.781,990.562,98,0,0
2025-07-23 16:15,1286.559,887.039,336.781,990.579,89,0,0
2025-07-23 16:30,1286.559,887.07,336.781,990.579,126,0,0
2025-07-23 16:45,1286.559,887.101,336.781,990.579,123,0,0
2025-07-23 17:00,1286.559,887.11,336.781,990.579,36,0,0
2025-07-23 17:15,1286.559,887.156,336.781,990.579,184,0,0
2025-07-23 17:30,1286.559,887.167,336.781,990.579,42,0,0
2025-07-23 17:45,1286.559,887.192,336.781,990.579,103,0,0
2025-07-23 18:00,1286.559,887.216,336.781,990.579,96,0,0
2025-07-23 18:15,1286.559,887.254,336.781,990.579,149,0,0
2025-07-23 18:30,1286.559,887.254,336.781,990.579,0,0,0
2025-07-23 18:45,1286.559,887.301,336.781,990.579,191,0,0
2025-07-23 19:00,1286.559,887.318,336.781,990.579,66,0,0
2025-07-23 19:15,1286.559,887.462,336.781,990.579,578,0,0
2025-07-23 19:30,1286.559,887.573,336.781,990.579,442,0,0
2025-07-23 19:45,1286.559,887.692,336.781,990.579,476,0,0
2025-07-23 20:00,1286.559,887.85,336.781,990.579,633,0,0
2025-07-23 20:15,1286.559,887.964,336.781,990.579,458,0,0
2025-07-23 20:30,1286.559,888.109,336.781,990.579,579,0,0
2025-07-23 20:45,1286.559,888.23,336.781,990.579,483,0,0
2025-07-23 21:00,1286.688,888.23,336.781,990.579,513,0,0
2025-07-23 21:15,1286.809,888.23,336.781,990.579,486,0,0
2025-07-23 21:30,1286.946,888.23,336.781,990.579,548,0,0
2025-07-23 21:45,1287.052,888.23,336.781,990.579,425,0,0
2025-07-23 22:00,1287.153,888.23,336.781,990.579,401,0,0
2025-07-23 22:15,1287.26,888.23,336.781,990.579,429,0,0
2025-07-23 22:30,1287.382,888.23,336.781,990.579,488,0,0
2025-07-23 22:45,1287.497,888.23,336.781,990.579,462,0,0
2025-07-23 23:00,1287.632,888.23,336.781,990.579,537,0,0
2025-07-23 23:15,1287.778,888.23,336.781,990.579,584,0,0
2025-07-23 23:30,1287.878,888.23,336.781,990.579,402,0,0
2025-07-23 23:45,1287.983,888.23,336.781,990.579,421,0,0
2025-07-24 00:00,1288.075,888.23,336.781,990.579,365,0,0
2025-07-24 00:15,1288.235,888.23,336.781,990.579,642,0,0
2025-07-24 00:30,1288.361,888.23,336.781,990.579,504,0,0
2025-07-24 00:45,1288.491,888.23,336.781,990.579,518,0,0
2025-07-24 01:00,1288.584,888.23,336.781,990.579,373,0,0
2025-07-24 01:15,1288.704,888.23,336.781,990.579,480,0,0
2025-07-24 01:30,1288.834,888.23,336.781,990.579,521,0,0
2025-07-24 01:45,1288.949,888.23,336.781,990.579,460,0,0
2025-07-24 02:00,1289.091,888.23,336.781,990.579,566,0,0
2025-07-24 02:15,1289.257,888.23,336.781,990.579,665,0,0
2025-07-24 02:30,1289.358,888.23,336.781,990.579,404,0,0
2025-07-24 02:45,1289.458,888.23,336.781,990.579,398,0,0
2025-07-24 03:00,1289.56,888.23,336.781,990.579,410,0,0
2025-07-24 03:15,1289.712,888.23,336.781,990.579,608,0,0
2025-07-24 03:30,1289.853,888.23,336.781,990.579,563,0,0
2025-07-24 03:45,1289.97,888.23,336.781,990.579,469,0,0
2025-07-24 04:00,1290.091,888.23,336.781,990.579,483,0,0
2025-07-24 04:15,1290.195,888.23,336.781,990.579,415,0,0
2025-07-24 04:30,1290.333,888.23,336.781,990.579,551,0,0
2025-07-24 04:45,1290.445,888.23,336.781,990.579,450,0,0
2025-07-24 05:00,1290.56,888.23,336.781,990.579,459,0,0
2025-07-24 05:15,1290.692,888.23,336.781,990.579,529,0,0
2025-07-24 05:30,1290.808,888.23,336.781,990.579,465,0,0
2025-07-24 05:45,1290.923,888.23,336.781,990.579,461,0,0
2025-07-24 06:00,1291.044,888.23,336.781,990.579,481,0,0
2025-07-24 06:15,1291.18,888.23,336.781,990.579,544,0,0
2025-07-24 06:30,1291.333,888.23,336.781,990.579,612,0,0
2025-07-24 06:45,1291.464,888.23,336.781,990.579,527,0,0
2025-07-24 07:00,1291.464,888.276,336.781,990.579,184,0,0
2025-07-24 07:15,1291.464,888.302,336.781,990.579,104,0,0
2025-07-24 07:30,1291.464,888.318,336.781,990.579,63,0,0
2025-07-24 07:45,1291.464,888.361,336.781,990.579,172,0,0
2025-07-24 08:00,1291.464,888.394,336.781,990.579,134,0,0
2025-07-24 08:15,1291.464,888.396,336.781,990.579,6,0,0
2025-07-24 08:30,1291.464,888.419,336.781,990.579,94,0,0
2025-07-24 08:45,1291.464,888.448,336.781,990.579,113,0,0
2025-07-24 09:00,1291.464,888.467,336.781,990.579,79,0,0
2025-07-24 09:15,1291.464,888.527,336.781,990.579,239,0,0
2025-07-24 09:30,1291.464,888.567,336.781,990.579,158,0,0
2025-07-24 09:45,1291.464,888.624,336.781,990.579,230,0,0
2025-07-24 10:00,1291.464,888.659,336.781,990.579,141,0,0
2025-07-24 10:15,1291.464,888.691,336.781,990.579,127,0,0
2025-07-24 10:30,1291.464,888.702,336.781,990.586,45,0,0
2025-07-24 10:45,1291.464,888.733,336.781,990.604,121,0,0
2025-07-24 11:00,1291.464,888.763,336.781,990.611,121,0,0
2025-07-24 11:15,1291.464,888.765,336.781,990.658,11,0,0
2025-07-24 11:30,1291.464,888.785,336.781,990.731,77,0,0
2025-07-24 11:45,1291.464,888.808,336.781,990.864,94,0,0
2025-07-24 12:00,1291.464,888.846,336.781,990.964,153,0,0
2025-07-24 12:15,1291.464,888.886,336.781,991.01,157,0,0
2025-07-24 12:30,1291.464,888.904,336.781,991.15,73,0,0
2025-07-24 12:45,1291.464,888.943,336.781,991.382,158,0,0
2025-07-24 13:00,1291.464,888.97,336.781,991.567,105,0,0
2025-07-24 13:15,1291.464,888.97,336.781,991.699,0,0,0
2025-07-24 13:30,1291.464,888.99,336.781,991.979,81,0,0
2025-07-24 13:45,1291.464,889.042,336.781,992.071,206,0,0
2025-07-24 14:00,1291.464,889.042,336.781,992.198,0,0,0
2025-07-24 14:15,1291.464,889.074,336.781,992.342,129,0,0
2025-07-24 14:30,1291.464,889.136,336.781,992.533,247,0,0
2025-07-24 14:45,1291.464,889.15,336.781,992.722,59,0,0
2025-07-24 15:00,1291.464,889.181,336.781,992.754,120,0,0
2025-07-24 15:15,1291.464,889.184,336.781,992.884,16,0,0
2025-07-24 15:30,1291.464,889.247,336.781,992.978,250,0,0
2025-07-24 15:45,1291.464,889.275,336.781,993.068,113,0,0
2025-07-24 16:00,1291.464,889.306,336.781,993.133,124,0,0
2025-07-24 16:15,1291.464,889.363,336.781,993.166,228,0,0
2025-07-24 16:30,1291.464,889.407,336.781,993.166,173,0,0
2025-07-24 16:45,1291.464,889.419,336.781,993.166,50,0,0
2025-07-24 17:00,1291.464,889.436,336.781,993.166,68,0,0
2025-07-24 17:15,1291.464,889.476,336.781,993.166,160,0,0
2025-07-24 17:30,1291.464,889.494,336.781,993.166,70,0,0
2025-07-24 17:45,1291.464,889.494,336.781,993.166,0,0,0
2025-07-24 18:00,1291.464,889.522,336.781,993.166,116,0,0
2025-07-24 18:15,1291.464,889.523,336.781,993.166,2,0,0
2025-07-24 18:30,1291.464,889.585,336.781,993.166,249,0,0
2025-07-24 18:45,1291.464,889.619,336.781,993.166,134,0,0
2025-07-24 19:00,1291.464,889.631,336.781,993.166,48,0,0
2025-07-24 19:15,1291.464,889.737,336.781,993.166,424,0,0
2025-07-24 19:30,1291.464,889.819,336.781,993.166,329,0,0
2025-07-24 19:45,1291.464,889.917,336.781,993.166,392,0,0
2025-07-24 20:00,1291.464,890.057,336.781,993.166,561,0,0
2025-07-24 20:15,1291.464,890.222,336.781,993.166,659,0,0
2025-07-24 20:30,1291.464,890.356,336.781,993.166,538,0,0
2025-07-24 20:45,1291.464,890.474,336.781,993.166,473,0,0
2025-07-24 21:00,1291.576,890.474,336.781,993.166,445,0,0
2025-07-24 21:15,1291.676,890.474,336.781,993.166,403,0,0
2025-07-24 21:30,1291.838,890.474,336.781,993.166,645,0,0
2025-07-24 21:45,1291.954,890.474,336.781,993.166,465,0,0
2025-07-24 22:00,1292.116,890.474,336.781,993.166,649,0,0
2025-07-24 22:15,1292.264,890.474,336.781,993.166,591,0,0
2025-07-24 22:30,1292.349,890.474,336.781,993.166,341,0,0
2025-07-24 22:45,1292.456,890.474,336.781,993.166,427,0,0
2025-07-24 23:00,1292.563,890.474,336.781,993.166,426,0,0
2025-07-24 23:15,1292.681,890.474,336.781,993.166,474,0,0
2025-07-24 23:30,1292.8,890.474,336.781,993.166,475,0,0
2025-07-24 23:45,1292.98,890.474,336.781,993.166,720,0,0
2025-07-25 00:00,1293.078,890.474,336.781,993.166,394,0,0
2025-07-25 00:15,1293.203,890.474,336.781,993.166,498,0,0
2025-07-25 00:30,1293.335,890.474,336.781,993.166,529,0,0
2025-07-25 00:45,1293.455,890.474,336.781,993.166,480,0,0
2025-07-25 01:00,1293.577,890.474,336.781,993.166,489,0,0
2025-07-25 01:15,1293.676,890.474,336.781,993.166,396,0,0
2025-07-25 01:30,1293.798,890.474,336.781,993.166,489,0,0
2025-07-25 01:45,1293.929,890.474,336.781,993.166,521,0,0
2025-07-25 02:00,1294.055,890.474,336.781,993.166,506,0,0
2025-07-25 02:15,1294.187,890.474,336.781,993.166,526,0,0
2025-07-25 02:30,1294.335,890.474,336.781,993.166,593,0,0
2025-07-25 02:45,1294.474,890.474,336.781,993.166,555,0,0
2025-07-25 03:00,1294.595,890.474,336.781,993.166,486,0,0
2025-07-25 03:15,1294.692,890.474,336.781,993.166,386,0,0
2025-07-25 03:30,1294.8,890.474,336.781,993.166,432,0,0
2025-07-25 03:45,1294.915,890.474,336.781,993.166,462,0,0
2025-07-25 04:00,1295.04,890.474,336.781,993.166,500,0,0
2025-07-25 04:15,1295.151,890.474,336.781,993.166,442,0,0
2025-07-25 04:30,1295.252,890.474,336.781,993.166,405,0,0
2025-07-25 04:45,1295.348,890.474,336.781,993.166,385,0,0
2025-07-25 05:00,1295.435,890.474,336.781,993.166,348,0,0
2025-07-25 05:15,1295.55,890.474,336.781,993.166,461,0,0
2025-07-25 05:30,1295.641,890.474,336.781,993.166,362,0,0
2025-07-25 05:45,1295.741,890.474,336.781,993.166,400,0,0
2025-07-25 06:00,1295.853,890.474,336.781,993.166,448,0,0
2025-07-25 06:15,1295.946,890.474,336.781,993.166,373,0,0
2025-07-25 06:30,1296.074,890.474,336.781,993.166,510,0,0
2025-07-25 06:45,1296.209,890.474,336.781,993.166,539,0,0
2025-07-25 07:00,1296.209,890.494,336.781,993.166,76,0,0
2025-07-25 07:15,1296.209,890.515,336.781,993.166,85,0,0
2025-07-25 07:30,1296.209,890.556,336.781,993.166,163,0,0
2025-07-25 07:45,1296.209,890.571,336.781,993.166,63,0,0
2025-07-25 08:00,1296.209,890.586,336.781,993.166,57,0,0
2025-07-25 08:15,1296.209,890.64,336.781,993.166,216,0,0
2025-07-25 08:30,1296.209,890.687,336.781,993.166,191,0,0
2025-07-25 08:45,1296.209,890.729,336.781,993.166,168,0,0
2025-07-25 09:00,1296.209,890.778,336.781,993.166,194,0,0
2025-07-25 09:15,1296.209,890.778,336.781,993.166,0,0,0
2025-07-25 09:30,1296.209,890.835,336.781,993.166,228,0,0
2025-07-25 09:45,1296.209,890.873,336.781,993.166,151,0,0
2025-07-25 10:00,1296.209,890.923,336.781,993.166,201,0,0
2025-07-25 10:15,1296.209,890.961,336.781,993.17,151,0,0
2025-07-25 10:30,1296.209,890.992,336.781,993.178,124,0,0
2025-07-25 10:45,1296.209,891.016,336.781,993.195,98,0,0
2025-07-25 11:00,1296.209,891.053,336.781,993.261,149,0,0
2025-07-25 11:15,1296.209,891.077,336.781,993.341,95,0,0
2025-07-25 11:30,1296.209,891.125,336.781,993.456,189,0,0
2025-07-25 11:45,1296.209,891.125,336.781,993.615,0,0,0
2025-07-25 12:00,1296.209,891.144,336.781,993.705,77,0,0
2025-07-25 12:15,1296.209,891.215,336.781,993.872,284,0,0
2025-07-25 12:30,1296.209,891.232,336.781,994.053,70,0,0
2025-07-25 12:45,1296.209,891.257,336.781,994.138,101,0,0
2025-07-25 13:00,1296.209,891.27,336.781,994.338,49,0,0
2025-07-25 13:15,1296.209,891.306,336.781,994.496,147,0,0
2025-07-25 13:30,1296.209,891.322,336.781,994.661,61,0,0
2025-07-25 13:45,1296.209,891.348,336.781,994.759,105,0,0
2025-07-25 14:00,1296.209,891.395,336.781,994.984,188,0,0
2025-07-25 14:15,1296.209,891.411,336.781,995.186,64,0,0
2025-07-25 14:30,1296.209,891.457,336.781,995.335,183,0,0
2025-07-25 14:45,1296.209,891.503,336.781,995.395,186,0,0
2025-07-25 15:00,1296.209,891.554,336.781,995.511,204,0,0
2025-07-25 15:15,1296.209,891.587,336.781,995.539,131,0,0
2025-07-25 15:30,1296.209,891.682,336.781,995.586,379,0,0
2025-07-25 15:45,1296.209,891.733,336.781,995.62,204,0,0
2025-07-25 16:00,1296.209,891.769,336.781,995.684,146,0,0
2025-07-25 16:15,1296.209,891.782,336.781,995.692,50,0,0
2025-07-25 16:30,1296.209,891.81,336.781,995.698,112,0,0
2025-07-25 16:45,1296.209,891.869,336.781,995.703,234,0,0
2025-07-25 17:00,1296.209,891.933,336.781,995.703,257,0,0
2025-07-25 17:15,1296.209,891.992,336.781,995.703,238,0,0
2025-07-25 17:30,1296.209,892.038,336.781,995.703,183,0,0
2025-07-25 17:45,1296.209,892.043,336.781,995.703,20,0,0
2025-07-25 18:00,1296.209,892.083,336.781,995.703,159,0,0
2025-07-25 18:15,1296.209,892.088,336.781,995.703,21,0,0
2025-07-25 18:30,1296.209,892.088,336.781,995.703,1,0,0
2025-07-25 18:45,1296.209,892.123,336.781,995.703,139,0,0
2025-07-25 19:00,1296.209,892.163,336.781,995.703,162,0,0
2025-07-25 19:15,1296.209,892.301,336.781,995.703,552,0,0
2025-07-25 19:30,1296.209,892.431,336.781,995.703,520,0,0
2025-07-25 19:45,1296.209,892.562,336.781,995.703,523,0,0
2025-07-25 20:00,1296.209,892.662,336.781,995.703,401,0,0
2025-07-25 20:15,1296.209,892.78,336.781,995.703,472,0,0
2025-07-25 20:30,1296.209,892.87,336.781,995.703,359,0,0
2025-07-25 20:45,1296.209,892.95,336.781,995.703,320,0,0
2025-07-25 21:00,1296.344,892.95,336.781,995.703,539,0,0
2025-07-25 21:15,1296.449,892.95,336.781,995.703,420,0,0
2025-07-25 21:30,1296.586,892.95,336.781,995.703,550,0,0
2025-07-25 21:45,1296.728,892.95,336.781,995.703,569,0,0
2025-07-25 22:00,1296.836,892.95,336.781,995.703,430,0,0
2025-07-25 22:15,1296.968,892.95,336.781,995.703,527,0,0
2025-07-25 22:30,1297.074,892.95,336.781,995.703,427,0,0
2025-07-25 22:45,1297.158,892.95,336.781,995.703,332,0,0
2025-07-25 23:00,1297.28,892.95,336.781,995.703,490,0,0
2025-07-25 23:15,1297.391,892.95,336.781,995.703,442,0,0
2025-07-25 23:30,1297.502,892.95,336.781,995.703,445,0,0
2025-07-25 23:45,1297.661,892.95,336.781,995.703,638,0,0
2025-07-26 00:00,1297.751,892.95,336.781,995.703,358,0,0
2025-07-26 00:15,1297.878,892.95,336.781,995.703,511,0,0
2025-07-26 00:30,1297.979,892.95,336.781,995.703,400,0,0
2025-07-26 00:45,1298.117,892.95,336.781,995.703,553,0,0
2025-07-26 01:00,1298.243,892.95,336.781,995.703,504,0,0
2025-07-26 01:15,1298.37,892.95,336.781,995.703,510,0,0
2025-07-26 01:30,1298.471,892.95,336.781,995.703,404,0,0
2025-07-26 01:45,1298.576,892.95,336.781,995.703,419,0,0
2025-07-26 02:00,1298.715,892.95,336.781,995.703,554,0,0
2025-07-26 02:15,1298.87,892.95,336.781,995.703,622,0,0
2025-07-26 02:30,1299.0,892.95,336.781,995.703,518,0,0
2025-07-26 02:45,1299.102,892.95,336.781,995.703,408,0,0
2025-07-26 03:00,1299.228,892.95,336.781,995.703,507,0,0
2025-07-26 03:15,1299.397,892.95,336.781,995.703,674,0,0
2025-07-26 03:30,1299.519,892.95,336.781,995.703,488,0,0
2025-07-26 03:45,1299.668,892.95,336.781,995.703,597,0,0
2025-07-26 04:00,1299.773,892.95,336.781,995.703,421,0,0
2025-07-26 04:15,1299.893,892.95,336.781,995.703,477,0,0
2025-07-26 04:30,1300.025,892.95,336.781,995.703,530,0,0
2025-07-26 04:45,1300.153,892.95,336.781,995.703,512,0,0
2025-07-26 05:00,1300.258,892.95,336.781,995.703,419,0,0
2025-07-26 05:15,1300.361,892.95,336.781,995.703,415,0,0
2025-07-26 05:30,1300.501,892.95,336.781,995.703,559,0,0
2025-07-26 05:45,1300.645,892.95,336.781,995.703,575,0,0
2025-07-26 06:00,1300.795,892.95,336.781,995.703,601,0,0
2025-07-26 06:15,1300.951,892.95,336.781,995.703,624,0,0
2025-07-26 06:30,1301.074,892.95,336.781,995.703,491,0,0
2025-07-26 06:45,1301.188,892.95,336.781,995.703,455,0,0
2025-07-26 07:00,1301.245,892.95,336.781,995.703,228,0,0
2025-07-26 07:15,1301.289,892.95,336.781,995.703,177,0,0
2025-07-26 07:30,1301.299,892.95,336.781,995.703,41,0,0
2025-07-26 07:45,1301.309,892.95,336.781,995.703,37,0,0
2025-07-26 08:00,1301.349,892.95,336.781,995.703,159,0,0
2025-07-26 08:15,1301.375,892.95,336.781,995.703,106,0,0
2025-07-26 08:30,1301.405,892.95,336.781,995.703,118,0,0
2025-07-26 08:45,1301.456,892.95,336.781,995.703,206,0,0
2025-07-26 09:00,1301.501,892.95,336.781,995.703,181,0,0
2025-07-26 09:15,1301.558,892.95,336.781,995.703,226,0,0
2025-07-26 09:30,1301.558,892.95,336.781,995.703,0,0,0
2025-07-26 09:45,1301.593,892.95,336.781,995.703,140,0,0
2025-07-26 10:00,1301.637,892.95,336.781,995.703,176,0,0
2025-07-26 10:15,1301.637,892.95,336.781,995.703,0,0,0
2025-07-26 10:30,1301.654,892.95,336.781,995.703,68,0,0
2025-07-26 10:45,1301.667,892.95,336.815,995.703,53,0,0
2025-07-26 11:00,1301.697,892.95,336.878,995.703,122,0,0
2025-07-26 11:15,1301.76,892.95,336.97,995.703,250,0,0
2025-07-26 11:30,1301.83,892.95,337.091,995.703,282,0,0
2025-07-26 11:45,1301.844,892.95,337.237,995.703,55,0,0
2025-07-26 12:00,1301.885,892.95,337.367,995.703,162,0,0
2025-07-26 12:15,1301.926,892.95,337.462,995.703,165,0,0
2025-07-26 12:30,1301.963,892.95,337.693,995.703,151,0,0
2025-07-26 12:45,1302.001,892.95,337.766,995.703,152,0,0
2025-07-26 13:00,1302.038,892.95,337.857,995.703,144,0,0
2025-07-26 13:15,1302.101,892.95,338.016,995.703,255,0,0
2025-07-26 13:30,1302.153,892.95,338.14,995.703,208,0,0
2025-07-26 13:45,1302.162,892.95,338.343,995.703,35,0,0
2025-07-26 14:00,1302.208,892.95,338.607,995.703,184,0,0
2025-07-26 14:15,1302.256,892.95,338.762,995.703,191,0,0
2025-07-26 14:30,1302.292,892.95,338.916,995.703,145,0,0
2025-07-26 14:45,1302.345,892.95,339.027,995.703,211,0,0
2025-07-26 15:00,1302.379,892.95,339.168,995.703,135,0,0
2025-07-26 15:15,1302.413,892.95,339.196,995.703,136,0,0
2025-07-26 15:30,1302.445,892.95,339.206,995.703,130,0,0
2025-07-26 15:45,1302.445,892.95,339.268,995.703,0,0,0
2025-07-26 16:00,1302.473,892.95,339.302,995.703,114,0,0
2025-07-26 16:15,1302.49,892.95,339.31,995.703,67,0,0
2025-07-26 16:30,1302.496,892.95,339.31,995.703,25,0,0
2025-07-26 16:45,1302.555,892.95,339.31,995.703,235,0,0
2025-07-26 17:00,1302.595,892.95,339.31,995.703,160,0,0
2025-07-26 17:15,1302.624,892.95,339.31,995.703,118,0,0
2025-07-26 17:30,1302.643,892.95,339.31,995.703,75,0,0
2025-07-26 17:45,1302.679,892.95,339.31,995.703,144,0,0
2025-07-26 18:00,1302.729,892.95,339.31,995.703,199,0,0
2025-07-26 18:15,1302.742,892.95,339.31,995.703,54,0,0
2025-07-26 18:30,1302.772,892.95,339.31,995.703,120,0,0
2025-07-26 18:45,1302.82,892.95,339.31,995.703,189,0,0
2025-07-26 19:00,1302.82,892.95,339.31,995.703,0,0,0
2025-07-26 19:15,1302.938,892.95,339.31,995.703,475,0,0
2025-07-26 19:30,1303.05,892.95,339.31,995.703,446,0,0
2025-07-26 19:45,1303.167,892.95,339.31,995.703,469,0,0
2025-07-26 20:00,1303.277,892.95,339.31,995.703,440,0,0
2025-07-26 20:15,1303.4,892.95,339.31,995.703,491,0,0
2025-07-26 20:30,1303.558,892.95,339.31,995.703,634,0,0
2025-07-26 20:45,1303.672,892.95,339.31,995.703,454,0,0
2025-07-26 21:00,1303.798,892.95,339.31,995.703,503,0,0
2025-07-26 21:15,1303.958,892.95,339.31,995.703,640,0,0
2025-07-26 21:30,1304.067,892.95,339.31,995.703,436,0,0
2025-07-26 21:45,1304.223,892.95,339.31,995.703,625,0,0
2025-07-26 22:00,1304.343,892.95,339.31,995.703,480,0,0
2025-07-26 22:15,1304.499,892.95,339.31,995.703,623,0,0
2025-07-26 22:30,1304.634,892.95,339.31,995.703,540,0,0
2025-07-26 22:45,1304.76,892.95,339.31,995.703,505,0,0
2025-07-26 23:00,1304.879,892.95,339.31,995.703,475,0,0
2025-07-26 23:15,1304.986,892.95,339.31,995.703,430,0,0
2025-07-26 23:30,1305.108,892.95,339.31,995.703,486,0,0
2025-07-26 23:45,1305.246,892.95,339.31,995.703,552,0,0
2025-07-27 00:00,1305.365,892.95,339.31,995.703,479,0,0
2025-07-27 00:15,1305.479,892.95,339.31,995.703,455,0,0
2025-07-27 00:30,1305.594,892.95,339.31,995.703,460,0,0
2025-07-27 00:45,1305.734,892.95,339.31,995.703,559,0,0
2025-07-27 01:00,1305.878,892.95,339.31,995.703,578,0,0
2025-07-27 01:15,1305.985,892.95,339.31,995.703,427,0,0
2025-07-27 01:30,1306.092,892.95,339.31,995.703,427,0,0
2025-07-27 01:45,1306.219,892.95,339.31,995.703,510,0,0
2025-07-27 02:00,1306.37,892.95,339.31,995.703,602,0,0
2025-07-27 02:15,1306.513,892.95,339.31,995.703,572,0,0
2025-07-27 02:30,1306.608,892.95,339.31,995.703,380,0,0
2025-07-27 02:45,1306.722,892.95,339.31,995.703,459,0,0
2025-07-27 03:00,1306.824,892.95,339.31,995.703,406,0,0
2025-07-27 03:15,1306.938,892.95,339.31,995.703,459,0,0
2025-07-27 03:30,1307.09,892.95,339.31,995.703,608,0,0
2025-07-27 03:45,1307.182,892.95,339.31,995.703,366,0,0
2025-07-27 04:00,1307.27,892.95,339.31,995.703,350,0,0
2025-07-27 04:15,1307.373,892.95,339.31,995.703,414,0,0
2025-07-27 04:30,1307.499,892.95,339.31,995.703,503,0,0
2025-07-27 04:45,1307.631,892.95,339.31,995.703,530,0,0
2025-07-27 05:00,1307.76,892.95,339.31,995.703,515,0,0
2025-07-27 05:15,1307.903,892.95,339.31,995.703,574,0,0
2025-07-27 05:30,1307.988,892.95,339.31,995.703,339,0,0
2025-07-27 05:45,1308.132,892.95,339.31,995.703,575,0,0
2025-07-27 06:00,1308.246,892.95,339.31,995.703,455,0,0
2025-07-27 06:15,1308.38,892.95,339.31,995.703,539,0,0
2025-07-27 06:30,1308.474,892.95,339.31,995.703,374,0,0
2025-07-27 06:45,1308.594,892.95,339.31,995.703,480,0,0
2025-07-27 07:00,1308.629,892.95,339.31,995.703,139,0,0
2025-07-27 07:15,1308.682,892.95,339.31,995.703,212,0,0
2025-07-27 07:30,1308.682,892.95,339.31,995.703,0,0,0
2025-07-27 07:45,1308.712,892.95,339.31,995.703,122,0,0
2025-07-27 08:00,1308.721,892.95,339.31,995.703,33,0,0
2025-07-27 08:15,1308.761,892.95,339.31,995.703,160,0,0
2025-07-27 08:30,1308.806,892.95,339.31,995.703,182,0,0
2025-07-27 08:45,1308.862,892.95,339.31,995.703,223,0,0
2025-07-27 09:00,1308.881,892.95,339.31,995.703,77,0,0
2025-07-27 09:15,1308.93,892.95,339.31,995.703,194,0,0
2025-07-27 09:30,1308.987,892.95,339.31,995.703,229,0,0
2025-07-27 09:45,1308.987,892.95,339.31,995.703,0,0,0
2025-07-27 10:00,1309.029,892.95,339.31,995.703,169,0,0
2025-07-27 10:15,1309.079,892.95,339.31,995.703,197,0,0
2025-07-27 10:30,1309.103,892.95,339.32,995.703,99,0,0
2025-07-27 10:45,1309.109,892.95,339.342,995.703,23,0,0
2025-07-27 11:00,1309.158,892.95,339.386,995.703,195,0,0
2025-07-27 11:15,1309.164,892.95,339.407,995.703,24,0,0
2025-07-27 11:30,1309.191,892.95,339.508,995.703,106,0,0
2025-07-27 11:45,1309.22,892.95,339.619,995.703,117,0,0
2025-07-27 12:00,1309.264,892.95,339.663,995.703,177,0,0
2025-07-27 12:15,1309.281,892.95,339.731,995.703,70,0,0
2025-07-27 12:30,1309.298,892.95,339.833,995.703,65,0,0
2025-07-27 12:45,1309.33,892.95,340.087,995.703,128,0,0
2025-07-27 13:00,1309.38,892.95,340.215,995.703,201,0,0
2025-07-27 13:15,1309.456,892.95,340.273,995.703,303,0,0
2025-07-27 13:30,1309.456,892.95,340.363,995.703,0,0,0
2025-07-27 13:45,1309.492,892.95,340.425,995.703,145,0,0
2025-07-27 14:00,1309.5,892.95,340.57,995.703,33,0,0
2025-07-27 14:15,1309.551,892.95,340.794,995.703,202,0,0
2025-07-27 14:30,1309.562,892.95,340.926,995.703,45,0,0
2025-07-27 14:45,1309.578,892.95,341.115,995.703,66,0,0
2025-07-27 15:00,1309.597,892.95,341.145,995.703,73,0,0
2025-07-27 15:15,1309.625,892.95,341.227,995.703,114,0,0
2025-07-27 15:30,1309.661,892.95,341.33,995.703,146,0,0
2025-07-27 15:45,1309.701,892.95,341.397,995.703,159,0,0
2025-07-27 16:00,1309.731,892.95,341.457,995.703,120,0,0
2025-07-27 16:15,1309.734,892.95,341.457,995.703,14,0,0
2025-07-27 16:30,1309.779,892.95,341.458,995.703,178,0,0
2025-07-27 16:45,1309.808,892.95,341.458,995.703,116,0,0
2025-07-27 17:00,1309.861,892.95,341.458,995.703,213,0,0
2025-07-27 17:15,1309.877,892.95,341.458,995.703,63,0,0
2025-07-27 17:30,1309.877,892.95,341.458,995.703,0,0,0
2025-07-27 17:45,1309.906,892.95,341.458,995.703,117,0,0
2025-07-27 18:00,1309.962,892.95,341.458,995.703,224,0,0
2025-07-27 18:15,1309.995,892.95,341.458,995.703,133,0,0
2025-07-27 18:30,1310.021,892.95,341.458,995.703,104,0,0
2025-07-27 18:45,1310.034,892.95,341.458,995.703,50,0,0
2025-07-27 19:00,1310.099,892.95,341.458,995.703,261,0,0
2025-07-27 19:15,1310.199,892.95,341.458,995.703,398,0,0
2025-07-27 19:30,1310.304,892.95,341.458,995.703,422,0,0
2025-07-27 19:45,1310.436,892.95,341.458,995.703,526,0,0
2025-07-27 20:00,1310.518,892.95,341.458,995.703,332,0,0
2025-07-27 20:15,1310.664,892.95,341.458,995.703,582,0,0
2025-07-27 20:30,1310.796,892.95,341.458,995.703,530,0,0
2025-07-27 20:45,1310.934,892.95,341.458,995.703,552,0,0
2025-07-27 21:00,1311.066,892.95,341.458,995.703,525,0,0
2025-07-27 21:15,1311.182,892.95,341.458,995.703,467,0,0
2025-07-27 21:30,1311.281,892.95,341.458,995.703,395,0,0
2025-07-27 21:45,1311.398,892.95,341.458,995.703,469,0,0
2025-07-27 22:00,1311.499,892.95,341.458,995.703,402,0,0
2025-07-27 22:15,1311.628,892.95,341.458,995.703,519,0,0
2025-07-27 22:30,1311.765,892.95,341.458,995.703,545,0,0
2025-07-27 22:45,1311.914,892.95,341.458,995.703,598,0,0
2025-07-27 23:00,1312.042,892.95,341.458,995.703,510,0,0
2025-07-27 23:15,1312.18,892.95,341.458,995.703,554,0,0
2025-07-27 23:30,1312.294,892.95,341.458,995.703,456,0,0
2025-07-27 23:45,1312.405,892.95,341.458,995.703,442,0,0
2025-07-28 00:00,1312.534,892.95,341.458,995.703,518,0,0
2025-07-28 00:15,1312.646,892.95,341.458,995.703,449,0,0
2025-07-28 00:30,1312.772,892.95,341.458,995.703,502,0,0
2025-07-28 00:45,1312.87,892.95,341.458,995.703,395,0,0
2025-07-28 01:00,1312.973,892.95,341.458,995.703,409,0,0
2025-07-28 01:15,1313.106,892.95,341.458,995.703,531,0,0
2025-07-28 01:30,1313.243,892.95,341.458,995.703,551,0,0
2025-07-28 01:45,1313.344,892.95,341.458,995.703,401,0,0
2025-07-28 02:00,1313.477,892.95,341.458,995.703,534,0,0
2025-07-28 02:15,1313.586,892.95,341.458,995.703,437,0,0
2025-07-28 02:30,1313.707,892.95,341.458,995.703,481,0,0
2025-07-28 02:45,1313.855,892.95,341.458,995.703,593,0,0
2025-07-28 03:00,1313.991,892.95,341.458,995.703,545,0,0
2025-07-28 03:15,1314.127,892.95,341.458,995.703,544,0,0
2025-07-28 03:30,1314.285,892.95,341.458,995.703,633,0,0
2025-07-28 03:45,1314.391,892.95,341.458,995.703,424,0,0
2025-07-28 04:00,1314.491,892.95,341.458,995.703,401,0,0
2025-07-28 04:15,1314.597,892.95,341.458,995.703,422,0,0
2025-07-28 04:30,1314.712,892.95,341.458,995.703,460,0,0
2025-07-28 04:45,1314.785,892.95,341.458,995.703,292,0,0
2025-07-28 05:00,1314.901,892.95,341.458,995.703,463,0,0
2025-07-28 05:15,1315.01,892.95,341.458,995.703,436,0,0
2025-07-28 05:30,1315.145,892.95,341.458,995.703,543,0,0
2025-07-28 05:45,1315.273,892.95,341.458,995.703,508,0,0
2025-07-28 06:00,1315.38,892.95,341.458,995.703,432,0,0
2025-07-28 06:15,1315.512,892.95,341.458,995.703,527,0,0
2025-07-28 06:30,1315.647,892.95,341.458,995.703,538,0,0
2025-07-28 06:45,1315.751,892.95,341.458,995.703,419,0,0
2025-07-28 07:00,1315.751,892.97,341.458,995.703,81,0,0
2025-07-28 07:15,1315.751,892.97,341.458,995.703,0,0,0
2025-07-28 07:30,1315.751,892.978,341.458,995.703,33,0,0
2025-07-28 07:45,1315.751,892.993,341.458,995.703,61,0,0
2025-07-28 08:00,1315.751,893.025,341.458,995.703,126,0,0
2025-07-28 08:15,1315.751,893.036,341.458,995.703,44,0,0
2025-07-28 08:30,1315.751,893.056,341.458,995.703,79,0,0
2025-07-28 08:45,1315.751,893.061,341.458,995.703,22,0,0
2025-07-28 09:00,1315.751,893.095,341.458,995.703,134,0,0
2025-07-28 09:15,1315.751,893.133,341.458,995.703,154,0,0
2025-07-28 09:30,1315.751,893.171,341.458,995.703,152,0,0
2025-07-28 09:45,1315.751,893.201,341.458,995.703,121,0,0
2025-07-28 10:00,1315.751,893.201,341.458,995.703,0,0,0
2025-07-28 10:15,1315.751,893.219,341.458,995.703,70,0,0
2025-07-28 10:30,1315.751,893.241,341.458,995.703,87,0,0
2025-07-28 10:45,1315.751,893.263,341.458,995.741,88,0,0
2025-07-28 11:00,1315.751,893.294,341.458,995.741,126,0,0
2025-07-28 11:15,1315.751,893.353,341.458,995.768,234,0,0
2025-07-28 11:30,1315.751,893.399,341.458,995.837,185,0,0
2025-07-28 11:45,1315.751,893.409,341.458,995.987,41,0,0
2025-07-28 12:00,1315.751,893.453,341.458,996.177,174,0,0
2025-07-28 12:15,1315.751,893.496,341.458,996.356,171,0,0
2025-07-28 12:30,1315.751,893.51,341.458,996.546,56,0,0
2025-07-28 12:45,1315.751,893.557,341.458,996.709,188,0,0
2025-07-28 13:00,1315.751,893.583,341.458,996.917,107,0,0
2025-07-28 13:15,1315.751,893.585,341.458,997.006,7,0,0
2025-07-28 13:30,1315.751,893.624,341.458,997.126,156,0,0
2025-07-28 13:45,1315.751,893.659,341.458,997.419,137,0,0
2025-07-28 14:00,1315.751,893.684,341.458,997.7,102,0,0
2025-07-28 14:15,1315.751,893.713,341.458,997.818,117,0,0
2025-07-28 14:30,1315.751,893.729,341.458,997.907,62,0,0
2025-07-28 14:45,1315.751,893.771,341.458,997.981,169,0,0
2025-07-28 15:00,1315.751,893.8,341.458,998.085,117,0,0
2025-07-28 15:15,1315.751,893.834,341.458,998.131,133,0,0
2025-07-28 15:30,1315.751,893.871,341.458,998.216,149,0,0
2025-07-28 15:45,1315.751,893.878,341.458,998.219,28,0,0
2025-07-28 16:00,1315.751,893.89,341.458,998.219,48,0,0
2025-07-28 16:15,1315.751,893.89,341.458,998.219,0,0,0
2025-07-28 16:30,1315.751,893.931,341.458,998.235,165,0,0
2025-07-28 16:45,1315.751,893.937,341.458,998.235,23,0,0
2025-07-28 17:00,1315.751,893.969,341.458,998.235,131,0,0
2025-07-28 17:15,1315.751,894.007,341.458,998.235,150,0,0
2025-07-28 17:30,1315.751,894.049,341.458,998.235,168,0,0
2025-07-28 17:45,1315.751,894.055,341.458,998.235,24,0,0
2025-07-28 18:00,1315.751,894.084,341.458,998.235,115,0,0
2025-07-28 18:15,1315.751,894.147,341.458,998.235,254,0,0
2025-07-28 18:30,1315.751,894.211,341.458,998.235,257,0,0
2025-07-28 18:45,1315.751,894.261,341.458,998.235,199,0,0
2025-07-28 19:00,1315.751,894.298,341.458,998.235,147,0,0
2025-07-28 19:15,1315.751,894.398,341.458,998.235,400,0,0
2025-07-28 19:30,1315.751,894.532,341.458,998.235,537,0,0
2025-07-28 19:45,1315.751,894.649,341.458,998.235,467,0,0
2025-07-28 20:00,1315.751,894.78,341.458,998.235,525,0,0
2025-07-28 20:15,1315.751,894.887,341.458,998.235,429,0,0
2025-07-28 20:30,1315.751,895.004,341.458,998.235,466,0,0
2025-07-28 20:45,1315.751,895.127,341.458,998.235,493,0,0
2025-07-28 21:00,1315.876,895.127,341.458,998.235,500,0,0
2025-07-28 21:15,1316.006,895.127,341.458,998.235,519,0,0
2025-07-28 21:30,1316.115,895.127,341.458,998.235,434,0,0
2025-07-28 21:45,1316.208,895.127,341.458,998.235,373,0,0
2025-07-28 22:00,1316.36,895.127,341.458,998.235,610,0,0
2025-07-28 22:15,1316.53,895.127,341.458,998.235,679,0,0
2025-07-28 22:30,1316.659,895.127,341.458,998.235,516,0,0
2025-07-28 22:45,1316.752,895.127,341.458,998.235,374,0,0
2025-07-28 23:00,1316.857,895.127,341.458,998.235,418,0,0
2025-07-28 23:15,1316.987,895.127,341.458,998.235,521,0,0
2025-07-28 23:30,1317.134,895.127,341.458,998.235,587,0,0
2025-07-28 23:45,1317.23,895.127,341.458,998.235,383,0,0
2025-07-29 00:00,1317.347,895.127,341.458,998.235,470,0,0
2025-07-29 00:15,1317.471,895.127,341.458,998.235,496,0,0
2025-07-29 00:30,1317.608,895.127,341.458,998.235,549,0,0
2025-07-29 00:45,1317.722,895.127,341.458,998.235,453,0,0
2025-07-29 01:00,1317.81,895.127,341.458,998.235,355,0,0
2025-07-29 01:15,1317.943,895.127,341.458,998.235,530,0,0
2025-07-29 01:30,1318.085,895.127,341.458,998.235,570,0,0
2025-07-29 01:45,1318.204,895.127,341.458,998.235,473,0,0
2025-07-29 02:00,1318.332,895.127,341.458,998.235,512,0,0
2025-07-29 02:15,1318.442,895.127,341.458,998.235,442,0,0
2025-07-29 02:30,1318.545,895.127,341.458,998.235,412,0,0
2025-07-29 02:45,1318.686,895.127,341.458,998.235,562,0,0
2025-07-29 03:00,1318.814,895.127,341.458,998.235,511,0,0
2025-07-29 03:15,1318.943,895.127,341.458,998.235,519,0,0
2025-07-29 03:30,1319.093,895.127,341.458,998.235,600,0,0
2025-07-29 03:45,1319.192,895.127,341.458,998.235,396,0,0
2025-07-29 04:00,1319.301,895.127,341.458,998.235,436,0,0
2025-07-29 04:15,1319.424,895.127,341.458,998.235,493,0,0
2025-07-29 04:30,1319.533,895.127,341.458,998.235,435,0,0
2025-07-29 04:45,1319.669,895.127,341.458,998.235,543,0,0
2025-07-29 05:00,1319.785,895.127,341.458,998.235,465,0,0
2025-07-29 05:15,1319.885,895.127,341.458,998.235,401,0,0
2025-07-29 05:30,1320.007,895.127,341.458,998.235,485,0,0
2025-07-29 05:45,1320.13,895.127,341.458,998.235,494,0,0
2025-07-29 06:00,1320.269,895.127,341.458,998.235,555,0,0
2025-07-29 06:15,1320.397,895.127,341.458,998.235,511,0,0
2025-07-29 06:30,1320.526,895.127,341.458,998.235,517,0,0
2025-07-29 06:45,1320.652,895.127,341.458,998.235,506,0,0
2025-07-29 07:00,1320.652,895.153,341.458,998.235,105,0,0
2025-07-29 07:15,1320.652,895.169,341.458,998.235,63,0,0
2025-07-29 07:30,1320.652,895.205,341.458,998.235,143,0,0
2025-07-29 07:45,1320.652,895.228,341.458,998.235,93,0,0
2025-07-29 08:00,1320.652,895.292,341.458,998.235,255,0,0
2025-07-29 08:15,1320.652,895.349,341.458,998.235,227,0,0
2025-07-29 08:30,1320.652,895.392,341.458,998.235,171,0,0
2025-07-29 08:45,1320.652,895.429,341.458,998.235,150,0,0
2025-07-29 09:00,1320.652,895.457,341.458,998.235,113,0,0
2025-07-29 09:15,1320.652,895.462,341.458,998.235,19,0,0
2025-07-29 09:30,1320.652,895.488,341.458,998.235,103,0,0
2025-07-29 09:45,1320.652,895.52,341.458,998.235,128,0,0
2025-07-29 10:00,1320.652,895.554,341.458,998.235,138,0,0
2025-07-29 10:15,1320.652,895.594,341.458,998.235,158,0,0
2025-07-29 10:30,1320.652,895.642,341.458,998.235,194,0,0
2025-07-29 10:45,1320.652,895.658,341.458,998.257,65,0,0
2025-07-29 11:00,1320.652,895.675,341.458,998.257,65,0,0
2025-07-29 11:15,1320.652,895.734,341.458,998.264,236,0,0
2025-07-29 11:30,1320.652,895.779,341.458,998.393,182,0,0
2025-07-29 11:45,1320.652,895.801,341.458,998.455,89,0,0
2025-07-29 12:00,1320.652,895.829,341.458,998.536,111,0,0
2025-07-29 12:15,1320.652,895.857,341.458,998.614,112,0,0
2025-07-29 12:30,1320.652,895.888,341.458,998.787,123,0,0
2025-07-29 12:45,1320.652,895.927,341.458,998.938,158,0,0
2025-07-29 13:00,1320.652,896.008,341.458,999.175,323,0,0
2025-07-29 13:15,1320.652,896.042,341.458,999.353,135,0,0
2025-07-29 13:30,1320.652,896.085,341.458,999.412,173,0,0
2025-07-29 13:45,1320.652,896.085,341.458,999.583,0,0,0
2025-07-29 14:00,1320.652,896.105,341.458,999.646,81,0,0
2025-07-29 14:15,1320.652,896.16,341.458,999.877,218,0,0
2025-07-29 14:30,1320.652,896.198,341.458,999.939,152,0,0
2025-07-29 14:45,1320.652,896.198,341.458,1000.011,0,0,0
2025-07-29 15:00,1320.652,896.241,341.458,1000.11,174,0,0
2025-07-29 15:15,1320.652,896.31,341.458,1000.152,273,0,0
2025-07-29 15:30,1320.652,896.31,341.458,1000.224,0,0,0
2025-07-29 15:45,1320.652,896.37,341.458,1000.268,242,0,0
2025-07-29 16:00,1320.652,896.37,341.458,1000.337,0,0,0
2025-07-29 16:15,1320.652,896.419,341.458,1000.337,195,0,0
2025-07-29 16:30,1320.652,896.449,341.458,1000.342,119,0,0
2025-07-29 16:45,1320.652,896.449,341.458,1000.342,0,0,0
2025-07-29 17:00,1320.652,896.488,341.458,1000.342,156,0,0
2025-07-29 17:15,1320.652,896.541,341.458,1000.342,212,0,0
2025-07-29 17:30,1320.652,896.578,341.458,1000.342,149,0,0
2025-07-29 17:45,1320.652,896.62,341.458,1000.342,167,0,0
2025-07-29 18:00,1320.652,896.641,341.458,1000.342,87,0,0
2025-07-29 18:15,1320.652,896.641,341.458,1000.342,0,0,0
2025-07-29 18:30,1320.652,896.685,341.458,1000.342,175,0,0
2025-07-29 18:45,1320.652,896.75,341.458,1000.342,260,0,0
2025-07-29 19:00,1320.652,896.803,341.458,1000.342,210,0,0
2025-07-29 19:15,1320.652,896.883,341.458,1000.342,321,0,0
2025-07-29 19:30,1320.652,896.973,341.458,1000.342,359,0,0
2025-07-29 19:45,1320.652,897.076,341.458,1000.342,412,0,0
2025-07-29 20:00,1320.652,897.164,341.458,1000.342,353,0,0
2025-07-29 20:15,1320.652,897.285,341.458,1000.342,484,0,0
2025-07-29 20:30,1320.652,897.413,341.458,1000.342,511,0,0
2025-07-29 20:45,1320.652,897.504,341.458,1000.342,366,0,0
2025-07-29 21:00,1320.788,897.504,341.458,1000.342,542,0,0
2025-07-29 21:15,1320.92,897.504,341.458,1000.342,528,0,0
2025-07-29 21:30,1321.029,897.504,341.458,1000.342,436,0,0
2025-07-29 21:45,1321.145,897.504,341.458,1000.342,466,0,0
2025-07-29 22:00,1321.226,897.504,341.458,1000.342,324,0,0
2025-07-29 22:15,1321.34,897.504,341.458,1000.342,453,0,0
2025-07-29 22:30,1321.46,897.504,341.458,1000.342,481,0,0
2025-07-29 22:45,1321.583,897.504,341.458,1000.342,493,0,0
2025-07-29 23:00,1321.711,897.504,341.458,1000.342,510,0,0
2025-07-29 23:15,1321.836,897.504,341.458,1000.342,500,0,0
2025-07-29 23:30,1321.95,897.504,341.458,1000.342,459,0,0
2025-07-29 23:45,1322.076,897.504,341.458,1000.342,503,0,0
2025-07-30 00:00,1322.216,897.504,341.458,1000.342,560,0,0
2025-07-30 00:15,1322.334,897.504,341.458,1000.342,472,0,0
2025-07-30 00:30,1322.461,897.504,341.458,1000.342,505,0,0
2025-07-30 00:45,1322.577,897.504,341.458,1000.342,465,0,0
2025-07-30 01:00,1322.684,897.504,341.458,1000.342,428,0,0
2025-07-30 01:15,1322.814,897.504,341.458,1000.342,522,0,0
2025-07-30 01:30,1322.923,897.504,341.458,1000.342,436,0,0
2025-07-30 01:45,1323.051,897.504,341.458,1000.342,511,0,0
2025-07-30 02:00,1323.172,897.504,341.458,1000.342,482,0,0
2025-07-30 02:15,1323.285,897.504,341.458,1000.342,456,0,0
2025-07-30 02:30,1323.399,897.504,341.458,1000.342,454,0,0
2025-07-30 02:45,1323.509,897.504,341.458,1000.342,439,0,0
2025-07-30 03:00,1323.596,897.504,341.458,1000.342,348,0,0
2025-07-30 03:15,1323.723,897.504,341.458,1000.342,511,0,0
2025-07-30 03:30,1323.848,897.504,341.458,1000.342,499,0,0
2025-07-30 03:45,1323.985,897.504,341.458,1000.342,548,0,0
2025-07-30 04:00,1324.094,897.504,341.458,1000.342,437,0,0
2025-07-30 04:15,1324.252,897.504,341.458,1000.342,632,0,0
2025-07-30 04:30,1324.365,897.504,341.458,1000.342,450,0,0
2025-07-30 04:45,1324.467,897.504,341.458,1000.342,410,0,0
2025-07-30 05:00,1324.567,897.504,341.458,1000.342,401,0,0
2025-07-30 05:15,1324.653,897.504,341.458,1000.342,341,0,0
2025-07-30 05:30,1324.803,897.504,341.458,1000.342,603,0,0
2025-07-30 05:45,1324.951,897.504,341.458,1000.342,590,0,0
2025-07-30 06:00,1325.083,897.504,341.458,1000.342,528,0,0
2025-07-30 06:15,1325.185,897.504,341.458,1000.342,408,0,0
2025-07-30 06:30,1325.341,897.504,341.458,1000.342,625,0,0
2025-07-30 06:45,1325.454,897.504,341.458,1000.342,452,0,0
2025-07-30 07:00,1325.454,897.529,341.458,1000.342,98,0,0
2025-07-30 07:15,1325.454,897.588,341.458,1000.342,235,0,0
2025-07-30 07:30,1325.454,897.631,341.458,1000.342,173,0,0
2025-07-30 07:45,1325.454,897.705,341.458,1000.342,296,0,0
2025-07-30 08:00,1325.454,897.74,341.458,1000.342,140,0,0
2025-07-30 08:15,1325.454,897.762,341.458,1000.342,88,0,0
2025-07-30 08:30,1325.454,897.78,341.458,1000.342,71,0,0
2025-07-30 08:45,1325.454,897.78,341.458,1000.342,0,0,0
2025-07-30 09:00,1325.454,897.804,341.458,1000.342,98,0,0
2025-07-30 09:15,1325.454,897.857,341.458,1000.342,212,0,0
2025-07-30 09:30,1325.454,897.899,341.458,1000.342,168,0,0
2025-07-30 09:45,1325.454,897.929,341.458,1000.342,122,0,0
2025-07-30 10:00,1325.454,897.939,341.458,1000.342,40,0,0
2025-07-30 10:15,1325.454,897.974,341.458,1000.342,138,0,0
2025-07-30 10:30,1325.454,898.024,341.458,1000.368,201,0,0
2025-07-30 10:45,1325.454,898.063,341.458,1000.41,154,0,0
2025-07-30 11:00,1325.454,898.096,341.458,1000.413,133,0,0
2025-07-30 11:15,1325.454,898.11,341.458,1000.437,56,0,0
2025-07-30 11:30,1325.454,898.157,341.458,1000.487,189,0,0
2025-07-30 11:45,1325.454,898.157,341.458,1000.63,0,0,0
2025-07-30 12:00,1325.454,898.195,341.458,1000.808,151,0,0
2025-07-30 12:15,1325.454,898.277,341.458,1000.99,326,0,0
2025-07-30 12:30,1325.454,898.277,341.458,1001.086,0,0,0
2025-07-30 12:45,1325.454,898.302,341.458,1001.33,101,0,0
2025-07-30 13:00,1325.454,898.332,341.458,1001.388,119,0,0
2025-07-30 13:15,1325.454,898.352,341.458,1001.545,83,0,0
2025-07-30 13:30,1325.454,898.403,341.458,1001.692,203,0,0
2025-07-30 13:45,1325.454,898.442,341.458,1001.876,158,0,0
2025-07-30 14:00,1325.454,898.476,341.458,1002.058,132,0,0
2025-07-30 14:15,1325.454,898.521,341.458,1002.154,184,0,0
2025-07-30 14:30,1325.454,898.552,341.458,1002.236,121,0,0
2025-07-30 14:45,1325.454,898.645,341.458,1002.418,374,0,0
2025-07-30 15:00,1325.454,898.678,341.458,1002.453,132,0,0
2025-07-30 15:15,1325.454,898.712,341.458,1002.539,136,0,0
2025-07-30 15:30,1325.454,898.712,341.458,1002.567,0,0,0
2025-07-30 15:45,1325.454,898.731,341.458,1002.596,77,0,0
2025-07-30 16:00,1325.454,898.784,341.458,1002.607,212,0,0
2025-07-30 16:15,1325.454,898.788,341.458,1002.636,13,0,0
2025-07-30 16:30,1325.454,898.788,341.458,1002.636,0,0,0
2025-07-30 16:45,1325.454,898.818,341.458,1002.636,123,0,0
2025-07-30 17:00,1325.454,898.876,341.458,1002.636,230,0,0
2025-07-30 17:15,1325.454,898.907,341.458,1002.636,123,0,0
2025-07-30 17:30,1325.454,898.93,341.458,1002.636,93,0,0
2025-07-30 17:45,1325.454,898.93,341.458,1002.636,0,0,0
2025-07-30 18:00,1325.454,898.969,341.458,1002.636,156,0,0
2025-07-30 18:15,1325.454,899.012,341.458,1002.636,173,0,0
2025-07-30 18:30,1325.454,899.012,341.458,1002.636,0,0,0
2025-07-30 18:45,1325.454,899.065,341.458,1002.636,211,0,0
2025-07-30 19:00,1325.454,899.11,341.458,1002.636,181,0,0
2025-07-30 19:15,1325.454,899.253,341.458,1002.636,571,0,0
2025-07-30 19:30,1325.454,899.384,341.458,1002.636,527,0,0
2025-07-30 19:45,1325.454,899.518,341.458,1002.636,532,0,0
2025-07-30 20:00,1325.454,899.648,341.458,1002.636,522,0,0
2025-07-30 20:15,1325.454,899.785,341.458,1002.636,549,0,0
2025-07-30 20:30,1325.454,899.869,341.458,1002.636,334,0,0
2025-07-30 20:45,1325.454,899.959,341.458,1002.636,360,0,0
2025-07-30 21:00,1325.559,899.959,341.458,1002.636,421,0,0
2025-07-30 21:15,1325.677,899.959,341.458,1002.636,470,0,0
2025-07-30 21:30,1325.805,899.959,341.458,1002.636,511,0,0
2025-07-30 21:45,1325.931,899.959,341.458,1002.636,506,0,0
2025-07-30 22:00,1326.073,899.959,341.458,1002.636,569,0,0
2025-07-30 22:15,1326.216,899.959,341.458,1002.636,572,0,0
2025-07-30 22:30,1326.319,899.959,341.458,1002.636,410,0,0
2025-07-30 22:45,1326.444,899.959,341.458,1002.636,499,0,0
2025-07-30 23:00,1326.547,899.959,341.458,1002.636,412,0,0
2025-07-30 23:15,1326.663,899.959,341.458,1002.636,465,0,0
2025-07-30 23:30,1326.789,899.959,341.458,1002.636,506,0,0
2025-07-30 23:45,1326.841,899.959,341.458,1002.636,207,0,0
2025-07-31 00:00,1327.009,899.959,341.458,1002.636,673,0,0
2025-07-31 00:15,1327.141,899.959,341.458,1002.636,525,0,0
2025-07-31 00:30,1327.249,899.959,341.458,1002.636,432,0,0
2025-07-31 00:45,1327.407,899.959,341.458,1002.636,634,0,0
2025-07-31 01:00,1327.52,899.959,341.458,1002.636,452,0,0
2025-07-31 01:15,1327.643,899.959,341.458,1002.636,491,0,0
2025-07-31 01:30,1327.753,899.959,341.458,1002.636,441,0,0
2025-07-31 01:45,1327.906,899.959,341.458,1002.636,612,0,0
2025-07-31 02:00,1328.024,899.959,341.458,1002.636,472,0,0
2025-07-31 02:15,1328.147,899.959,341.458,1002.636,492,0,0
2025-07-31 02:30,1328.291,899.959,341.458,1002.636,576,0,0
2025-07-31 02:45,1328.423,899.959,341.458,1002.636,527,0,0
2025-07-31 03:00,1328.542,899.959,341.458,1002.636,476,0,0
2025-07-31 03:15,1328.684,899.959,341.458,1002.636,569,0,0
2025-07-31 03:30,1328.855,899.959,341.458,1002.636,683,0,0
2025-07-31 03:45,1328.981,899.959,341.458,1002.636,505,0,0
2025-07-31 04:00,1329.104,899.959,341.458,1002.636,489,0,0
2025-07-31 04:15,1329.227,899.959,341.458,1002.636,494,0,0
2025-07-31 04:30,1329.373,899.959,341.458,1002.636,585,0,0
2025-07-31 04:45,1329.481,899.959,341.458,1002.636,432,0,0
2025-07-31 05:00,1329.596,899.959,341.458,1002.636,458,0,0
2025-07-31 05:15,1329.685,899.959,341.458,1002.636,357,0,0
2025-07-31 05:30,1329.781,899.959,341.458,1002.636,385,0,0
2025-07-31 05:45,1329.891,899.959,341.458,1002.636,439,0,0
2025-07-31 06:00,1330.01,899.959,341.458,1002.636,476,0,0
2025-07-31 06:15,1330.165,899.959,341.458,1002.636,622,0,0
2025-07-31 06:30,1330.296,899.959,341.458,1002.636,523,0,0
2025-07-31 06:45,1330.398,899.959,341.458,1002.636,407,0,0
2025-07-31 07:00,1330.398,899.974,341.458,1002.636,62,0,0
2025-07-31 07:15,1330.398,900.032,341.458,1002.636,230,0,0
2025-07-31 07:30,1330.398,900.084,341.458,1002.636,210,0,0
2025-07-31 07:45,1330.398,900.115,341.458,1002.636,122,0,0
2025-07-31 08:00,1330.398,900.136,341.458,1002.636,85,0,0
2025-07-31 08:15,1330.398,900.189,341.458,1002.636,210,0,0
2025-07-31 08:30,1330.398,900.199,341.458,1002.636,41,0,0
2025-07-31 08:45,1330.398,900.237,341.458,1002.636,151,0,0
2025-07-31 09:00,1330.398,900.312,341.458,1002.636,302,0,0
2025-07-31 09:15,1330.398,900.346,341.458,1002.636,136,0,0
2025-07-31 09:30,1330.398,900.361,341.458,1002.636,58,0,0
2025-07-31 09:45,1330.398,900.399,341.458,1002.636,153,0,0
2025-07-31 10:00,1330.398,900.419,341.458,1002.636,82,0,0
2025-07-31 10:15,1330.398,900.422,341.458,1002.636,8,0,0
2025-07-31 10:30,1330.398,900.466,341.458,1002.636,176,0,0
2025-07-31 10:45,1330.398,900.518,341.458,1002.636,209,0,0
2025-07-31 11:00,1330.398,900.542,341.458,1002.641,95,0,0
2025-07-31 11:15,1330.398,900.564,341.458,1002.682,90,0,0
2025-07-31 11:30,1330.398,900.575,341.458,1002.717,43,0,0
2025-07-31 11:45,1330.398,900.602,341.458,1002.751,108,0,0
2025-07-31 12:00,1330.398,900.621,341.458,1002.873,75,0,0
2025-07-31 12:15,1330.398,900.63,341.458,1003.045,39,0,0
2025-07-31 12:30,1330.398,900.698,341.458,1003.226,271,0,0
2025-07-31 12:45,1330.398,900.738,341.458,1003.333,157,0,0
2025-07-31 13:00,1330.398,900.779,341.458,1003.585,166,0,0
2025-07-31 13:15,1330.398,900.827,341.458,1003.787,191,0,0
2025-07-31 13:30,1330.398,900.872,341.458,1003.992,182,0,0
2025-07-31 13:45,1330.398,900.894,341.458,1004.098,87,0,0
2025-07-31 14:00,1330.398,900.929,341.458,1004.206,142,0,0
2025-07-31 14:15,1330.398,900.954,341.458,1004.357,98,0,0
2025-07-31 14:30,1330.398,900.993,341.458,1004.445,155,0,0
2025-07-31 14:45,1330.398,901.03,341.458,1004.606,147,0,0
2025-07-31 15:00,1330.398,901.052,341.458,1004.68,89,0,0
2025-07-31 15:15,1330.398,901.055,341.458,1004.716,14,0,0
2025-07-31 15:30,1330.398,901.088,341.458,1004.739,132,0,0
2025-07-31 15:45,1330.398,901.114,341.458,1004.747,104,0,0
2025-07-31 16:00,1330.398,901.114,341.458,1004.772,0,0,0
2025-07-31 16:15,1330.398,901.154,341.458,1004.772,161,0,0
2025-07-31 16:30,1330.398,901.204,341.458,1004.775,197,0,0
2025-07-31 16:45,1330.398,901.284,341.458,1004.775,322,0,0
2025-07-31 17:00,1330.398,901.306,341.458,1004.775,89,0,0
2025-07-31 17:15,1330.398,901.326,341.458,1004.775,77,0,0
2025-07-31 17:30,1330.398,901.333,341.458,1004.775,31,0,0
2025-07-31 17:45,1330.398,901.368,341.458,1004.775,137,0,0
2025-07-31 18:00,1330.398,901.402,341.458,1004.775,136,0,0
2025-07-31 18:15,1330.398,901.415,341.458,1004.775,55,0,0
2025-07-31 18:30,1330.398,901.442,341.458,1004.775,106,0,0
2025-07-31 18:45,1330.398,901.442,341.458,1004.775,0,0,0
2025-07-31 19:00,1330.398,901.49,341.458,1004.775,194,0,0
2025-07-31 19:15,1330.398,901.595,341.458,1004.775,418,0,0
2025-07-31 19:30,1330.398,901.714,341.458,1004.775,477,0,0
2025-07-31 19:45,1330.398,901.806,341.458,1004.775,366,0,0
2025-07-31 20:00,1330.398,901.914,341.458,1004.775,433,0,0
2025-07-31 20:15,1330.398,902.029,341.458,1004.775,458,0,0
2025-07-31 20:30,1330.398,902.148,341.458,1004.775,479,0,0
2025-07-31 20:45,1330.398,902.278,341.458,1004.775,518,0,0
2025-07-31 21:00,1330.546,902.278,341.458,1004.775,595,0,0
2025-07-31 21:15,1330.681,902.278,341.458,1004.775,539,0,0
2025-07-31 21:30,1330.82,902.278,341.458,1004.775,557,0,0
2025-07-31 21:45,1330.969,902.278,341.458,1004.775,596,0,0
2025-07-31 22:00,1331.101,902.278,341.458,1004.775,526,0,0
2025-07-31 22:15,1331.22,902.278,341.458,1004.775,477,0,0
2025-07-31 22:30,1331.36,902.278,341.458,1004.775,561,0,0
2025-07-31 22:45,1331.502,902.278,341.458,1004.775,566,0,0
2025-07-31 23:00,1331.635,902.278,341.458,1004.775,532,0,0
2025-07-31 23:15,1331.725,902.278,341.458,1004.775,364,0,0
2025-07-31 23:30,1331.829,902.278,341.458,1004.775,413,0,0
2025-07-31 23:45,1331.943,902.278,341.458,1004.775,458,0,0
2025-08-01 00:00,1332.079,902.278,341.458,1004.775,542,0,0
2025-08-01 00:15,1332.198,902.278,341.458,1004.775,478,0,0
2025-08-01 00:30,1332.341,902.278,341.458,1004.775,571,0,0
2025-08-01 00:45,1332.487,902.278,341.458,1004.775,585,0,0
2025-08-01 01:00,1332.631,902.278,341.458,1004.775,576,0,0
2025-08-01 01:15,1332.775,902.278,341.458,1004.775,576,0,0
2025-08-01 01:30,1332.875,902.278,341.458,1004.775,397,0,0
2025-08-01 01:45,1333.004,902.278,341.458,1004.775,519,0,0
2025-08-01 02:00,1333.112,902.278,341.458,1004.775,431,0,0
2025-08-01 02:15,1333.199,902.278,341.458,1004.775,348,0,0
2025-08-01 02:30,1333.313,902.278,341.458,1004.775,457,0,0
2025-08-01 02:45,1333.46,902.278,341.458,1004.775,586,0,0
2025-08-01 03:00,1333.589,902.278,341.458,1004.775,517,0,0
2025-08-01 03:15,1333.75,902.278,341.458,1004.775,641,0,0
2025-08-01 03:30,1333.873,902.278,341.458,1004.775,494,0,0
2025-08-01 03:45,1334.042,902.278,341.458,1004.775,676,0,0
2025-08-01 04:00,1334.166,902.278,341.458,1004.775,494,0,0
2025-08-01 04:15,1334.286,902.278,341.458,1004.775,482,0,0
2025-08-01 04:30,1334.38,902.278,341.458,1004.775,378,0,0
2025-08-01 04:45,1334.523,902.278,341.458,1004.775,569,0,0
2025-08-01 05:00,1334.633,902.278,341.458,1004.775,440,0,0
2025-08-01 05:15,1334.74,902.278,341.458,1004.775,428,0,0
2025-08-01 05:30,1334.885,902.278,341.458,1004.775,582,0,0
2025-08-01 05:45,1335.028,902.278,341.458,1004.775,573,0,0
2025-08-01 06:00,1335.171,902.278,341.458,1004.775,571,0,0
2025-08-01 06:15,1335.284,902.278,341.458,1004.775,451,0,0
2025-08-01 06:30,1335.403,902.278,341.458,1004.775,476,0,0
2025-08-01 06:45,1335.522,902.278,341.458,1004.775,475,0,0
2025-08-01 07:00,1335.522,902.324,341.458,1004.775,183,0,0
2025-08-01 07:15,1335.522,902.385,341.458,1004.775,244,0,0
2025-08-01 07:30,1335.522,902.422,341.458,1004.775,149,0,0
2025-08-01 07:45,1335.522,902.492,341.458,1004.775,278,0,0
2025-08-01 08:00,1335.522,902.539,341.458,1004.775,192,0,0
2025-08-01 08:15,1335.522,902.565,341.458,1004.775,101,0,0
2025-08-01 08:30,1335.522,902.611,341.458,1004.775,186,0,0
2025-08-01 08:45,1335.522,902.675,341.458,1004.775,256,0,0
2025-08-01 09:00,1335.522,902.745,341.458,1004.775,280,0,0
2025-08-01 09:15,1335.522,902.799,341.458,1004.775,215,0,0
2025-08-01 09:30,1335.522,902.83,341.458,1004.775,122,0,0
2025-08-01 09:45,1335.522,902.855,341.458,1004.775,103,0,0
2025-08-01 10:00,1335.522,902.897,341.458,1004.775,166,0,0
2025-08-01 10:15,1335.522,902.96,341.458,1004.775,254,0,0
2025-08-01 10:30,1335.522,902.999,341.458,1004.78,155,0,0
2025-08-01 10:45,1335.522,903.038,341.458,1004.823,156,0,0
2025-08-01 11:00,1335.522,903.069,341.458,1004.866,124,0,0
2025-08-01 11:15,1335.522,903.093,341.458,1004.88,94,0,0
2025-08-01 11:30,1335.522,903.119,341.458,1004.984,107,0,0
2025-08-01 11:45,1335.522,903.152,341.458,1005.062,131,0,0
2025-08-01 12:00,1335.522,903.216,341.458,1005.087,257,0,0
2025-08-01 12:15,1335.522,903.242,341.458,1005.21,101,0,0
2025-08-01 12:30,1335.522,903.273,341.458,1005.417,124,0,0
2025-08-01 12:45,1335.522,903.285,341.458,1005.558,51,0,0
2025-08-01 13:00,1335.522,903.33,341.458,1005.787,177,0,0
2025-08-01 13:15,1335.522,903.387,341.458,1006.012,229,0,0
2025-08-01 13:30,1335.522,903.45,341.458,1006.179,250,0,0
2025-08-01 13:45,1335.522,903.484,341.458,1006.312,136,0,0
2025-08-01 14:00,1335.522,903.525,341.458,1006.533,166,0,0
2025-08-01 14:15,1335.522,903.552,341.458,1006.661,108,0,0
2025-08-01 14:30,1335.522,903.593,341.458,1006.735,162,0,0
2025-08-01 14:45,1335.522,903.629,341.458,1006.827,145,0,0
2025-08-01 15:00,1335.522,903.66,341.458,1006.996,125,0,0
2025-08-01 15:15,1335.522,903.693,341.458,1007.051,131,0,0
2025-08-01 15:30,1335.522,903.732,341.458,1007.085,156,0,0
2025-08-01 15:45,1335.522,903.756,341.458,1007.094,96,0,0
2025-08-01 16:00,1335.522,903.781,341.458,1007.094,101,0,0
2025-08-01 16:15,1335.522,903.845,341.458,1007.141,257,0,0
2025-08-01 16:30,1335.522,903.929,341.458,1007.144,337,0,0
2025-08-01 16:45,1335.522,903.935,341.458,1007.144,24,0,0
2025-08-01 17:00,1335.522,903.94,341.458,1007.144,19,0,0
2025-08-01 17:15,1335.522,903.951,341.458,1007.144,43,0,0
2025-08-01 17:30,1335.522,903.979,341.458,1007.144,112,0,0
2025-08-01 17:45,1335.522,904.027,341.458,1007.144,192,0,0
2025-08-01 18:00,1335.522,904.069,341.458,1007.144,167,0,0
2025-08-01 18:15,1335.522,904.102,341.458,1007.144,134,0,0
2025-08-01 18:30,1335.522,904.143,341.458,1007.144,162,0,0
2025-08-01 18:45,1335.522,904.159,341.458,1007.144,65,0,0
2025-08-01 19:00,1335.522,904.184,341.458,1007.144,100,0,0
2025-08-01 19:15,1335.522,904.304,341.458,1007.144,478,0,0
2025-08-01 19:30,1335.522,904.392,341.458,1007.144,353,0,0
2025-08-01 19:45,1335.522,904.489,341.458,1007.144,387,0,0
2025-08-01 20:00,1335.522,904.586,341.458,1007.144,390,0,0
2025-08-01 20:15,1335.522,904.722,341.458,1007.144,541,0,0
2025-08-01 20:30,1335.522,904.846,341.458,1007.144,500,0,0
2025-08-01 20:45,1335.522,904.979,341.458,1007.144,529,0,0
2025-08-01 21:00,1335.605,904.979,341.458,1007.144,333,0,0
2025-08-01 21:15,1335.695,904.979,341.458,1007.144,361,0,0
2025-08-01 21:30,1335.828,904.979,341.458,1007.144,533,0,0
2025-08-01 21:45,1335.893,904.979,341.458,1007.144,258,0,0
2025-08-01 22:00,1336.037,904.979,341.458,1007.144,578,0,0
2025-08-01 22:15,1336.121,904.979,341.458,1007.144,334,0,0
2025-08-01 22:30,1336.258,904.979,341.458,1007.144,547,0,0
2025-08-01 22:45,1336.36,904.979,341.458,1007.144,409,0,0
2025-08-01 23:00,1336.501,904.979,341.458,1007.144,564,0,0
2025-08-01 23:15,1336.685,904.979,341.458,1007.144,737,0,0
2025-08-01 23:30,1336.76,904.979,341.458,1007.144,298,0,0
2025-08-01 23:45,1336.894,904.979,341.458,1007.144,536,0,0
2025-08-02 00:00,1336.977,904.979,341.458,1007.144,335,0,0
2025-08-02 00:15,1337.106,904.979,341.458,1007.144,514,0,0
2025-08-02 00:30,1337.222,904.979,341.458,1007.144,463,0,0
2025-08-02 00:45,1337.344,904.979,341.458,1007.144,490,0,0
2025-08-02 01:00,1337.446,904.979,341.458,1007.144,407,0,0
2025-08-02 01:15,1337.582,904.979,341.458,1007.144,542,0,0
2025-08-02 01:30,1337.673,904.979,341.458,1007.144,364,0,0
2025-08-02 01:45,1337.818,904.979,341.458,1007.144,579,0,0
2025-08-02 02:00,1337.929,904.979,341.458,1007.144,447,0,0
2025-08-02 02:15,1338.021,904.979,341.458,1007.144,368,0,0
2025-08-02 02:30,1338.173,904.979,341.458,1007.144,608,0,0
2025-08-02 02:45,1338.292,904.979,341.458,1007.144,475,0,0
2025-08-02 03:00,1338.45,904.979,341.458,1007.144,633,0,0
2025-08-02 03:15,1338.595,904.979,341.458,1007.144,578,0,0
2025-08-02 03:30,1338.699,904.979,341.458,1007.144,416,0,0
2025-08-02 03:45,1338.817,904.979,341.458,1007.144,473,0,0
2025-08-02 04:00,1338.939,904.979,341.458,1007.144,490,0,0
2025-08-02 04:15,1339.09,904.979,341.458,1007.144,602,0,0
2025-08-02 04:30,1339.219,904.979,341.458,1007.144,515,0,0
2025-08-02 04:45,1339.342,904.979,341.458,1007.144,494,0,0
2025-08-02 05:00,1339.458,904.979,341.458,1007.144,464,0,0
2025-08-02 05:15,1339.577,904.979,341.458,1007.144,476,0,0
2025-08-02 05:30,1339.723,904.979,341.458,1007.144,584,0,0
2025-08-02 05:45,1339.843,904.979,341.458,1007.144,480,0,0
2025-08-02 06:00,1339.955,904.979,341.458,1007.144,448,0,0
2025-08-02 06:15,1340.064,904.979,341.458,1007.144,435,0,0
2025-08-02 06:30,1340.173,904.979,341.458,1007.144,436,0,0
2025-08-02 06:45,1340.265,904.979,341.458,1007.144,368,0,0
2025-08-02 07:00,1340.28,904.979,341.458,1007.144,60,0,0
2025-08-02 07:15,1340.34,904.979,341.458,1007.144,240,0,0
2025-08-02 07:30,1340.366,904.979,341.458,1007.144,103,0,0
2025-08-02 07:45,1340.41,904.979,341.458,1007.144,176,0,0
2025-08-02 08:00,1340.41,904.979,341.458,1007.144,0,0,0
2025-08-02 08:15,1340.451,904.979,341.458,1007.144,165,0,0
2025-08-02 08:30,1340.478,904.979,341.458,1007.144,107,0,0
2025-08-02 08:45,1340.498,904.979,341.458,1007.144,81,0,0
2025-08-02 09:00,1340.532,904.979,341.458,1007.144,134,0,0
2025-08-02 09:15,1340.552,904.979,341.458,1007.144,80,0,0
2025-08-02 09:30,1340.552,904.979,341.458,1007.144,0,0,0
2025-08-02 09:45,1340.601,904.979,341.458,1007.144,194,0,0
2025-08-02 10:00,1340.635,904.979,341.458,1007.144,139,0,0
2025-08-02 10:15,1340.659,904.979,341.458,1007.144,95,0,0
2025-08-02 10:30,1340.67,904.979,341.479,1007.144,43,0,0
2025-08-02 10:45,1340.67,904.979,341.479,1007.144,2,0,0
2025-08-02 11:00,1340.705,904.979,341.5,1007.144,138,0,0
2025-08-02 11:15,1340.767,904.979,341.58,1007.144,249,0,0
2025-08-02 11:30,1340.801,904.979,341.635,1007.144,136,0,0
2025-08-02 11:45,1340.804,904.979,341.769,1007.144,9,0,0
2025-08-02 12:00,1340.838,904.979,341.808,1007.144,138,0,0
2025-08-02 12:15,1340.867,904.979,341.935,1007.144,116,0,0
2025-08-02 12:30,1340.914,904.979,342.095,1007.144,189,0,0
2025-08-02 12:45,1340.956,904.979,342.339,1007.144,169,0,0
2025-08-02 13:00,1340.956,904.979,342.412,1007.144,0,0,0
2025-08-02 13:15,1340.997,904.979,342.548,1007.144,164,0,0
2025-08-02 13:30,1341.007,904.979,342.765,1007.144,40,0,0
2025-08-02 13:45,1341.009,904.979,343.056,1007.144,6,0,0
2025-08-02 14:00,1341.035,904.979,343.306,1007.144,105,0,0
2025-08-02 14:15,1341.073,904.979,343.541,1007.144,153,0,0
2025-08-02 14:30,1341.073,904.979,343.687,1007.144,0,0,0
2025-08-02 14:45,1341.117,904.979,343.824,1007.144,176,0,0
2025-08-02 15:00,1341.163,904.979,343.991,1007.144,181,0,0
2025-08-02 15:15,1341.194,904.979,344.132,1007.144,124,0,0
2025-08-02 15:30,1341.206,904.979,344.237,1007.144,51,0,0
2025-08-02 15:45,1341.217,904.979,344.318,1007.144,42,0,0
2025-08-02 16:00,1341.267,904.979,344.381,1007.144,202,0,0
2025-08-02 16:15,1341.267,904.979,344.381,1007.144,0,0,0
2025-08-02 16:30,1341.318,904.979,344.381,1007.144,205,0,0
2025-08-02 16:45,1341.345,904.979,344.39,1007.144,107,0,0
2025-08-02 17:00,1341.373,904.979,344.39,1007.144,112,0,0
2025-08-02 17:15,1341.373,904.979,344.39,1007.144,0,0,0
2025-08-02 17:30,1341.4,904.979,344.39,1007.144,108,0,0
2025-08-02 17:45,1341.443,904.979,344.39,1007.144,169,0,0
2025-08-02 18:00,1341.446,904.979,344.39,1007.144,13,0,0
2025-08-02 18:15,1341.486,904.979,344.39,1007.144,160,0,0
2025-08-02 18:30,1341.518,904.979,344.39,1007.144,127,0,0
2025-08-02 18:45,1341.535,904.979,344.39,1007.144,68,0,0
2025-08-02 19:00,1341.582,904.979,344.39,1007.144,188,0,0
2025-08-02 19:15,1341.658,904.979,344.39,1007.144,304,0,0
2025-08-02 19:30,1341.785,904.979,344.39,1007.144,508,0,0
2025-08-02 19:45,1341.937,904.979,344.39,1007.144,610,0,0
2025-08-02 20:00,1342.086,904.979,344.39,1007.144,595,0,0
2025-08-02 20:15,1342.214,904.979,344.39,1007.144,511,0,0
2025-08-02 20:30,1342.328,904.979,344.39,1007.144,456,0,0
2025-08-02 20:45,1342.435,904.979,344.39,1007.144,429,0,0
2025-08-02 21:00,1342.549,904.979,344.39,1007.144,456,0,0
2025-08-02 21:15,1342.68,904.979,344.39,1007.144,524,0,0
2025-08-02 21:30,1342.784,904.979,344.39,1007.144,415,0,0
2025-08-02 21:45,1342.919,904.979,344.39,1007.144,541,0,0
2025-08-02 22:00,1343.081,904.979,344.39,1007.144,651,0,0
2025-08-02 22:15,1343.2,904.979,344.39,1007.144,475,0,0
2025-08-02 22:30,1343.293,904.979,344.39,1007.144,372,0,0
2025-08-02 22:45,1343.386,904.979,344.39,1007.144,372,0,0
2025-08-02 23:00,1343.522,904.979,344.39,1007.144,542,0,0
2025-08-02 23:15,1343.641,904.979,344.39,1007.144,475,0,0
2025-08-02 23:30,1343.778,904.979,344.39,1007.144,550,0,0
2025-08-02 23:45,1343.888,904.979,344.39,1007.144,437,0,0
2025-08-03 00:00,1344.024,904.979,344.39,1007.144,546,0,0
2025-08-03 00:15,1344.141,904.979,344.39,1007.144,467,0,0
2025-08-03 00:30,1344.246,904.979,344.39,1007.144,421,0,0
2025-08-03 00:45,1344.358,904.979,344.39,1007.144,448,0,0
2025-08-03 01:00,1344.454,904.979,344.39,1007.144,384,0,0
2025-08-03 01:15,1344.614,904.979,344.39,1007.144,639,0,0
2025-08-03 01:30,1344.732,904.979,344.39,1007.144,472,0,0
2025-08-03 01:45,1344.865,904.979,344.39,1007.144,532,0,0
2025-08-03 02:00,1344.974,904.979,344.39,1007.144,437,0,0
2025-08-03 02:15,1345.073,904.979,344.39,1007.144,396,0,0
2025-08-03 02:30,1345.189,904.979,344.39,1007.144,461,0,0
2025-08-03 02:45,1345.331,904.979,344.39,1007.144,568,0,0
2025-08-03 03:00,1345.44,904.979,344.39,1007.144,438,0,0
2025-08-03 03:15,1345.543,904.979,344.39,1007.144,410,0,0
2025-08-03 03:30,1345.666,904.979,344.39,1007.144,492,0,0
2025-08-03 03:45,1345.796,904.979,344.39,1007.144,520,0,0
2025-08-03 04:00,1345.949,904.979,344.39,1007.144,611,0,0
2025-08-03 04:15,1346.076,904.979,344.39,1007.144,508,0,0
2025-08-03 04:30,1346.209,904.979,344.39,1007.144,532,0,0
2025-08-03 04:45,1346.343,904.979,344.39,1007.144,538,0,0
2025-08-03 05:00,1346.44,904.979,344.39,1007.144,388,0,0
2025-08-03 05:15,1346.541,904.979,344.39,1007.144,403,0,0
2025-08-03 05:30,1346.639,904.979,344.39,1007.144,393,0,0
2025-08-03 05:45,1346.733,904.979,344.39,1007.144,373,0,0
2025-08-03 06:00,1346.868,904.979,344.39,1007.144,544,0,0
2025-08-03 06:15,1346.994,904.979,344.39,1007.144,503,0,0
2025-08-03 06:30,1347.116,904.979,344.39,1007.144,486,0,0
2025-08-03 06:45,1347.184,904.979,344.39,1007.144,273,0,0
2025-08-03 07:00,1347.255,904.979,344.39,1007.144,284,0,0
2025-08-03 07:15,1347.267,904.979,344.39,1007.144,48,0,0
2025-08-03 07:30,1347.338,904.979,344.39,1007.144,284,0,0
2025-08-03 07:45,1347.339,904.979,344.39,1007.144,4,0,0
2025-08-03 08:00,1347.353,904.979,344.39,1007.144,55,0,0
2025-08-03 08:15,1347.353,904.979,344.39,1007.144,0,0,0
2025-08-03 08:30,1347.39,904.979,344.39,1007.144,149,0,0
2025-08-03 08:45,1347.398,904.979,344.39,1007.144,32,0,0
2025-08-03 09:00,1347.407,904.979,344.39,1007.144,34,0,0
2025-08-03 09:15,1347.409,904.979,344.39,1007.144,10,0,0
2025-08-03 09:30,1347.455,904.979,344.39,1007.144,182,0,0
2025-08-03 09:45,1347.499,904.979,344.39,1007.144,177,0,0
2025-08-03 10:00,1347.565,904.979,344.39,1007.144,265,0,0
2025-08-03 10:15,1347.582,904.979,344.39,1007.144,65,0,0
2025-08-03 10:30,1347.616,904.979,344.407,1007.144,138,0,0
2025-08-03 10:45,1347.62,904.979,344.422,1007.144,17,0,0
2025-08-03 11:00,1347.643,904.979,344.457,1007.144,93,0,0
2025-08-03 11:15,1347.663,904.979,344.512,1007.144,78,0,0
2025-08-03 11:30,1347.702,904.979,344.523,1007.144,157,0,0
2025-08-03 11:45,1347.753,904.979,344.573,1007.144,201,0,0
2025-08-03 12:00,1347.803,904.979,344.722,1007.144,199,0,0
2025-08-03 12:15,1347.816,904.979,344.831,1007.144,53,0,0
2025-08-03 12:30,1347.866,904.979,344.986,1007.144,200,0,0
2025-08-03 12:45,1347.895,904.979,345.242,1007.144,116,0,0
2025-08-03 13:00,1347.918,904.979,345.304,1007.144,94,0,0
2025-08-03 13:15,1347.934,904.979,345.467,1007.144,63,0,0
2025-08-03 13:30,1347.953,904.979,345.61,1007.144,75,0,0
2025-08-03 13:45,1348.018,904.979,345.69,1007.144,259,0,0
2025-08-03 14:00,1348.054,904.979,345.964,1007.144,145,0,0
2025-08-03 14:15,1348.087,904.979,346.224,1007.144,134,0,0
2025-08-03 14:30,1348.112,904.979,346.328,1007.144,99,0,0
2025-08-03 14:45,1348.191,904.979,346.538,1007.144,316,0,0
2025-08-03 15:00,1348.247,904.979,346.566,1007.144,224,0,0
2025-08-03 15:15,1348.263,904.979,346.723,1007.144,62,0,0
2025-08-03 15:30,1348.287,904.979,346.832,1007.144,98,0,0
2025-08-03 15:45,1348.313,904.979,346.85,1007.144,103,0,0
2025-08-03 16:00,1348.346,904.979,346.889,1007.144,132,0,0
2025-08-03 16:15,1348.362,904.979,346.924,1007.144,64,0,0
2025-08-03 16:30,1348.401,904.979,346.924,1007.144,155,0,0
2025-08-03 16:45,1348.46,904.979,346.924,1007.144,236,0,0
2025-08-03 17:00,1348.463,904.979,346.924,1007.144,15,0,0
2025-08-03 17:15,1348.471,904.979,346.924,1007.144,30,0,0
2025-08-03 17:30,1348.491,904.979,346.924,1007.144,81,0,0
2025-08-03 17:45,1348.512,904.979,346.924,1007.144,85,0,0
2025-08-03 18:00,1348.582,904.979,346.924,1007.144,280,0,0
2025-08-03 18:15,1348.632,904.979,346.924,1007.144,200,0,0
2025-08-03 18:30,1348.681,904.979,346.924,1007.144,196,0,0
2025-08-03 18:45,1348.706,904.979,346.924,1007.144,99,0,0
2025-08-03 19:00,1348.73,904.979,346.924,1007.144,97,0,0
2025-08-03 19:15,1348.821,904.979,346.924,1007.144,364,0,0
2025-08-03 19:30,1348.957,904.979,346.924,1007.144,543,0,0
2025-08-03 19:45,1349.087,904.979,346.924,1007.144,519,0,0
2025-08-03 20:00,1349.233,904.979,346.924,1007.144,583,0,0
2025-08-03 20:15,1349.348,904.979,346.924,1007.144,463,0,0
2025-08-03 20:30,1349.465,904.979,346.924,1007.144,469,0,0
2025-08-03 20:45,1349.589,904.979,346.924,1007.144,494,0,0
2025-08-03 21:00,1349.727,904.979,346.924,1007.144,551,0,0
2025-08-03 21:15,1349.817,904.979,346.924,1007.144,362,0,0
2025-08-03 21:30,1349.952,904.979,346.924,1007.144,539,0,0
2025-08-03 21:45,1350.072,904.979,346.924,1007.144,478,0,0
2025-08-03 22:00,1350.17,904.979,346.924,1007.144,395,0,0
2025-08-03 22:15,1350.249,904.979,346.924,1007.144,313,0,0
2025-08-03 22:30,1350.366,904.979,346.924,1007.144,469,0,0
2025-08-03 22:45,1350.515,904.979,346.924,1007.144,596,0,0
2025-08-03 23:00,1350.668,904.979,346.924,1007.144,614,0,0
2025-08-03 23:15,1350.796,904.979,346.924,1007.144,508,0,0
2025-08-03 23:30,1350.955,904.979,346.924,1007.144,637,0,0
2025-08-03 23:45,1351.074,904.979,346.924,1007.144,477,0,0
2025-08-04 00:00,1351.213,904.979,346.924,1007.144,556,0,0
2025-08-04 00:15,1351.324,904.979,346.924,1007.144,444,0,0
2025-08-04 00:30,1351.434,904.979,346.924,1007.144,439,0,0
2025-08-04 00:45,1351.54,904.979,346.924,1007.144,426,0,0
2025-08-04 01:00,1351.619,904.979,346.924,1007.144,315,0,0
2025-08-04 01:15,1351.765,904.979,346.924,1007.144,583,0,0
2025-08-04 01:30,1351.872,904.979,346.924,1007.144,429,0,0
2025-08-04 01:45,1351.976,904.979,346.924,1007.144,416,0,0
2025-08-04 02:00,1352.072,904.979,346.924,1007.144,386,0,0
2025-08-04 02:15,1352.188,904.979,346.924,1007.144,464,0,0
2025-08-04 02:30,1352.343,904.979,346.924,1007.144,621,0,0
2025-08-04 02:45,1352.505,904.979,346.924,1007.144,648,0,0
2025-08-04 03:00,1352.592,904.979,346.924,1007.144,347,0,0
2025-08-04 03:15,1352.705,904.979,346.924,1007.144,452,0,0
2025-08-04 03:30,1352.804,904.979,346.924,1007.144,397,0,0
2025-08-04 03:45,1352.944,904.979,346.924,1007.144,559,0,0
2025-08-04 04:00,1353.07,904.979,346.924,1007.144,503,0,0
2025-08-04 04:15,1353.177,904.979,346.924,1007.144,429,0,0
2025-08-04 04:30,1353.298,904.979,346.924,1007.144,486,0,0
2025-08-04 04:45,1353.409,904.979,346.924,1007.144,442,0,0
2025-08-04 05:00,1353.561,904.979,346.924,1007.144,609,0,0
2025-08-04 05:15,1353.692,904.979,346.924,1007.144,524,0,0
2025-08-04 05:30,1353.826,904.979,346.924,1007.144,534,0,0
2025-08-04 05:45,1353.892,904.979,346.924,1007.144,267,0,0
2025-08-04 06:00,1354.011,904.979,346.924,1007.144,475,0,0
2025-08-04 06:15,1354.173,904.979,346.924,1007.144,647,0,0
2025-08-04 06:30,1354.319,904.979,346.924,1007.144,586,0,0
2025-08-04 06:45,1354.402,904.979,346.924,1007.144,332,0,0
2025-08-04 07:00,1354.402,905.002,346.924,1007.144,95,0,0
2025-08-04 07:15,1354.402,905.008,346.924,1007.144,24,0,0
2025-08-04 07:30,1354.402,905.073,346.924,1007.144,257,0,0
2025-08-04 07:45,1354.402,905.107,346.924,1007.144,140,0,0
2025-08-04 08:00,1354.402,905.122,346.924,1007.144,59,0,0
2025-08-04 08:15,1354.402,905.153,346.924,1007.144,123,0,0
2025-08-04 08:30,1354.402,905.153,346.924,1007.144,0,0,0
2025-08-04 08:45,1354.402,905.161,346.924,1007.144,33,0,0
2025-08-04 09:00,1354.402,905.192,346.924,1007.144,123,0,0
2025-08-04 09:15,1354.402,905.239,346.924,1007.144,188,0,0
2025-08-04 09:30,1354.402,905.239,346.924,1007.144,0,0,0
2025-08-04 09:45,1354.402,905.261,346.924,1007.144,90,0,0
2025-08-04 10:00,1354.402,905.311,346.924,1007.144,201,0,0
2025-08-04 10:15,1354.402,905.312,346.924,1007.144,4,0,0
2025-08-04 10:30,1354.402,905.347,346.924,1007.144,138,0,0
2025-08-04 10:45,1354.402,905.378,346.924,1007.178,125,0,0
2025-08-04 11:00,1354.402,905.442,346.924,1007.221,257,0,0
2025-08-04 11:15,1354.402,905.468,346.924,1007.31,102,0,0
2025-08-04 11:30,1354.402,905.494,346.924,1007.346,106,0,0
2025-08-04 11:45,1354.402,905.542,346.924,1007.434,188,0,0
2025-08-04 12:00,1354.402,905.545,346.924,1007.462,14,0,0
2025-08-04 12:15,1354.402,905.571,346.924,1007.666,102,0,0
2025-08-04 12:30,1354.402,905.591,346.924,1007.845,84,0,0
2025-08-04 12:45,1354.402,905.619,346.924,1008.029,109,0,0
2025-08-04 13:00,1354.402,905.666,346.924,1008.252,188,0,0
2025-08-04 13:15,1354.402,905.707,346.924,1008.375,164,0,0
2025-08-04 13:30,1354.402,905.722,346.924,1008.578,60,0,0
2025-08-04 13:45,1354.402,905.755,346.924,1008.826,131,0,0
2025-08-04 14:00,1354.402,905.814,346.924,1008.898,239,0,0
2025-08-04 14:15,1354.402,905.828,346.924,1009.157,53,0,0
2025-08-04 14:30,1354.402,905.861,346.924,1009.381,132,0,0
2025-08-04 14:45,1354.402,905.887,346.924,1009.594,105,0,0
2025-08-04 15:00,1354.402,905.915,346.924,1009.752,115,0,0
2025-08-04 15:15,1354.402,905.915,346.924,1009.809,0,0,0
2025-08-04 15:30,1354.402,905.974,346.924,1009.886,233,0,0
2025-08-04 15:45,1354.402,905.988,346.924,1009.893,58,0,0
2025-08-04 16:00,1354.402,906.039,346.924,1009.946,202,0,0
2025-08-04 16:15,1354.402,906.056,346.924,1009.946,70,0,0
2025-08-04 16:30,1354.402,906.074,346.924,1009.967,70,0,0
2025-08-04 16:45,1354.402,906.128,346.924,1009.967,217,0,0
2025-08-04 17:00,1354.402,906.178,346.924,1009.967,200,0,0
2025-08-04 17:15,1354.402,906.212,346.924,1009.967,137,0,0
2025-08-04 17:30,1354.402,906.257,346.924,1009.967,181,0,0
2025-08-04 17:45,1354.402,906.282,346.924,1009.967,97,0,0
2025-08-04 18:00,1354.402,906.311,346.924,1009.967,119,0,0
2025-08-04 18:15,1354.402,906.328,346.924,1009.967,67,0,0
2025-08-04 18:30,1354.402,906.376,346.924,1009.967,192,0,0
2025-08-04 18:45,1354.402,906.392,346.924,1009.967,65,0,0
2025-08-04 19:00,1354.402,906.452,346.924,1009.967,239,0,0
2025-08-04 19:15,1354.402,906.566,346.924,1009.967,455,0,0
2025-08-04 19:30,1354.402,906.686,346.924,1009.967,482,0,0
2025-08-04 19:45,1354.402,906.821,346.924,1009.967,541,0,0
2025-08-04 20:00,1354.402,906.942,346.924,1009.967,482,0,0
2025-08-04 20:15,1354.402,907.056,346.924,1009.967,456,0,0
2025-08-04 20:30,1354.402,907.175,346.924,1009.967,478,0,0
2025-08-04 20:45,1354.402,907.313,346.924,1009.967,552,0,0
2025-08-04 21:00,1354.509,907.313,346.924,1009.967,427,0,0
2025-08-04 21:15,1354.626,907.313,346.924,1009.967,470,0,0
2025-08-04 21:30,1354.747,907.313,346.924,1009.967,481,0,0
2025-08-04 21:45,1354.884,907.313,346.924,1009.967,549,0,0
2025-08-04 22:00,1355.002,907.313,346.924,1009.967,472,0,0
2025-08-04 22:15,1355.158,907.313,346.924,1009.967,625,0,0
2025-08-04 22:30,1355.275,907.313,346.924,1009.967,467,0,0
2025-08-04 22:45,1355.39,907.313,346.924,1009.967,461,0,0
2025-08-04 23:00,1355.507,907.313,346.924,1009.967,466,0,0
2025-08-04 23:15,1355.6,907.313,346.924,1009.967,375,0,0
2025-08-04 23:30,1355.7,907.313,346.924,1009.967,397,0,0
2025-08-04 23:45,1355.809,907.313,346.924,1009.967,438,0,0
2025-08-05 00:00,1355.952,907.313,346.924,1009.967,571,0,0
2025-08-05 00:15,1356.071,907.313,346.924,1009.967,477,0,0
2025-08-05 00:30,1356.181,907.313,346.924,1009.967,441,0,0
2025-08-05 00:45,1356.326,907.313,346.924,1009.967,578,0,0
2025-08-05 01:00,1356.477,907.313,346.924,1009.967,604,0,0
2025-08-05 01:15,1356.622,907.313,346.924,1009.967,580,0,0
2025-08-05 01:30,1356.725,907.313,346.924,1009.967,412,0,0
2025-08-05 01:45,1356.835,907.313,346.924,1009.967,440,0,0
2025-08-05 02:00,1356.991,907.313,346.924,1009.967,625,0,0
2025-08-05 02:15,1357.116,907.313,346.924,1009.967,499,0,0
2025-08-05 02:30,1357.231,907.313,346.924,1009.967,459,0,0
2025-08-05 02:45,1357.365,907.313,346.924,1009.967,537,0,0
2025-08-05 03:00,1357.505,907.313,346.924,1009.967,561,0,0
2025-08-05 03:15,1357.614,907.313,346.924,1009.967,434,0,0
2025-08-05 03:30,1357.738,907.313,346.924,1009.967,498,0,0
2025-08-05 03:45,1357.877,907.313,346.924,1009.967,554,0,0
2025-08-05 04:00,1357.974,907.313,346.924,1009.967,387,0,0
2025-08-05 04:15,1358.094,907.313,346.924,1009.967,481,0,0
2025-08-05 04:30,1358.192,907.313,346.924,1009.967,391,0,0
2025-08-05 04:45,1358.292,907.313,346.924,1009.967,401,0,0
2025-08-05 05:00,1358.401,907.313,346.924,1009.967,435,0,0
2025-08-05 05:15,1358.53,907.313,346.924,1009.967,518,0,0
2025-08-05 05:30,1358.644,907.313,346.924,1009.967,454,0,0
2025-08-05 05:45,1358.751,907.313,346.924,1009.967,428,0,0
2025-08-05 06:00,1358.872,907.313,346.924,1009.967,484,0,0
2025-08-05 06:15,1358.969,907.313,346.924,1009.967,388,0,0
2025-08-05 06:30,1359.097,907.313,346.924,1009.967,514,0,0
2025-08-05 06:45,1359.24,907.313,346.924,1009.967,571,0,0
2025-08-05 07:00,1359.24,907.342,346.924,1009.967,114,0,0
2025-08-05 07:15,1359.24,907.367,346.924,1009.967,104,0,0
2025-08-05 07:30,1359.24,907.405,346.924,1009.967,150,0,0
2025-08-05 07:45,1359.24,907.405,346.924,1009.967,0,0,0
2025-08-05 08:00,1359.24,907.446,346.924,1009.967,163,0,0
2025-08-05 08:15,1359.24,907.538,346.924,1009.967,368,0,0
2025-08-05 08:30,1359.24,907.565,346.924,1009.967,110,0,0
2025-08-05 08:45,1359.24,907.593,346.924,1009.967,110,0,0
2025-08-05 09:00,1359.24,907.638,346.924,1009.967,179,0,0
2025-08-05 09:15,1359.24,907.701,346.924,1009.967,252,0,0
2025-08-05 09:30,1359.24,907.75,346.924,1009.967,198,0,0
2025-08-05 09:45,1359.24,907.75,346.924,1009.967,0,0,0
2025-08-05 10:00,1359.24,907.791,346.924,1009.967,165,0,0
2025-08-05 10:15,1359.24,907.873,346.924,1009.967,326,0,0
2025-08-05 10:30,1359.24,907.915,346.924,1009.991,170,0,0
2025-08-05 10:45,1359.24,907.922,346.924,1009.992,28,0,0
2025-08-05 11:00,1359.24,907.958,346.924,1010.003,143,0,0
2025-08-05 11:15,1359.24,907.962,346.924,1010.009,18,0,0
2025-08-05 11:30,1359.24,908.017,346.924,1010.085,219,0,0
2025-08-05 11:45,1359.24,908.028,346.924,1010.138,44,0,0
2025-08-05 12:00,1359.24,908.059,346.924,1010.302,126,0,0
2025-08-05 12:15,1359.24,908.072,346.924,1010.461,51,0,0
2025-08-05 12:30,1359.24,908.091,346.924,1010.501,76,0,0
2025-08-05 12:45,1359.24,908.151,346.924,1010.673,239,0,0
2025-08-05 13:00,1359.24,908.183,346.924,1010.778,128,0,0
2025-08-05 13:15,1359.24,908.202,346.924,1010.836,75,0,0
2025-08-05 13:30,1359.24,908.209,346.924,1011.043,28,0,0
2025-08-05 13:45,1359.24,908.209,346.924,1011.146,0,0,0
2025-08-05 14:00,1359.24,908.214,346.924,1011.408,20,0,0
2025-08-05 14:15,1359.24,908.246,346.924,1011.582,129,0,0
2025-08-05 14:30,1359.24,908.296,346.924,1011.664,198,0,0
2025-08-05 14:45,1359.24,908.315,346.924,1011.88,75,0,0
2025-08-05 15:00,1359.24,908.376,346.924,1011.994,246,0,0
2025-08-05 15:15,1359.24,908.392,346.924,1012.031,63,0,0
2025-08-05 15:30,1359.24,908.417,346.924,1012.1,101,0,0
2025-08-05 15:45,1359.24,908.425,346.924,1012.197,34,0,0
2025-08-05 16:00,1359.24,908.475,346.924,1012.22,199,0,0
2025-08-05 16:15,1359.24,908.547,346.924,1012.23,288,0,0
2025-08-05 16:30,1359.24,908.547,346.924,1012.23,0,0,0
2025-08-05 16:45,1359.24,908.57,346.924,1012.23,92,0,0
2025-08-05 17:00,1359.24,908.625,346.924,1012.23,221,0,0
2025-08-05 17:15,1359.24,908.626,346.924,1012.23,4,0,0
2025-08-05 17:30,1359.24,908.668,346.924,1012.23,165,0,0
2025-08-05 17:45,1359.24,908.722,346.924,1012.23,218,0,0
2025-08-05 18:00,1359.24,908.754,346.924,1012.23,126,0,0
2025-08-05 18:15,1359.24,908.795,346.924,1012.23,164,0,0
2025-08-05 18:30,1359.24,908.86,346.924,1012.23,261,0,0
2025-08-05 18:45,1359.24,908.929,346.924,1012.23,276,0,0
2025-08-05 19:00,1359.24,908.958,346.924,1012.23,115,0,0
2025-08-05 19:15,1359.24,909.067,346.924,1012.23,437,0,0
2025-08-05 19:30,1359.24,909.169,346.924,1012.23,406,0,0
2025-08-05 19:45,1359.24,909.308,346.924,1012.23,558,0,0
2025-08-05 20:00,1359.24,909.401,346.924,1012.23,370,0,0
2025-08-05 20:15,1359.24,909.516,346.924,1012.23,460,0,0
2025-08-05 20:30,1359.24,909.638,346.924,1012.23,488,0,0
2025-08-05 20:45,1359.24,909.748,346.924,1012.23,440,0,0
2025-08-05 21:00,1359.366,909.748,346.924,1012.23,502,0,0
2025-08-05 21:15,1359.537,909.748,346.924,1012.23,685,0,0
2025-08-05 21:30,1359.655,909.748,346.924,1012.23,470,0,0
2025-08-05 21:45,1359.766,909.748,346.924,1012.23,445,0,0
2025-08-05 22:00,1359.906,909.748,346.924,1012.23,561,0,0
2025-08-05 22:15,1360.031,909.748,346.924,1012.23,499,0,0
2025-08-05 22:30,1360.18,909.748,346.924,1012.23,595,0,0
2025-08-05 22:45,1360.303,909.748,346.924,1012.23,493,0,0
2025-08-05 23:00,1360.418,909.748,346.924,1012.23,460,0,0
2025-08-05 23:15,1360.502,909.748,346.924,1012.23,337,0,0
2025-08-05 23:30,1360.59,909.748,346.924,1012.23,350,0,0
2025-08-05 23:45,1360.673,909.748,346.924,1012.23,333,0,0
2025-08-06 00:00,1360.801,909.748,346.924,1012.23,510,0,0
2025-08-06 00:15,1360.894,909.748,346.924,1012.23,371,0,0
2025-08-06 00:30,1361.039,909.748,346.924,1012.23,580,0,0
2025-08-06 00:45,1361.159,909.748,346.924,1012.23,482,0,0
2025-08-06 01:00,1361.274,909.748,346.924,1012.23,460,0,0
2025-08-06 01:15,1361.378,909.748,346.924,1012.23,412,0,0
2025-08-06 01:30,1361.51,909.748,346.924,1012.23,530,0,0
2025-08-06 01:45,1361.614,909.748,346.924,1012.23,416,0,0
2025-08-06 02:00,1361.714,909.748,346.924,1012.23,401,0,0
2025-08-06 02:15,1361.858,909.748,346.924,1012.23,575,0,0
2025-08-06 02:30,1361.985,909.748,346.924,1012.23,508,0,0
2025-08-06 02:45,1362.1,909.748,346.924,1012.23,461,0,0
2025-08-06 03:00,1362.233,909.748,346.924,1012.23,531,0,0
2025-08-06 03:15,1362.353,909.748,346.924,1012.23,481,0,0
2025-08-06 03:30,1362.481,909.748,346.924,1012.23,511,0,0
2025-08-06 03:45,1362.585,909.748,346.924,1012.23,415,0,0
2025-08-06 04:00,1362.746,909.748,346.924,1012.23,646,0,0
2025-08-06 04:15,1362.855,909.748,346.924,1012.23,434,0,0
2025-08-06 04:30,1363.006,909.748,346.924,1012.23,604,0,0
2025-08-06 04:45,1363.122,909.748,346.924,1012.23,465,0,0
2025-08-06 05:00,1363.258,909.748,346.924,1012.23,545,0,0
2025-08-06 05:15,1363.393,909.748,346.924,1012.23,539,0,0
2025-08-06 05:30,1363.536,909.748,346.924,1012.23,572,0,0
2025-08-06 05:45,1363.639,909.748,346.924,1012.23,413,0,0
2025-08-06 06:00,1363.78,909.748,346.924,1012.23,566,0,0
2025-08-06 06:15,1363.937,909.748,346.924,1012.23,628,0,0
2025-08-06 06:30,1364.052,909.748,346.924,1012.23,459,0,0
2025-08-06 06:45,1364.173,909.748,346.924,1012.23,483,0,0
2025-08-06 07:00,1364.173,909.767,346.924,1012.23,78,0,0
2025-08-06 07:15,1364.173,909.79,346.924,1012.23,92,0,0
2025-08-06 07:30,1364.173,909.855,346.924,1012.23,257,0,0
2025-08-06 07:45,1364.173,909.864,346.924,1012.23,40,0,0
2025-08-06 08:00,1364.173,909.876,346.924,1012.23,45,0,0
2025-08-06 08:15,1364.173,909.938,346.924,1012.23,249,0,0
2025-08-06 08:30,1364.173,909.98,346.924,1012.23,170,0,0
2025-08-06 08:45,1364.173,910.053,346.924,1012.23,290,0,0
2025-08-06 09:00,1364.173,910.074,346.924,1012.23,84,0,0
2025-08-06 09:15,1364.173,910.106,346.924,1012.23,130,0,0
2025-08-06 09:30,1364.173,910.123,346.924,1012.23,67,0,0
2025-08-06 09:45,1364.173,910.156,346.924,1012.23,131,0,0
2025-08-06 10:00,1364.173,910.156,346.924,1012.23,0,0,0
2025-08-06 10:15,1364.173,910.2,346.924,1012.23,175,0,0
2025-08-06 10:30,1364.173,910.236,346.924,1012.239,146,0,0
2025-08-06 10:45,1364.173,910.265,346.924,1012.239,115,0,0
2025-08-06 11:00,1364.173,910.287,346.924,1012.273,89,0,0
2025-08-06 11:15,1364.173,910.299,346.924,1012.273,48,0,0
2025-08-06 11:30,1364.173,910.344,346.924,1012.341,178,0,0
2025-08-06 11:45,1364.173,910.35,346.924,1012.412,26,0,0
2025-08-06 12:00,1364.173,910.391,346.924,1012.582,161,0,0
2025-08-06 12:15,1364.173,910.462,346.924,1012.75,286,0,0
2025-08-06 12:30,1364.173,910.522,346.924,1012.796,239,0,0
2025-08-06 12:45,1364.173,910.522,346.924,1013.018,0,0,0
2025-08-06 13:00,1364.173,910.541,346.924,1013.254,77,0,0
2025-08-06 13:15,1364.173,910.579,346.924,1013.469,154,0,0
2025-08-06 13:30,1364.173,910.608,346.924,1013.752,114,0,0
2025-08-06 13:45,1364.173,910.61,346.924,1014.0,8,0,0
2025-08-06 14:00,1364.173,910.648,346.924,1014.103,151,0,0
2025-08-06 14:15,1364.173,910.678,346.924,1014.233,119,0,0
2025-08-06 14:30,1364.173,910.746,346.924,1014.345,273,0,0
2025-08-06 14:45,1364.173,910.771,346.924,1014.471,100,0,0
2025-08-06 15:00,1364.173,910.824,346.924,1014.654,213,0,0
2025-08-06 15:15,1364.173,910.829,346.924,1014.757,19,0,0
2025-08-06 15:30,1364.173,910.838,346.924,1014.801,38,0,0
2025-08-06 15:45,1364.173,910.883,346.924,1014.895,178,0,0
2025-08-06 16:00,1364.173,910.934,346.924,1014.943,207,0,0
2025-08-06 16:15,1364.173,910.945,346.924,1014.943,43,0,0
2025-08-06 16:30,1364.173,910.976,346.924,1014.966,122,0,0
2025-08-06 16:45,1364.173,910.978,346.924,1014.966,9,0,0
2025-08-06 17:00,1364.173,911.004,346.924,1014.966,106,0,0
2025-08-06 17:15,1364.173,911.051,346.924,1014.966,187,0,0
2025-08-06 17:30,1364.173,911.072,346.924,1014.966,85,0,0
2025-08-06 17:45,1364.173,911.098,346.924,1014.966,100,0,0
2025-08-06 18:00,1364.173,911.105,346.924,1014.966,30,0,0
2025-08-06 18:15,1364.173,911.122,346.924,1014.966,68,0,0
2025-08-06 18:30,1364.173,911.187,346.924,1014.966,261,0,0
2025-08-06 18:45,1364.173,911.219,346.924,1014.966,126,0,0
2025-08-06 19:00,1364.173,911.229,346.924,1014.966,40,0,0
2025-08-06 19:15,1364.173,911.342,346.924,1014.966,455,0,0
2025-08-06 19:30,1364.173,911.43,346.924,1014.966,352,0,0
2025-08-06 19:45,1364.173,911.53,346.924,1014.966,399,0,0
2025-08-06 20:00,1364.173,911.677,346.924,1014.966,589,0,0
2025-08-06 20:15,1364.173,911.794,346.924,1014.966,469,0,0
2025-08-06 20:30,1364.173,911.952,346.924,1014.966,631,0,0
2025-08-06 20:45,1364.173,912.07,346.924,1014.966,472,0,0
2025-08-06 21:00,1364.292,912.07,346.924,1014.966,477,0,0
2025-08-06 21:15,1364.425,912.07,346.924,1014.966,531,0,0
2025-08-06 21:30,1364.491,912.07,346.924,1014.966,266,0,0
2025-08-06 21:45,1364.616,912.07,346.924,1014.966,496,0,0
2025-08-06 22:00,1364.735,912.07,346.924,1014.966,476,0,0
2025-08-06 22:15,1364.884,912.07,346.924,1014.966,599,0,0
2025-08-06 22:30,1365.024,912.07,346.924,1014.966,557,0,0
2025-08-06 22:45,1365.121,912.07,346.924,1014.966,389,0,0
2025-08-06 23:00,1365.266,912.07,346.924,1014.966,579,0,0
2025-08-06 23:15,1365.38,912.07,346.924,1014.966,459,0,0
2025-08-06 23:30,1365.482,912.07,346.924,1014.966,408,0,0
2025-08-06 23:45,1365.606,912.07,346.924,1014.966,496,0,0
2025-08-07 00:00,1365.722,912.07,346.924,1014.966,464,0,0
2025-08-07 00:15,1365.873,912.07,346.924,1014.966,603,0,0
2025-08-07 00:30,1366.0,912.07,346.924,1014.966,507,0,0
2025-08-07 00:45,1366.124,912.07,346.924,1014.966,496,0,0
2025-08-07 01:00,1366.262,912.07,346.924,1014.966,552,0,0
2025-08-07 01:15,1366.404,912.07,346.924,1014.966,567,0,0
2025-08-07 01:30,1366.54,912.07,346.924,1014.966,543,0,0
2025-08-07 01:45,1366.688,912.07,346.924,1014.966,594,0,0
2025-08-07 02:00,1366.82,912.07,346.924,1014.966,529,0,0
2025-08-07 02:15,1366.943,912.07,346.924,1014.966,493,0,0
2025-08-07 02:30,1367.088,912.07,346.924,1014.966,579,0,0
2025-08-07 02:45,1367.206,912.07,346.924,1014.966,473,0,0
2025-08-07 03:00,1367.327,912.07,346.924,1014.966,483,0,0
2025-08-07 03:15,1367.481,912.07,346.924,1014.966,618,0,0
2025-08-07 03:30,1367.634,912.07,346.924,1014.966,610,0,0
2025-08-07 03:45,1367.754,912.07,346.924,1014.966,479,0,0
2025-08-07 04:00,1367.865,912.07,346.924,1014.966,444,0,0
2025-08-07 04:15,1368.014,912.07,346.924,1014.966,597,0,0
2025-08-07 04:30,1368.15,912.07,346.924,1014.966,544,0,0
2025-08-07 04:45,1368.276,912.07,346.924,1014.966,505,0,0
2025-08-07 05:00,1368.39,912.07,346.924,1014.966,454,0,0
2025-08-07 05:15,1368.516,912.07,346.924,1014.966,507,0,0
2025-08-07 05:30,1368.636,912.07,346.924,1014.966,478,0,0
2025-08-07 05:45,1368.743,912.07,346.924,1014.966,427,0,0
2025-08-07 06:00,1368.865,912.07,346.924,1014.966,490,0,0
2025-08-07 06:15,1368.991,912.07,346.924,1014.966,501,0,0
2025-08-07 06:30,1369.103,912.07,346.924,1014.966,450,0,0
2025-08-07 06:45,1369.241,912.07,346.924,1014.966,552,0,0
2025-08-07 07:00,1369.241,912.126,346.924,1014.966,223,0,0
2025-08-07 07:15,1369.241,912.175,346.924,1014.966,198,0,0
2025-08-07 07:30,1369.241,912.2,346.924,1014.966,98,0,0
2025-08-07 07:45,1369.241,912.245,346.924,1014.966,180,0,0
2025-08-07 08:00,1369.241,912.277,346.924,1014.966,126,0,0
2025-08-07 08:15,1369.241,912.282,346.924,1014.966,21,0,0
2025-08-07 08:30,1369.241,912.325,346.924,1014.966,174,0,0
2025-08-07 08:45,1369.241,912.358,346.924,1014.966,132,0,0
2025-08-07 09:00,1369.241,912.44,346.924,1014.966,327,0,0
2025-08-07 09:15,1369.241,912.499,346.924,1014.966,237,0,0
2025-08-07 09:30,1369.241,912.543,346.924,1014.966,177,0,0
2025-08-07 09:45,1369.241,912.578,346.924,1014.966,140,0,0
2025-08-07 10:00,1369.241,912.612,346.924,1014.966,133,0,0
2025-08-07 10:15,1369.241,912.622,346.924,1014.966,40,0,0
2025-08-07 10:30,1369.241,912.622,346.924,1014.97,0,0,0
2025-08-07 10:45,1369.241,912.634,346.924,1014.989,50,0,0
2025-08-07 11:00,1369.241,912.663,346.924,1014.996,116,0,0
2025-08-07 11:15,1369.241,912.663,346.924,1015.071,0,0,0
2025-08-07 11:30,1369.241,912.682,346.924,1015.086,76,0,0
2025-08-07 11:45,1369.241,912.707,346.924,1015.19,100,0,0
2025-08-07 12:00,1369.241,912.733,346.924,1015.284,103,0,0
2025-08-07 12:15,1369.241,912.75,346.924,1015.339,67,0,0
2025-08-07 12:30,1369.241,912.773,346.924,1015.51,93,0,0
2025-08-07 12:45,1369.241,912.838,346.924,1015.705,258,0,0
2025-08-07 13:00,1369.241,912.881,346.924,1015.859,173,0,0
2025-08-07 13:15,1369.241,912.9,346.924,1016.107,75,0,0
2025-08-07 13:30,1369.241,912.928,346.924,1016.287,115,0,0
2025-08-07 13:45,1369.241,912.958,346.924,1016.41,118,0,0
2025-08-07 14:00,1369.241,912.972,346.924,1016.685,59,0,0
2025-08-07 14:15,1369.241,912.987,346.924,1016.941,58,0,0
2025-08-07 14:30,1369.241,913.037,346.924,1016.999,201,0,0
2025-08-07 14:45,1369.241,913.059,346.924,1017.209,86,0,0
2025-08-07 15:00,1369.241,913.067,346.924,1017.362,32,0,0
2025-08-07 15:15,1369.241,913.096,346.924,1017.391,117,0,0
2025-08-07 15:30,1369.241,913.128,346.924,1017.46,129,0,0
2025-08-07 15:45,1369.241,913.128,346.924,1017.46,0,0,0
2025-08-07 16:00,1369.241,913.157,346.924,1017.498,117,0,0
2025-08-07 16:15,1369.241,913.205,346.924,1017.542,189,0,0
2025-08-07 16:30,1369.241,913.244,346.924,1017.542,156,0,0
2025-08-07 16:45,1369.241,913.318,346.924,1017.542,298,0,0
2025-08-07 17:00,1369.241,913.374,346.924,1017.542,220,0,0
2025-08-07 17:15,1369.241,913.432,346.924,1017.542,236,0,0
2025-08-07 17:30,1369.241,913.518,346.924,1017.542,344,0,0
2025-08-07 17:45,1369.241,913.564,346.924,1017.542,181,0,0
2025-08-07 18:00,1369.241,913.597,346.924,1017.542,133,0,0
2025-08-07 18:15,1369.241,913.646,346.924,1017.542,198,0,0
2025-08-07 18:30,1369.241,913.665,346.924,1017.542,75,0,0
2025-08-07 18:45,1369.241,913.697,346.924,1017.542,129,0,0
2025-08-07 19:00,1369.241,913.714,346.924,1017.542,68,0,0
2025-08-07 19:15,1369.241,913.842,346.924,1017.542,512,0,0
2025-08-07 19:30,1369.241,913.949,346.924,1017.542,428,0,0
2025-08-07 19:45,1369.241,914.056,346.924,1017.542,425,0,0
2025-08-07 20:00,1369.241,914.184,346.924,1017.542,513,0,0
2025-08-07 20:15,1369.241,914.301,346.924,1017.542,469,0,0
2025-08-07 20:30,1369.241,914.383,346.924,1017.542,326,0,0
2025-08-07 20:45,1369.241,914.473,346.924,1017.542,364,0,0
2025-08-07 21:00,1369.338,914.473,346.924,1017.542,388,0,0
2025-08-07 21:15,1369.441,914.473,346.924,1017.542,409,0,0
2025-08-07 21:30,1369.569,914.473,346.924,1017.542,513,0,0
2025-08-07 21:45,1369.693,914.473,346.924,1017.542,498,0,0
2025-08-07 22:00,1369.835,914.473,346.924,1017.542,565,0,0
2025-08-07 22:15,1369.97,914.473,346.924,1017.542,540,0,0
2025-08-07 22:30,1370.111,914.473,346.924,1017.542,566,0,0
2025-08-07 22:45,1370.243,914.473,346.924,1017.542,529,0,0
2025-08-07 23:00,1370.367,914.473,346.924,1017.542,497,0,0
2025-08-07 23:15,1370.509,914.473,346.924,1017.542,568,0,0
2025-08-07 23:30,1370.648,914.473,346.924,1017.542,554,0,0
2025-08-07 23:45,1370.775,914.473,346.924,1017.542,510,0,0
2025-08-08 00:00,1370.921,914.473,346.924,1017.542,582,0,0
2025-08-08 00:15,1370.994,914.473,346.924,1017.542,292,0,0
2025-08-08 00:30,1371.108,914.473,346.924,1017.542,457,0,0
2025-08-08 00:45,1371.222,914.473,346.924,1017.542,456,0,0
2025-08-08 01:00,1371.365,914.473,346.924,1017.542,572,0,0
2025-08-08 01:15,1371.516,914.473,346.924,1017.542,606,0,0
2025-08-08 01:30,1371.607,914.473,346.924,1017.542,364,0,0
2025-08-08 01:45,1371.756,914.473,346.924,1017.542,593,0,0
2025-08-08 02:00,1371.852,914.473,346.924,1017.542,386,0,0
2025-08-08 02:15,1371.949,914.473,346.924,1017.542,389,0,0
2025-08-08 02:30,1372.065,914.473,346.924,1017.542,461,0,0
2025-08-08 02:45,1372.178,914.473,346.924,1017.542,455,0,0
2025-08-08 03:00,1372.267,914.473,346.924,1017.542,355,0,0
2025-08-08 03:15,1372.4,914.473,346.924,1017.542,532,0,0
2025-08-08 03:30,1372.534,914.473,346.924,1017.542,534,0,0
2025-08-08 03:45,1372.675,914.473,346.924,1017.542,564,0,0
2025-08-08 04:00,1372.786,914.473,346.924,1017.542,445,0,0
2025-08-08 04:15,1372.905,914.473,346.924,1017.542,477,0,0
2025-08-08 04:30,1373.025,914.473,346.924,1017.542,478,0,0
2025-08-08 04:45,1373.179,914.473,346.924,1017.542,615,0,0
2025-08-08 05:00,1373.242,914.473,346.924,1017.542,253,0,0
2025-08-08 05:15,1373.343,914.473,346.924,1017.542,403,0,0
2025-08-08 05:30,1373.463,914.473,346.924,1017.542,480,0,0
2025-08-08 05:45,1373.561,914.473,346.924,1017.542,393,0,0
2025-08-08 06:00,1373.676,914.473,346.924,1017.542,459,0,0
2025-08-08 06:15,1373.793,914.473,346.924,1017.542,470,0,0
2025-08-08 06:30,1373.9,914.473,346.924,1017.542,427,0,0
2025-08-08 06:45,1374.022,914.473,346.924,1017.542,485,0,0
2025-08-08 07:00,1374.022,914.516,346.924,1017.542,170,0,0
2025-08-08 07:15,1374.022,914.541,346.924,1017.542,101,0,0
2025-08-08 07:30,1374.022,914.562,346.924,1017.542,84,0,0
2025-08-08 07:45,1374.022,914.589,346.924,1017.542,107,0,0
2025-08-08 08:00,1374.022,914.619,346.924,1017.542,119,0,0
2025-08-08 08:15,1374.022,914.619,346.924,1017.542,0,0,0
2025-08-08 08:30,1374.022,914.658,346.924,1017.542,157,0,0
2025-08-08 08:45,1374.022,914.679,346.924,1017.542,84,0,0
2025-08-08 09:00,1374.022,914.734,346.924,1017.542,221,0,0
2025-08-08 09:15,1374.022,914.776,346.924,1017.542,167,0,0
2025-08-08 09:30,1374.022,914.829,346.924,1017.542,214,0,0
2025-08-08 09:45,1374.022,914.839,346.924,1017.542,39,0,0
2025-08-08 10:00,1374.022,914.862,346.924,1017.542,90,0,0
2025-08-08 10:15,1374.022,914.867,346.924,1017.542,21,0,0
2025-08-08 10:30,1374.022,914.883,346.924,1017.544,64,0,0
2025-08-08 10:45,1374.022,914.938,346.924,1017.544,220,0,0
2025-08-08 11:00,1374.022,914.998,346.924,1017.583,239,0,0
2025-08-08 11:15,1374.022,915.005,346.924,1017.658,28,0,0
2025-08-08 11:30,1374.022,915.025,346.924,1017.782,83,0,0
2025-08-08 11:45,1374.022,915.054,346.924,1017.825,114,0,0
2025-08-08 12:00,1374.022,915.096,346.924,1017.882,167,0,0
2025-08-08 12:15,1374.022,915.096,346.924,1017.971,0,0,0
2025-08-08 12:30,1374.022,915.096,346.924,1018.194,0,0,0
2025-08-08 12:45,1374.022,915.135,346.924,1018.331,159,0,0
2025-08-08 13:00,1374.022,915.135,346.924,1018.452,0,0,0
2025-08-08 13:15,1374.022,915.157,346.924,1018.686,84,0,0
2025-08-08 13:30,1374.022,915.19,346.924,1018.75,133,0,0
2025-08-08 13:45,1374.022,915.228,346.924,1018.937,153,0,0
2025-08-08 14:00,1374.022,915.255,346.924,1019.094,109,0,0
2025-08-08 14:15,1374.022,915.278,346.924,1019.279,91,0,0
2025-08-08 14:30,1374.022,915.325,346.924,1019.469,188,0,0
2025-08-08 14:45,1374.022,915.361,346.924,1019.561,143,0,0
2025-08-08 15:00,1374.022,915.378,346.924,1019.691,68,0,0
2025-08-08 15:15,1374.022,915.408,346.924,1019.781,123,0,0
2025-08-08 15:30,1374.022,915.446,346.924,1019.802,151,0,0
2025-08-08 15:45,1374.022,915.51,346.924,1019.89,257,0,0
2025-08-08 16:00,1374.022,915.556,346.924,1019.942,183,0,0
2025-08-08 16:15,1374.022,915.61,346.924,1019.986,217,0,0
2025-08-08 16:30,1374.022,915.628,346.924,1019.999,71,0,0
2025-08-08 16:45,1374.022,915.648,346.924,1019.999,78,0,0
2025-08-08 17:00,1374.022,915.673,346.924,1019.999,101,0,0
2025-08-08 17:15,1374.022,915.7,346.924,1019.999,109,0,0
2025-08-08 17:30,1374.022,915.71,346.924,1019.999,39,0,0
2025-08-08 17:45,1374.022,915.765,346.924,1019.999,221,0,0
2025-08-08 18:00,1374.022,915.813,346.924,1019.999,191,0,0
2025-08-08 18:15,1374.022,915.837,346.924,1019.999,96,0,0
2025-08-08 18:30,1374.022,915.88,346.924,1019.999,171,0,0
2025-08-08 18:45,1374.022,915.914,346.924,1019.999,138,0,0
2025-08-08 19:00,1374.022,915.958,346.924,1019.999,178,0,0
2025-08-08 19:15,1374.022,916.052,346.924,1019.999,372,0,0
2025-08-08 19:30,1374.022,916.169,346.924,1019.999,468,0,0
2025-08-08 19:45,1374.022,916.288,346.924,1019.999,475,0,0
2025-08-08 20:00,1374.022,916.42,346.924,1019.999,530,0,0
2025-08-08 20:15,1374.022,916.527,346.924,1019.999,430,0,0
2025-08-08 20:30,1374.022,916.597,346.924,1019.999,280,0,0
2025-08-08 20:45,1374.022,916.696,346.924,1019.999,393,0,0
2025-08-08 21:00,1374.14,916.696,346.924,1019.999,475,0,0
2025-08-08 21:15,1374.262,916.696,346.924,1019.999,485,0,0
2025-08-08 21:30,1374.415,916.696,346.924,1019.999,615,0,0
2025-08-08 21:45,1374.547,916.696,346.924,1019.999,527,0,0
2025-08-08 22:00,1374.669,916.696,346.924,1019.999,487,0,0
2025-08-08 22:15,1374.788,916.696,346.924,1019.999,477,0,0
2025-08-08 22:30,1374.93,916.696,346.924,1019.999,568,0,0
2025-08-08 22:45,1375.038,916.696,346.924,1019.999,433,0,0
2025-08-08 23:00,1375.155,916.696,346.924,1019.999,469,0,0
2025-08-08 23:15,1375.254,916.696,346.924,1019.999,393,0,0
2025-08-08 23:30,1375.402,916.696,346.924,1019.999,594,0,0
2025-08-08 23:45,1375.53,916.696,346.924,1019.999,511,0,0
2025-08-09 00:00,1375.636,916.696,346.924,1019.999,423,0,0
2025-08-09 00:15,1375.753,916.696,346.924,1019.999,471,0,0
2025-08-09 00:30,1375.884,916.696,346.924,1019.999,521,0,0
2025-08-09 00:45,1375.999,916.696,346.924,1019.999,460,0,0
2025-08-09 01:00,1376.108,916.696,346.924,1019.999,437,0,0
2025-08-09 01:15,1376.215,916.696,346.924,1019.999,428,0,0
2025-08-09 01:30,1376.342,916.696,346.924,1019.999,507,0,0
2025-08-09 01:45,1376.454,916.696,346.924,1019.999,451,0,0
2025-08-09 02:00,1376.565,916.696,346.924,1019.999,444,0,0
2025-08-09 02:15,1376.659,916.696,346.924,1019.999,373,0,0
2025-08-09 02:30,1376.78,916.696,346.924,1019.999,486,0,0
2025-08-09 02:45,1376.897,916.696,346.924,1019.999,466,0,0
2025-08-09 03:00,1377.01,916.696,346.924,1019.999,454,0,0
2025-08-09 03:15,1377.134,916.696,346.924,1019.999,496,0,0
2025-08-09 03:30,1377.269,916.696,346.924,1019.999,540,0,0
2025-08-09 03:45,1377.403,916.696,346.924,1019.999,536,0,0
2025-08-09 04:00,1377.534,916.696,346.924,1019.999,524,0,0
2025-08-09 04:15,1377.649,916.696,346.924,1019.999,461,0,0
2025-08-09 04:30,1377.758,916.696,346.924,1019.999,435,0,0
2025-08-09 04:45,1377.857,916.696,346.924,1019.999,396,0,0
2025-08-09 05:00,1377.965,916.696,346.924,1019.999,433,0,0
2025-08-09 05:15,1378.086,916.696,346.924,1019.999,482,0,0
2025-08-09 05:30,1378.19,916.696,346.924,1019.999,417,0,0
2025-08-09 05:45,1378.312,916.696,346.924,1019.999,488,0,0
2025-08-09 06:00,1378.413,916.696,346.924,1019.999,403,0,0
2025-08-09 06:15,1378.499,916.696,346.924,1019.999,347,0,0
2025-08-09 06:30,1378.636,916.696,346.924,1019.999,546,0,0
2025-08-09 06:45,1378.746,916.696,346.924,1019.999,442,0,0
2025-08-09 07:00,1378.759,916.696,346.924,1019.999,53,0,0
2025-08-09 07:15,1378.768,916.696,346.924,1019.999,32,0,0
2025-08-09 07:30,1378.806,916.696,346.924,1019.999,154,0,0
2025-08-09 07:45,1378.864,916.696,346.924,1019.999,230,0,0
2025-08-09 08:00,1378.885,916.696,346.924,1019.999,88,0,0
2025-08-09 08:15,1378.911,916.696,346.924,1019.999,103,0,0
2025-08-09 08:30,1378.963,916.696,346.924,1019.999,206,0,0
2025-08-09 08:45,1378.963,916.696,346.924,1019.999,0,0,0
2025-08-09 09:00,1379.032,916.696,346.924,1019.999,277,0,0
2025-08-09 09:15,1379.111,916.696,346.924,1019.999,316,0,0
2025-08-09 09:30,1379.111,916.696,346.924,1019.999,0,0,0
2025-08-09 09:45,1379.139,916.696,346.924,1019.999,112,0,0
2025-08-09 10:00,1379.154,916.696,346.924,1019.999,62,0,0
2025-08-09 10:15,1379.179,916.696,346.933,1019.999,99,0,0
2025-08-09 10:30,1379.201,916.696,346.933,1019.999,87,0,0
2025-08-09 10:45,1379.247,916.696,346.933,1019.999,185,0,0
2025-08-09 11:00,1379.275,916.696,347.005,1019.999,111,0,0
2025-08-09 11:15,1379.287,916.696,347.043,1019.999,47,0,0
2025-08-09 11:30,1379.313,916.696,347.101,1019.999,106,0,0
2025-08-09 11:45,1379.353,916.696,347.219,1019.999,161,0,0
2025-08-09 12:00,1379.36,916.696,347.343,1019.999,25,0,0
2025-08-09 12:15,1379.36,916.696,347.431,1019.999,0,0,0
2025-08-09 12:30,1379.43,916.696,347.491,1019.999,279,0,0
2025-08-09 12:45,1379.447,916.696,347.721,1019.999,69,0,0
2025-08-09 13:00,1379.474,916.696,347.885,1019.999,109,0,0
2025-08-09 13:15,1379.496,916.696,348.102,1019.999,88,0,0
2025-08-09 13:30,1379.537,916.696,348.368,1019.999,164,0,0
2025-08-09 13:45,1379.602,916.696,348.426,1019.999,262,0,0
2025-08-09 14:00,1379.644,916.696,348.679,1019.999,166,0,0
2025-08-09 14:15,1379.644,916.696,348.892,1019.999,0,0,0
2025-08-09 14:30,1379.646,916.696,349.127,1019.999,9,0,0
2025-08-09 14:45,1379.668,916.696,349.202,1019.999,88,0,0
2025-08-09 15:00,1379.693,916.696,349.279,1019.999,99,0,0
2025-08-09 15:15,1379.693,916.696,349.389,1019.999,0,0,0
2025-08-09 15:30,1379.739,916.696,349.51,1019.999,186,0,0
2025-08-09 15:45,1379.748,916.696,349.609,1019.999,33,0,0
2025-08-09 16:00,1379.808,916.696,349.632,1019.999,239,0,0
2025-08-09 16:15,1379.874,916.696,349.65,1019.999,266,0,0
2025-08-09 16:30,1379.899,916.696,349.65,1019.999,100,0,0
2025-08-09 16:45,1379.938,916.696,349.65,1019.999,155,0,0
2025-08-09 17:00,1379.943,916.696,349.65,1019.999,21,0,0
2025-08-09 17:15,1379.986,916.696,349.65,1019.999,170,0,0
2025-08-09 17:30,1380.006,916.696,349.65,1019.999,80,0,0
2025-08-09 17:45,1380.014,916.696,349.65,1019.999,33,0,0
2025-08-09 18:00,1380.038,916.696,349.65,1019.999,97,0,0
2025-08-09 18:15,1380.059,916.696,349.65,1019.999,83,0,0
2025-08-09 18:30,1380.082,916.696,349.65,1019.999,94,0,0
2025-08-09 18:45,1380.131,916.696,349.65,1019.999,196,0,0
2025-08-09 19:00,1380.146,916.696,349.65,1019.999,57,0,0
2025-08-09 19:15,1380.3,916.696,349.65,1019.999,619,0,0
2025-08-09 19:30,1380.394,916.696,349.65,1019.999,374,0,0
2025-08-09 19:45,1380.546,916.696,349.65,1019.999,609,0,0
2025-08-09 20:00,1380.646,916.696,349.65,1019.999,399,0,0
2025-08-09 20:15,1380.766,916.696,349.65,1019.999,480,0,0
2025-08-09 20:30,1380.876,916.696,349.65,1019.999,441,0,0
2025-08-09 20:45,1380.989,916.696,349.65,1019.999,453,0,0
2025-08-09 21:00,1381.125,916.696,349.65,1019.999,544,0,0
2025-08-09 21:15,1381.275,916.696,349.65,1019.999,600,0,0
2025-08-09 21:30,1381.419,916.696,349.65,1019.999,575,0,0
2025-08-09 21:45,1381.531,916.696,349.65,1019.999,448,0,0
2025-08-09 22:00,1381.655,916.696,349.65,1019.999,495,0,0
2025-08-09 22:15,1381.759,916.696,349.65,1019.999,417,0,0
2025-08-09 22:30,1381.859,916.696,349.65,1019.999,401,0,0
2025-08-09 22:45,1381.956,916.696,349.65,1019.999,388,0,0
2025-08-09 23:00,1382.067,916.696,349.65,1019.999,445,0,0
2025-08-09 23:15,1382.192,916.696,349.65,1019.999,500,0,0
2025-08-09 23:30,1382.274,916.696,349.65,1019.999,327,0,0
2025-08-09 23:45,1382.393,916.696,349.65,1019.999,476,0,0
2025-08-10 00:00,1382.544,916.696,349.65,1019.999,601,0,0
2025-08-10 00:15,1382.686,916.696,349.65,1019.999,570,0,0
2025-08-10 00:30,1382.794,916.696,349.65,1019.999,433,0,0
2025-08-10 00:45,1382.886,916.696,349.65,1019.999,368,0,0
2025-08-10 01:00,1383.016,916.696,349.65,1019.999,517,0,0
2025-08-10 01:15,1383.089,916.696,349.65,1019.999,295,0,0
2025-08-10 01:30,1383.231,916.696,349.65,1019.999,569,0,0
2025-08-10 01:45,1383.347,916.696,349.65,1019.999,463,0,0
2025-08-10 02:00,1383.504,916.696,349.65,1019.999,627,0,0
2025-08-10 02:15,1383.589,916.696,349.65,1019.999,342,0,0
2025-08-10 02:30,1383.728,916.696,349.65,1019.999,553,0,0
2025-08-10 02:45,1383.846,916.696,349.65,1019.999,472,0,0
2025-08-10 03:00,1383.959,916.696,349.65,1019.999,454,0,0
2025-08-10 03:15,1384.052,916.696,349.65,1019.999,370,0,0
2025-08-10 03:30,1384.183,916.696,349.65,1019.999,528,0,0
2025-08-10 03:45,1384.317,916.696,349.65,1019.999,534,0,0
2025-08-10 04:00,1384.473,916.696,349.65,1019.999,623,0,0
2025-08-10 04:15,1384.613,916.696,349.65,1019.999,561,0,0
2025-08-10 04:30,1384.721,916.696,349.65,1019.999,432,0,0
2025-08-10 04:45,1384.821,916.696,349.65,1019.999,400,0,0
2025-08-10 05:00,1384.913,916.696,349.65,1019.999,371,0,0
2025-08-10 05:15,1385.063,916.696,349.65,1019.999,598,0,0
2025-08-10 05:30,1385.167,916.696,349.65,1019.999,418,0,0
2025-08-10 05:45,1385.317,916.696,349.65,1019.999,598,0,0
2025-08-10 06:00,1385.447,916.696,349.65,1019.999,522,0,0
2025-08-10 06:15,1385.574,916.696,349.65,1019.999,506,0,0
2025-08-10 06:30,1385.688,916.696,349.65,1019.999,455,0,0
2025-08-10 06:45,1385.821,916.696,349.65,1019.999,533,0,0
2025-08-10 07:00,1385.851,916.696,349.65,1019.999,119,0,0
2025-08-10 07:15,1385.873,916.696,349.65,1019.999,90,0,0
2025-08-10 07:30,1385.917,916.696,349.65,1019.999,176,0,0
2025-08-10 07:45,1385.945,916.696,349.65,1019.999,108,0,0
2025-08-10 08:00,1385.959,916.696,349.65,1019.999,56,0,0
2025-08-10 08:15,1386.001,916.696,349.65,1019.999,168,0,0
2025-08-10 08:30,1386.029,916.696,349.65,1019.999,115,0,0
2025-08-10 08:45,1386.069,916.696,349.65,1019.999,159,0,0
2025-08-10 09:00,1386.09,916.696,349.65,1019.999,84,0,0
2025-08-10 09:15,1386.096,916.696,349.65,1019.999,23,0,0
2025-08-10 09:30,1386.16,916.696,349.65,1019.999,259,0,0
2025-08-10 09:45,1386.221,916.696,349.65,1019.999,244,0,0
2025-08-10 10:00,1386.269,916.696,349.65,1019.999,191,0,0
2025-08-10 10:15,1386.291,916.696,349.659,1019.999,89,0,0
2025-08-10 10:30,1386.315,916.696,349.673,1019.999,96,0,0
2025-08-10 10:45,1386.373,916.696,349.709,1019.999,231,0,0
2025-08-10 11:00,1386.396,916.696,349.767,1019.999,92,0,0
2025-08-10 11:15,1386.413,916.696,349.767,1019.999,69,0,0
2025-08-10 11:30,1386.481,916.696,349.778,1019.999,270,0,0
2025-08-10 11:45,1386.51,916.696,349.82,1019.999,116,0,0
2025-08-10 12:00,1386.575,916.696,349.953,1019.999,261,0,0
2025-08-10 12:15,1386.577,916.696,350.102,1019.999,8,0,0
2025-08-10 12:30,1386.617,916.696,350.208,1019.999,161,0,0
2025-08-10 12:45,1386.689,916.696,350.47,1019.999,286,0,0
2025-08-10 13:00,1386.72,916.696,350.543,1019.999,122,0,0
2025-08-10 13:15,1386.744,916.696,350.785,1019.999,99,0,0
2025-08-10 13:30,1386.751,916.696,350.958,1019.999,27,0,0
2025-08-10 13:45,1386.803,916.696,351.114,1019.999,207,0,0
2025-08-10 14:00,1386.817,916.696,351.17,1019.999,58,0,0
2025-08-10 14:15,1386.845,916.696,351.378,1019.999,112,0,0
2025-08-10 14:30,1386.851,916.696,351.577,1019.999,21,0,0
2025-08-10 14:45,1386.912,916.696,351.668,1019.999,245,0,0
2025-08-10 15:00,1386.965,916.696,351.778,1019.999,212,0,0
2025-08-10 15:15,1386.994,916.696,351.88,1019.999,117,0,0
2025-08-10 15:30,1387.001,916.696,351.93,1019.999,28,0,0
2025-08-10 15:45,1387.062,916.696,351.99,1019.999,243,0,0
2025-08-10 16:00,1387.084,916.696,352.015,1019.999,91,0,0
2025-08-10 16:15,1387.092,916.696,352.055,1019.999,32,0,0
2025-08-10 16:30,1387.092,916.696,352.068,1019.999,0,0,0
2025-08-10 16:45,1387.109,916.696,352.068,1019.999,68,0,0
2025-08-10 17:00,1387.11,916.696,352.068,1019.999,4,0,0
2025-08-10 17:15,1387.128,916.696,352.068,1019.999,70,0,0
2025-08-10 17:30,1387.173,916.696,352.068,1019.999,180,0,0
2025-08-10 17:45,1387.195,916.696,352.068,1019.999,90,0,0
2025-08-10 18:00,1387.232,916.696,352.068,1019.999,148,0,0
2025-08-10 18:15,1387.248,916.696,352.068,1019.999,62,0,0
2025-08-10 18:30,1387.279,916.696,352.068,1019.999,125,0,0
2025-08-10 18:45,1387.348,916.696,352.068,1019.999,274,0,0
2025-08-10 19:00,1387.371,916.696,352.068,1019.999,92,0,0
2025-08-10 19:15,1387.498,916.696,352.068,1019.999,511,0,0
2025-08-10 19:30,1387.587,916.696,352.068,1019.999,355,0,0
2025-08-10 19:45,1387.737,916.696,352.068,1019.999,602,0,0
2025-08-10 20:00,1387.848,916.696,352.068,1019.999,442,0,0
2025-08-10 20:15,1387.989,916.696,352.068,1019.999,564,0,0
2025-08-10 20:30,1388.106,916.696,352.068,1019.999,470,0,0
2025-08-10 20:45,1388.239,916.696,352.068,1019.999,529,0,0
2025-08-10 21:00,1388.372,916.696,352.068,1019.999,534,0,0
2025-08-10 21:15,1388.483,916.696,352.068,1019.999,444,0,0
2025-08-10 21:30,1388.625,916.696,352.068,1019.999,567,0,0
2025-08-10 21:45,1388.73,916.696,352.068,1019.999,419,0,0
2025-08-10 22:00,1388.865,916.696,352.068,1019.999,542,0,0
2025-08-10 22:15,1388.977,916.696,352.068,1019.999,449,0,0
2025-08-10 22:30,1389.104,916.696,352.068,1019.999,508,0,0
2025-08-10 22:45,1389.215,916.696,352.068,1019.999,443,0,0
2025-08-10 23:00,1389.336,916.696,352.068,1019.999,484,0,0
2025-08-10 23:15,1389.435,916.696,352.068,1019.999,394,0,0
2025-08-10 23:30,1389.56,916.696,352.068,1019.999,500,0,0
2025-08-10 23:45,1389.681,916.696,352.068,1019.999,484,0,0
2025-08-11 00:00,1389.79,916.696,352.068,1019.999,437,0,0
2025-08-11 00:15,1389.909,916.696,352.068,1019.999,476,0,0
2025-08-11 00:30,1390.031,916.696,352.068,1019.999,491,0,0
2025-08-11 00:45,1390.139,916.696,352.068,1019.999,431,0,0
2025-08-11 01:00,1390.256,916.696,352.068,1019.999,470,0,0
2025-08-11 01:15,1390.356,916.696,352.068,1019.999,400,0,0
2025-08-11 01:30,1390.523,916.696,352.068,1019.999,668,0,0
2025-08-11 01:45,1390.664,916.696,352.068,1019.999,565,0,0
2025-08-11 02:00,1390.79,916.696,352.068,1019.999,502,0,0
2025-08-11 02:15,1390.933,916.696,352.068,1019.999,574,0,0
2025-08-11 02:30,1391.014,916.696,352.068,1019.999,322,0,0
2025-08-11 02:45,1391.083,916.696,352.068,1019.999,275,0,0
2025-08-11 03:00,1391.195,916.696,352.068,1019.999,448,0,0
2025-08-11 03:15,1391.287,916.696,352.068,1019.999,370,0,0
2025-08-11 03:30,1391.402,916.696,352.068,1019.999,461,0,0
2025-08-11 03:45,1391.526,916.696,352.068,1019.999,496,0,0
2025-08-11 04:00,1391.665,916.696,352.068,1019.999,554,0,0
2025-08-11 04:15,1391.762,916.696,352.068,1019.999,389,0,0
2025-08-11 04:30,1391.89,916.696,352.068,1019.999,512,0,0
2025-08-11 04:45,1392.01,916.696,352.068,1019.999,481,0,0
2025-08-11 05:00,1392.137,916.696,352.068,1019.999,508,0,0
2025-08-11 05:15,1392.247,916.696,352.068,1019.999,438,0,0
2025-08-11 05:30,1392.395,916.696,352.068,1019.999,591,0,0
2025-08-11 05:45,1392.512,916.696,352.068,1019.999,472,0,0
2025-08-11 06:00,1392.668,916.696,352.068,1019.999,622,0,0
2025-08-11 06:15,1392.772,916.696,352.068,1019.999,417,0,0
2025-08-11 06:30,1392.907,916.696,352.068,1019.999,539,0,0
2025-08-11 06:45,1393.026,916.696,352.068,1019.999,475,0,0
2025-08-11 07:00,1393.026,916.719,352.068,1019.999,94,0,0
2025-08-11 07:15,1393.026,916.762,352.068,1019.999,171,0,0
2025-08-11 07:30,1393.026,916.786,352.068,1019.999,96,0,0
2025-08-11 07:45,1393.026,916.786,352.068,1019.999,0,0,0
2025-08-11 08:00,1393.026,916.786,352.068,1019.999,0,0,0
2025-08-11 08:15,1393.026,916.841,352.068,1019.999,222,0,0
2025-08-11 08:30,1393.026,916.896,352.068,1019.999,218,0,0
2025-08-11 08:45,1393.026,916.964,352.068,1019.999,271,0,0
2025-08-11 09:00,1393.026,916.993,352.068,1019.999,119,0,0
2025-08-11 09:15,1393.026,916.998,352.068,1019.999,17,0,0
2025-08-11 09:30,1393.026,917.019,352.068,1019.999,86,0,0
2025-08-11 09:45,1393.026,917.049,352.068,1019.999,121,0,0
2025-08-11 10:00,1393.026,917.059,352.068,1019.999,39,0,0
2025-08-11 10:15,1393.026,917.122,352.068,1019.999,252,0,0
2025-08-11 10:30,1393.026,917.197,352.068,1019.999,299,0,0
2025-08-11 10:45,1393.026,917.237,352.068,1020.0,158,0,0
2025-08-11 11:00,1393.026,917.266,352.068,1020.06,119,0,0
2025-08-11 11:15,1393.026,917.27,352.068,1020.155,16,0,0
2025-08-11 11:30,1393.026,917.331,352.068,1020.263,244,0,0
2025-08-11 11:45,1393.026,917.363,352.068,1020.276,126,0,0
2025-08-11 12:00,1393.026,917.387,352.068,1020.394,97,0,0
2025-08-11 12:15,1393.026,917.427,352.068,1020.456,158,0,0
2025-08-11 12:30,1393.026,917.445,352.068,1020.573,73,0,0
2025-08-11 12:45,1393.026,917.478,352.068,1020.714,132,0,0
2025-08-11 13:00,1393.026,917.479,352.068,1020.986,5,0,0
2025-08-11 13:15,1393.026,917.531,352.068,1021.194,207,0,0
2025-08-11 13:30,1393.026,917.559,352.068,1021.314,112,0,0
2025-08-11 13:45,1393.026,917.612,352.068,1021.524,213,0,0
2025-08-11 14:00,1393.026,917.638,352.068,1021.798,104,0,0
2025-08-11 14:15,1393.026,917.665,352.068,1021.857,109,0,0
2025-08-11 14:30,1393.026,917.671,352.068,1022.065,23,0,0
2025-08-11 14:45,1393.026,917.716,352.068,1022.137,181,0,0
2025-08-11 15:00,1393.026,917.729,352.068,1022.185,50,0,0
2025-08-11 15:15,1393.026,917.749,352.068,1022.33,81,0,0
2025-08-11 15:30,1393.026,917.779,352.068,1022.335,120,0,0
2025-08-11 15:45,1393.026,917.811,352.068,1022.408,130,0,0
2025-08-11 16:00,1393.026,917.811,352.068,1022.408,0,0,0
2025-08-11 16:15,1393.026,917.837,352.068,1022.43,102,0,0
2025-08-11 16:30,1393.026,917.883,352.068,1022.438,184,0,0
2025-08-11 16:45,1393.026,917.905,352.068,1022.442,90,0,0
2025-08-11 17:00,1393.026,917.931,352.068,1022.442,102,0,0
2025-08-11 17:15,1393.026,917.964,352.068,1022.442,133,0,0
2025-08-11 17:30,1393.026,917.991,352.068,1022.442,110,0,0
2025-08-11 17:45,1393.026,918.001,352.068,1022.442,38,0,0
2025-08-11 18:00,1393.026,918.03,352.068,1022.442,117,0,0
2025-08-11 18:15,1393.026,918.08,352.068,1022.442,200,0,0
2025-08-11 18:30,1393.026,918.089,352.068,1022.442,36,0,0
2025-08-11 18:45,1393.026,918.111,352.068,1022.442,90,0,0
2025-08-11 19:00,1393.026,918.114,352.068,1022.442,9,0,0
2025-08-11 19:15,1393.026,918.253,352.068,1022.442,555,0,0
2025-08-11 19:30,1393.026,918.371,352.068,1022.442,473,0,0
2025-08-11 19:45,1393.026,918.474,352.068,1022.442,412,0,0
2025-08-11 20:00,1393.026,918.595,352.068,1022.442,487,0,0
2025-08-11 20:15,1393.026,918.691,352.068,1022.442,384,0,0
2025-08-11 20:30,1393.026,918.791,352.068,1022.442,397,0,0
2025-08-11 20:45,1393.026,918.882,352.068,1022.442,363,0,0
2025-08-11 21:00,1393.124,918.882,352.068,1022.442,395,0,0
2025-08-11 21:15,1393.272,918.882,352.068,1022.442,589,0,0
2025-08-11 21:30,1393.377,918.882,352.068,1022.442,421,0,0
2025-08-11 21:45,1393.506,918.882,352.068,1022.442,517,0,0
2025-08-11 22:00,1393.61,918.882,352.068,1022.442,413,0,0
2025-08-11 22:15,1393.745,918.882,352.068,1022.442,541,0,0
2025-08-11 22:30,1393.844,918.882,352.068,1022.442,398,0,0
2025-08-11 22:45,1393.965,918.882,352.068,1022.442,483,0,0
2025-08-11 23:00,1394.086,918.882,352.068,1022.442,484,0,0
2025-08-11 23:15,1394.253,918.882,352.068,1022.442,666,0,0
2025-08-11 23:30,1394.385,918.882,352.068,1022.442,530,0,0
2025-08-11 23:45,1394.493,918.882,352.068,1022.442,433,0,0
2025-08-12 00:00,1394.627,918.882,352.068,1022.442,535,0,0
2025-08-12 00:15,1394.79,918.882,352.068,1022.442,651,0,0
2025-08-12 00:30,1394.877,918.882,352.068,1022.442,350,0,0
2025-08-12 00:45,1394.98,918.882,352.068,1022.442,413,0,0
2025-08-12 01:00,1395.096,918.882,352.068,1022.442,461,0,0
2025-08-12 01:15,1395.207,918.882,352.068,1022.442,447,0,0
2025-08-12 01:30,1395.321,918.882,352.068,1022.442,453,0,0
2025-08-12 01:45,1395.415,918.882,352.068,1022.442,376,0,0
2025-08-12 02:00,1395.563,918.882,352.068,1022.442,592,0,0
2025-08-12 02:15,1395.654,918.882,352.068,1022.442,366,0,0
2025-08-12 02:30,1395.77,918.882,352.068,1022.442,464,0,0
2025-08-12 02:45,1395.911,918.882,352.068,1022.442,564,0,0
2025-08-12 03:00,1396.031,918.882,352.068,1022.442,478,0,0
2025-08-12 03:15,1396.131,918.882,352.068,1022.442,402,0,0
2025-08-12 03:30,1396.224,918.882,352.068,1022.442,372,0,0
2025-08-12 03:45,1396.339,918.882,352.068,1022.442,462,0,0
2025-08-12 04:00,1396.444,918.882,352.068,1022.442,419,0,0
2025-08-12 04:15,1396.568,918.882,352.068,1022.442,496,0,0
2025-08-12 04:30,1396.66,918.882,352.068,1022.442,368,0,0
2025-08-12 04:45,1396.797,918.882,352.068,1022.442,545,0,0
2025-08-12 05:00,1396.919,918.882,352.068,1022.442,489,0,0
2025-08-12 05:15,1397.043,918.882,352.068,1022.442,495,0,0
2025-08-12 05:30,1397.191,918.882,352.068,1022.442,595,0,0
2025-08-12 05:45,1397.303,918.882,352.068,1022.442,445,0,0
2025-08-12 06:00,1397.408,918.882,352.068,1022.442,422,0,0
2025-08-12 06:15,1397.517,918.882,352.068,1022.442,436,0,0
2025-08-12 06:30,1397.633,918.882,352.068,1022.442,465,0,0
2025-08-12 06:45,1397.752,918.882,352.068,1022.442,473,0,0
2025-08-12 07:00,1397.752,918.895,352.068,1022.442,54,0,0
2025-08-12 07:15,1397.752,918.895,352.068,1022.442,0,0,0
2025-08-12 07:30,1397.752,918.914,352.068,1022.442,75,0,0
2025-08-12 07:45,1397.752,918.951,352.068,1022.442,149,0,0
2025-08-12 08:00,1397.752,918.984,352.068,1022.442,131,0,0
2025-08-12 08:15,1397.752,919.038,352.068,1022.442,216,0,0
2025-08-12 08:30,1397.752,919.107,352.068,1022.442,276,0,0
2025-08-12 08:45,1397.752,919.152,352.068,1022.442,181,0,0
2025-08-12 09:00,1397.752,919.21,352.068,1022.442,231,0,0
2025-08-12 09:15,1397.752,919.255,352.068,1022.442,181,0,0
2025-08-12 09:30,1397.752,919.319,352.068,1022.442,257,0,0
2025-08-12 09:45,1397.752,919.386,352.068,1022.442,268,0,0
2025-08-12 10:00,1397.752,919.435,352.068,1022.442,196,0,0
2025-08-12 10:15,1397.752,919.479,352.068,1022.442,177,0,0
2025-08-12 10:30,1397.752,919.505,352.068,1022.468,104,0,0
2025-08-12 10:45,1397.752,919.534,352.068,1022.471,117,0,0
2025-08-12 11:00,1397.752,919.558,352.068,1022.523,93,0,0
2025-08-12 11:15,1397.752,919.6,352.068,1022.566,170,0,0
2025-08-12 11:30,1397.752,919.616,352.068,1022.653,62,0,0
2025-08-12 11:45,1397.752,919.642,352.068,1022.719,105,0,0
2025-08-12 12:00,1397.752,919.642,352.068,1022.78,0,0,0
2025-08-12 12:15,1397.752,919.706,352.068,1022.827,258,0,0
2025-08-12 12:30,1397.752,919.732,352.068,1022.886,102,0,0
2025-08-12 12:45,1397.752,919.771,352.068,1023.146,156,0,0
2025-08-12 13:00,1397.752,919.83,352.068,1023.382,237,0,0
2025-08-12 13:15,1397.752,919.866,352.068,1023.495,144,0,0
2025-08-12 13:30,1397.752,919.925,352.068,1023.68,236,0,0
2025-08-12 13:45,1397.752,919.93,352.068,1023.907,21,0,0
2025-08-12 14:00,1397.752,920.008,352.068,1024.041,312,0,0
2025-08-12 14:15,1397.752,920.06,352.068,1024.184,207,0,0
2025-08-12 14:30,1397.752,920.094,352.068,1024.372,137,0,0
2025-08-12 14:45,1397.752,920.153,352.068,1024.446,234,0,0
2025-08-12 15:00,1397.752,920.159,352.068,1024.557,27,0,0
2025-08-12 15:15,1397.752,920.183,352.068,1024.601,97,0,0
2025-08-12 15:30,1397.752,920.242,352.068,1024.605,236,0,0
2025-08-12 15:45,1397.752,920.242,352.068,1024.673,0,0,0
2025-08-12 16:00,1397.752,920.283,352.068,1024.721,165,0,0
2025-08-12 16:15,1397.752,920.324,352.068,1024.77,163,0,0
2025-08-12 16:30,1397.752,920.394,352.068,1024.77,278,0,0
2025-08-12 16:45,1397.752,920.394,352.068,1024.77,0,0,0
2025-08-12 17:00,1397.752,920.456,352.068,1024.77,249,0,0
2025-08-12 17:15,1397.752,920.475,352.068,1024.77,75,0,0
2025-08-12 17:30,1397.752,920.496,352.068,1024.77,84,0,0
2025-08-12 17:45,1397.752,920.501,352.068,1024.77,22,0,0
2025-08-12 18:00,1397.752,920.509,352.068,1024.77,33,0,0
2025-08-12 18:15,1397.752,920.547,352.068,1024.77,152,0,0
2025-08-12 18:30,1397.752,920.555,352.068,1024.77,31,0,0
2025-08-12 18:45,1397.752,920.6,352.068,1024.77,179,0,0
2025-08-12 19:00,1397.752,920.617,352.068,1024.77,67,0,0
2025-08-12 19:15,1397.752,920.712,352.068,1024.77,383,0,0
2025-08-12 19:30,1397.752,920.822,352.068,1024.77,438,0,0
2025-08-12 19:45,1397.752,920.949,352.068,1024.77,507,0,0
2025-08-12 20:00,1397.752,921.063,352.068,1024.77,458,0,0
2025-08-12 20:15,1397.752,921.184,352.068,1024.77,483,0,0
2025-08-12 20:30,1397.752,921.318,352.068,1024.77,536,0,0
2025-08-12 20:45,1397.752,921.459,352.068,1024.77,567,0,0
2025-08-12 21:00,1397.865,921.459,352.068,1024.77,455,0,0
2025-08-12 21:15,1397.964,921.459,352.068,1024.77,396,0,0
2025-08-12 21:30,1398.086,921.459,352.068,1024.77,486,0,0
2025-08-12 21:45,1398.215,921.459,352.068,1024.77,518,0,0
2025-08-12 22:00,1398.306,921.459,352.068,1024.77,363,0,0
2025-08-12 22:15,1398.408,921.459,352.068,1024.77,409,0,0
2025-08-12 22:30,1398.514,921.459,352.068,1024.77,422,0,0
2025-08-12 22:45,1398.63,921.459,352.068,1024.77,463,0,0
2025-08-12 23:00,1398.735,921.459,352.068,1024.77,419,0,0
2025-08-12 23:15,1398.869,921.459,352.068,1024.77,537,0,0
2025-08-12 23:30,1398.957,921.459,352.068,1024.77,352,0,0
2025-08-12 23:45,1399.045,921.459,352.068,1024.77,354,0,0
2025-08-13 00:00,1399.158,921.459,352.068,1024.77,453,0,0
2025-08-13 00:15,1399.275,921.459,352.068,1024.77,466,0,0
2025-08-13 00:30,1399.366,921.459,352.068,1024.77,364,0,0
2025-08-13 00:45,1399.474,921.459,352.068,1024.77,431,0,0
2025-08-13 01:00,1399.586,921.459,352.068,1024.77,448,0,0
2025-08-13 01:15,1399.698,921.459,352.068,1024.77,449,0,0
2025-08-13 01:30,1399.821,921.459,352.068,1024.77,492,0,0
2025-08-13 01:45,1399.928,921.459,352.068,1024.77,427,0,0
2025-08-13 02:00,1400.077,921.459,352.068,1024.77,598,0,0
2025-08-13 02:15,1400.207,921.459,352.068,1024.77,519,0,0
2025-08-13 02:30,1400.311,921.459,352.068,1024.77,415,0,0
2025-08-13 02:45,1400.433,921.459,352.068,1024.77,488,0,0
2025-08-13 03:00,1400.555,921.459,352.068,1024.77,490,0,0
2025-08-13 03:15,1400.699,921.459,352.068,1024.77,577,0,0
2025-08-13 03:30,1400.807,921.459,352.068,1024.77,432,0,0
2025-08-13 03:45,1400.943,921.459,352.068,1024.77,541,0,0
2025-08-13 04:00,1401.064,921.459,352.068,1024.77,483,0,0
2025-08-13 04:15,1401.213,921.459,352.068,1024.77,599,0,0
2025-08-13 04:30,1401.359,921.459,352.068,1024.77,583,0,0
2025-08-13 04:45,1401.483,921.459,352.068,1024.77,496,0,0
2025-08-13 05:00,1401.598,921.459,352.068,1024.77,459,0,0
2025-08-13 05:15,1401.728,921.459,352.068,1024.77,521,0,0
2025-08-13 05:30,1401.844,921.459,352.068,1024.77,466,0,0
2025-08-13 05:45,1401.998,921.459,352.068,1024.77,614,0,0
2025-08-13 06:00,1402.12,921.459,352.068,1024.77,486,0,0
2025-08-13 06:15,1402.232,921.459,352.068,1024.77,448,0,0
2025-08-13 06:30,1402.342,921.459,352.068,1024.77,443,0,0
2025-08-13 06:45,1402.438,921.459,352.068,1024.77,383,0,0
2025-08-13 07:00,1402.438,921.501,352.068,1024.77,165,0,0
2025-08-13 07:15,1402.438,921.514,352.068,1024.77,54,0,0
2025-08-13 07:30,1402.438,921.566,352.068,1024.77,208,0,0
2025-08-13 07:45,1402.438,921.57,352.068,1024.77,17,0,0
2025-08-13 08:00,1402.438,921.603,352.068,1024.77,130,0,0
2025-08-13 08:15,1402.438,921.656,352.068,1024.77,212,0,0
2025-08-13 08:30,1402.438,921.656,352.068,1024.77,0,0,0
2025-08-13 08:45,1402.438,921.726,352.068,1024.77,281,0,0
2025-08-13 09:00,1402.438,921.748,352.068,1024.77,86,0,0
2025-08-13 09:15,1402.438,921.78,352.068,1024.77,131,0,0
2025-08-13 09:30,1402.438,921.822,352.068,1024.77,166,0,0
2025-08-13 09:45,1402.438,921.866,352.068,1024.77,178,0,0
2025-08-13 10:00,1402.438,921.902,352.068,1024.77,142,0,0
2025-08-13 10:15,1402.438,921.952,352.068,1024.779,200,0,0
2025-08-13 10:30,1402.438,921.992,352.068,1024.779,162,0,0
2025-08-13 10:45,1402.438,922.057,352.068,1024.779,261,0,0
2025-08-13 11:00,1402.438,922.098,352.068,1024.849,162,0,0
2025-08-13 11:15,1402.438,922.167,352.068,1024.876,277,0,0
2025-08-13 11:30,1402.438,922.215,352.068,1024.929,192,0,0
2025-08-13 11:45,1402.438,922.215,352.068,1024.954,0,0,0
2025-08-13 12:00,1402.438,922.297,352.068,1025.044,329,0,0
2025-08-13 12:15,1402.438,922.316,352.068,1025.259,74,0,0
2025-08-13 12:30,1402.438,922.376,352.068,1025.442,240,0,0
2025-08-13 12:45,1402.438,922.406,352.068,1025.593,122,0,0
2025-08-13 13:00,1402.438,922.458,352.068,1025.716,205,0,0
2025-08-13 13:15,1402.438,922.474,352.068,1025.859,65,0,0
2025-08-13 13:30,1402.438,922.516,352.068,1026.063,170,0,0
2025-08-13 13:45,1402.438,922.541,352.068,1026.179,100,0,0
2025-08-13 14:00,1402.438,922.603,352.068,1026.265,246,0,0
2025-08-13 14:15,1402.438,922.642,352.068,1026.466,155,0,0
2025-08-13 14:30,1402.438,922.69,352.068,1026.686,195,0,0
2025-08-13 14:45,1402.438,922.69,352.068,1026.887,0,0,0
2025-08-13 15:00,1402.438,922.719,352.068,1027.051,113,0,0
2025-08-13 15:15,1402.438,922.757,352.068,1027.142,153,0,0
2025-08-13 15:30,1402.438,922.791,352.068,1027.245,138,0,0
2025-08-13 15:45,1402.438,922.841,352.068,1027.338,197,0,0
2025-08-13 16:00,1402.438,922.863,352.068,1027.338,91,0,0
2025-08-13 16:15,1402.438,922.894,352.068,1027.346,124,0,0
2025-08-13 16:30,1402.438,922.948,352.068,1027.346,214,0,0
2025-08-13 16:45,1402.438,922.948,352.068,1027.356,0,0,0
2025-08-13 17:00,1402.438,922.99,352.068,1027.356,167,0,0
2025-08-13 17:15,1402.438,923.013,352.068,1027.356,93,0,0
2025-08-13 17:30,1402.438,923.025,352.068,1027.356,47,0,0
2025-08-13 17:45,1402.438,923.061,352.068,1027.356,147,0,0
2025-08-13 18:00,1402.438,923.116,352.068,1027.356,218,0,0
2025-08-13 18:15,1402.438,923.167,352.068,1027.356,203,0,0
2025-08-13 18:30,1402.438,923.194,352.068,1027.356,109,0,0
2025-08-13 18:45,1402.438,923.242,352.068,1027.356,190,0,0
2025-08-13 19:00,1402.438,923.289,352.068,1027.356,189,0,0
2025-08-13 19:15,1402.438,923.407,352.068,1027.356,473,0,0
2025-08-13 19:30,1402.438,923.513,352.068,1027.356,425,0,0
2025-08-13 19:45,1402.438,923.621,352.068,1027.356,429,0,0
2025-08-13 20:00,1402.438,923.757,352.068,1027.356,547,0,0
2025-08-13 20:15,1402.438,923.877,352.068,1027.356,477,0,0
2025-08-13 20:30,1402.438,923.976,352.068,1027.356,396,0,0
2025-08-13 20:45,1402.438,924.062,352.068,1027.356,345,0,0
2025-08-13 21:00,1402.575,924.062,352.068,1027.356,547,0,0
2025-08-13 21:15,1402.684,924.062,352.068,1027.356,436,0,0
2025-08-13 21:30,1402.81,924.062,352.068,1027.356,506,0,0
2025-08-13 21:45,1402.955,924.062,352.068,1027.356,579,0,0
2025-08-13 22:00,1403.049,924.062,352.068,1027.356,375,0,0
2025-08-13 22:15,1403.168,924.062,352.068,1027.356,476,0,0
2025-08-13 22:30,1403.285,924.062,352.068,1027.356,466,0,0
2025-08-13 22:45,1403.412,924.062,352.068,1027.356,510,0,0
2025-08-13 23:00,1403.557,924.062,352.068,1027.356,579,0,0
2025-08-13 23:15,1403.65,924.062,352.068,1027.356,374,0,0
2025-08-13 23:30,1403.782,924.062,352.068,1027.356,526,0,0
2025-08-13 23:45,1403.923,924.062,352.068,1027.356,563,0,0
2025-08-14 00:00,1404.039,924.062,352.068,1027.356,465,0,0
2025-08-14 00:15,1404.156,924.062,352.068,1027.356,469,0,0
2025-08-14 00:30,1404.284,924.062,352.068,1027.356,513,0,0
2025-08-14 00:45,1404.411,924.062,352.068,1027.356,508,0,0
2025-08-14 01:00,1404.543,924.062,352.068,1027.356,527,0,0
2025-08-14 01:15,1404.674,924.062,352.068,1027.356,525,0,0
2025-08-14 01:30,1404.775,924.062,352.068,1027.356,401,0,0
2025-08-14 01:45,1404.914,924.062,352.068,1027.356,559,0,0
2025-08-14 02:00,1405.058,924.062,352.068,1027.356,573,0,0
2025-08-14 02:15,1405.181,924.062,352.068,1027.356,495,0,0
2025-08-14 02:30,1405.272,924.062,352.068,1027.356,360,0,0
2025-08-14 02:45,1405.389,924.062,352.068,1027.356,471,0,0
2025-08-14 03:00,1405.513,924.062,352.068,1027.356,496,0,0
2025-08-14 03:15,1405.61,924.062,352.068,1027.356,388,0,0
2025-08-14 03:30,1405.723,924.062,352.068,1027.356,451,0,0
2025-08-14 03:45,1405.815,924.062,352.068,1027.356,367,0,0
2025-08-14 04:00,1405.947,924.062,352.068,1027.356,529,0,0
2025-08-14 04:15,1406.07,924.062,352.068,1027.356,493,0,0
2025-08-14 04:30,1406.157,924.062,352.068,1027.356,348,0,0
2025-08-14 04:45,1406.284,924.062,352.068,1027.356,508,0,0
2025-08-14 05:00,1406.403,924.062,352.068,1027.356,475,0,0
2025-08-14 05:15,1406.534,924.062,352.068,1027.356,521,0,0
2025-08-14 05:30,1406.646,924.062,352.068,1027.356,449,0,0
2025-08-14 05:45,1406.75,924.062,352.068,1027.356,416,0,0
2025-08-14 06:00,1406.854,924.062,352.068,1027.356,418,0,0
2025-08-14 06:15,1406.964,924.062,352.068,1027.356,437,0,0
2025-08-14 06:30,1407.084,924.062,352.068,1027.356,482,0,0
2025-08-14 06:45,1407.207,924.062,352.068,1027.356,492,0,0
2025-08-14 07:00,1407.207,924.088,352.068,1027.356,105,0,0
2025-08-14 07:15,1407.207,924.11,352.068,1027.356,86,0,0
2025-08-14 07:30,1407.207,924.133,352.068,1027.356,92,0,0
2025-08-14 07:45,1407.207,924.213,352.068,1027.356,321,0,0
2025-08-14 08:00,1407.207,924.227,352.068,1027.356,58,0,0
2025-08-14 08:15,1407.207,924.246,352.068,1027.356,75,0,0
2025-08-14 08:30,1407.207,924.342,352.068,1027.356,384,0,0
2025-08-14 08:45,1407.207,924.38,352.068,1027.356,154,0,0
2025-08-14 09:00,1407.207,924.383,352.068,1027.356,10,0,0
2025-08-14 09:15,1407.207,924.43,352.068,1027.356,187,0,0
2025-08-14 09:30,1407.207,924.442,352.068,1027.356,47,0,0
2025-08-14 09:45,1407.207,924.49,352.068,1027.356,193,0,0
2025-08-14 10:00,1407.207,924.515,352.068,1027.356,103,0,0
2025-08-14 10:15,1407.207,924.537,352.068,1027.358,85,0,0
2025-08-14 10:30,1407.207,924.599,352.068,1027.383,249,0,0
2025-08-14 10:45,1407.207,924.64,352.068,1027.383,165,0,0
2025-08-14 11:00,1407.207,924.69,352.068,1027.394,198,0,0
2025-08-14 11:15,1407.207,924.728,352.068,1027.395,155,0,0
2025-08-14 11:30,1407.207,924.749,352.068,1027.523,84,0,0
2025-08-14 11:45,1407.207,924.792,352.068,1027.651,169,0,0
2025-08-14 12:00,1407.207,924.846,352.068,1027.754,217,0,0
2025-08-14 12:15,1407.207,924.879,352.068,1027.894,131,0,0
2025-08-14 12:30,1407.207,924.945,352.068,1028.049,264,0,0
2025-08-14 12:45,1407.207,924.992,352.068,1028.151,188,0,0
2025-08-14 13:00,1407.207,925.026,352.068,1028.246,137,0,0
2025-08-14 13:15,1407.207,925.061,352.068,1028.372,140,0,0
2025-08-14 13:30,1407.207,925.094,352.068,1028.487,131,0,0
2025-08-14 13:45,1407.207,925.099,352.068,1028.676,20,0,0
2025-08-14 14:00,1407.207,925.127,352.068,1028.799,113,0,0
2025-08-14 14:15,1407.207,925.161,352.068,1029.008,138,0,0
2025-08-14 14:30,1407.207,925.183,352.068,1029.164,87,0,0
2025-08-14 14:45,1407.207,925.22,352.068,1029.296,147,0,0
2025-08-14 15:00,1407.207,925.25,352.068,1029.478,122,0,0
2025-08-14 15:15,1407.207,925.296,352.068,1029.539,182,0,0
2025-08-14 15:30,1407.207,925.339,352.068,1029.622,173,0,0
2025-08-14 15:45,1407.207,925.372,352.068,1029.622,133,0,0
2025-08-14 16:00,1407.207,925.375,352.068,1029.673,11,0,0
2025-08-14 16:15,1407.207,925.441,352.068,1029.688,263,0,0
2025-08-14 16:30,1407.207,925.468,352.068,1029.688,109,0,0
2025-08-14 16:45,1407.207,925.496,352.068,1029.688,114,0,0
2025-08-14 17:00,1407.207,925.519,352.068,1029.688,93,0,0
2025-08-14 17:15,1407.207,925.54,352.068,1029.688,81,0,0
2025-08-14 17:30,1407.207,925.6,352.068,1029.688,244,0,0
2025-08-14 17:45,1407.207,925.658,352.068,1029.688,231,0,0
2025-08-14 18:00,1407.207,925.697,352.068,1029.688,156,0,0
2025-08-14 18:15,1407.207,925.725,352.068,1029.688,111,0,0
2025-08-14 18:30,1407.207,925.767,352.068,1029.688,170,0,0
2025-08-14 18:45,1407.207,925.799,352.068,1029.688,126,0,0
2025-08-14 19:00,1407.207,925.825,352.068,1029.688,105,0,0
2025-08-14 19:15,1407.207,925.952,352.068,1029.688,507,0,0
2025-08-14 19:30,1407.207,926.063,352.068,1029.688,445,0,0
2025-08-14 19:45,1407.207,926.188,352.068,1029.688,500,0,0
2025-08-14 20:00,1407.207,926.312,352.068,1029.688,496,0,0
2025-08-14 20:15,1407.207,926.444,352.068,1029.688,528,0,0
2025-08-14 20:30,1407.207,926.552,352.068,1029.688,430,0,0
2025-08-14 20:45,1407.207,926.686,352.068,1029.688,537,0,0
2025-08-14 21:00,1407.309,926.686,352.068,1029.688,407,0,0
2025-08-14 21:15,1407.417,926.686,352.068,1029.688,434,0,0
2025-08-14 21:30,1407.527,926.686,352.068,1029.688,438,0,0
2025-08-14 21:45,1407.625,926.686,352.068,1029.688,394,0,0
2025-08-14 22:00,1407.766,926.686,352.068,1029.688,561,0,0
2025-08-14 22:15,1407.866,926.686,352.068,1029.688,402,0,0
2025-08-14 22:30,1407.972,926.686,352.068,1029.688,424,0,0
2025-08-14 22:45,1408.117,926.686,352.068,1029.688,580,0,0
2025-08-14 23:00,1408.226,926.686,352.068,1029.688,434,0,0
2025-08-14 23:15,1408.342,926.686,352.068,1029.688,465,0,0
2025-08-14 23:30,1408.442,926.686,352.068,1029.688,399,0,0
2025-08-14 23:45,1408.579,926.686,352.068,1029.688,547,0,0
2025-08-15 00:00,1408.716,926.686,352.068,1029.688,548,0,0
2025-08-15 00:15,1408.85,926.686,352.068,1029.688,539,0,0
2025-08-15 00:30,1408.981,926.686,352.068,1029.688,523,0,0
2025-08-15 00:45,1409.103,926.686,352.068,1029.688,486,0,0
2025-08-15 01:00,1409.212,926.686,352.068,1029.688,438,0,0
2025-08-15 01:15,1409.316,926.686,352.068,1029.688,415,0,0
2025-08-15 01:30,1409.462,926.686,352.068,1029.688,583,0,0
2025-08-15 01:45,1409.597,926.686,352.068,1029.688,541,0,0
2025-08-15 02:00,1409.703,926.686,352.068,1029.688,425,0,0
2025-08-15 02:15,1409.824,926.686,352.068,1029.688,483,0,0
2025-08-15 02:30,1409.938,926.686,352.068,1029.688,456,0,0
2025-08-15 02:45,1410.035,926.686,352.068,1029.688,390,0,0
2025-08-15 03:00,1410.159,926.686,352.068,1029.688,494,0,0
2025-08-15 03:15,1410.27,926.686,352.068,1029.688,447,0,0
2025-08-15 03:30,1410.371,926.686,352.068,1029.688,404,0,0
2025-08-15 03:45,1410.462,926.686,352.068,1029.688,362,0,0
2025-08-15 04:00,1410.551,926.686,352.068,1029.688,355,0,0
2025-08-15 04:15,1410.663,926.686,352.068,1029.688,450,0,0
2025-08-15 04:30,1410.781,926.686,352.068,1029.688,473,0,0
2025-08-15 04:45,1410.884,926.686,352.068,1029.688,410,0,0
2025-08-15 05:00,1411.017,926.686,352.068,1029.688,532,0,0
2025-08-15 05:15,1411.136,926.686,352.068,1029.688,475,0,0
2025-08-15 05:30,1411.267,926.686,352.068,1029.688,526,0,0
2025-08-15 05:45,1411.383,926.686,352.068,1029.688,465,0,0
2025-08-15 06:00,1411.488,926.686,352.068,1029.688,417,0,0
2025-08-15 06:15,1411.61,926.686,352.068,1029.688,489,0,0
2025-08-15 06:30,1411.705,926.686,352.068,1029.688,379,0,0
2025-08-15 06:45,1411.836,926.686,352.068,1029.688,523,0,0
2025-08-15 07:00,1411.836,926.697,352.068,1029.688,45,0,0
2025-08-15 07:15,1411.836,926.746,352.068,1029.688,193,0,0
2025-08-15 07:30,1411.836,926.769,352.068,1029.688,93,0,0
2025-08-15 07:45,1411.836,926.82,352.068,1029.688,205,0,0
2025-08-15 08:00,1411.836,926.828,352.068,1029.688,30,0,0
2025-08-15 08:15,1411.836,926.844,352.068,1029.688,66,0,0
2025-08-15 08:30,1411.836,926.882,352.068,1029.688,150,0,0
2025-08-15 08:45,1411.836,926.935,352.068,1029.688,214,0,0
2025-08-15 09:00,1411.836,926.998,352.068,1029.688,253,0,0
2025-08-15 09:15,1411.836,927.029,352.068,1029.688,123,0,0
2025-08-15 09:30,1411.836,927.096,352.068,1029.688,267,0,0
2025-08-15 09:45,1411.836,927.12,352.068,1029.688,97,0,0
2025-08-15 10:00,1411.836,927.172,352.068,1029.688,208,0,0
2025-08-15 10:15,1411.836,927.183,352.068,1029.688,45,0,0
2025-08-15 10:30,1411.836,927.222,352.068,1029.701,154,0,0
2025-08-15 10:45,1411.836,927.222,352.068,1029.728,0,0,0
2025-08-15 11:00,1411.836,927.229,352.068,1029.755,30,0,0
2025-08-15 11:15,1411.836,927.269,352.068,1029.804,157,0,0
2025-08-15 11:30,1411.836,927.272,352.068,1029.813,15,0,0
2025-08-15 11:45,1411.836,927.311,352.068,1029.9,154,0,0
2025-08-15 12:00,1411.836,927.359,352.068,1029.979,193,0,0
2025-08-15 12:15,1411.836,927.379,352.068,1030.064,80,0,0
2025-08-15 12:30,1411.836,927.39,352.068,1030.159,42,0,0
2025-08-15 12:45,1411.836,927.41,352.068,1030.349,82,0,0
2025-08-15 13:00,1411.836,927.421,352.068,1030.501,43,0,0
2025-08-15 13:15,1411.836,927.449,352.068,1030.658,112,0,0
2025-08-15 13:30,1411.836,927.481,352.068,1030.752,128,0,0
2025-08-15 13:45,1411.836,927.505,352.068,1031.039,96,0,0
2025-08-15 14:00,1411.836,927.568,352.068,1031.142,254,0,0
2025-08-15 14:15,1411.836,927.584,352.068,1031.279,62,0,0
2025-08-15 14:30,1411.836,927.642,352.068,1031.357,231,0,0
2025-08-15 14:45,1411.836,927.651,352.068,1031.521,37,0,0
2025-08-15 15:00,1411.836,927.682,352.068,1031.616,126,0,0
2025-08-15 15:15,1411.836,927.736,352.068,1031.69,215,0,0
2025-08-15 15:30,1411.836,927.789,352.068,1031.804,211,0,0
2025-08-15 15:45,1411.836,927.81,352.068,1031.879,86,0,0
2025-08-15 16:00,1411.836,927.851,352.068,1031.911,164,0,0
2025-08-15 16:15,1411.836,927.89,352.068,1031.924,154,0,0
2025-08-15 16:30,1411.836,927.909,352.068,1031.95,77,0,0
2025-08-15 16:45,1411.836,927.951,352.068,1031.958,169,0,0
2025-08-15 17:00,1411.836,928.018,352.068,1031.958,269,0,0
2025-08-15 17:15,1411.836,928.058,352.068,1031.958,158,0,0
2025-08-15 17:30,1411.836,928.099,352.068,1031.958,165,0,0
2025-08-15 17:45,1411.836,928.143,352.068,1031.958,174,0,0
2025-08-15 18:00,1411.836,928.143,352.068,1031.958,3,0,0
2025-08-15 18:15,1411.836,928.183,352.068,1031.958,157,0,0
2025-08-15 18:30,1411.836,928.192,352.068,1031.958,39,0,0
2025-08-15 18:45,1411.836,928.21,352.068,1031.958,73,0,0
2025-08-15 19:00,1411.836,928.284,352.068,1031.958,293,0,0
2025-08-15 19:15,1411.836,928.399,352.068,1031.958,460,0,0
2025-08-15 19:30,1411.836,928.504,352.068,1031.958,421,0,0
2025-08-15 19:45,1411.836,928.647,352.068,1031.958,572,0,0
2025-08-15 20:00,1411.836,928.748,352.068,1031.958,404,0,0
2025-08-15 20:15,1411.836,928.859,352.068,1031.958,444,0,0
2025-08-15 20:30,1411.836,929.004,352.068,1031.958,580,0,0
2025-08-15 20:45,1411.836,929.125,352.068,1031.958,483,0,0
2025-08-15 21:00,1411.924,929.125,352.068,1031.958,355,0,0
2025-08-15 21:15,1412.055,929.125,352.068,1031.958,524,0,0
2025-08-15 21:30,1412.167,929.125,352.068,1031.958,448,0,0
2025-08-15 21:45,1412.318,929.125,352.068,1031.958,603,0,0
2025-08-15 22:00,1412.426,929.125,352.068,1031.958,432,0,0
2025-08-15 22:15,1412.567,929.125,352.068,1031.958,564,0,0
2025-08-15 22:30,1412.722,929.125,352.068,1031.958,622,0,0
2025-08-15 22:45,1412.825,929.125,352.068,1031.958,412,0,0
2025-08-15 23:00,1412.942,929.125,352.068,1031.958,465,0,0
2025-08-15 23:15,1413.069,929.125,352.068,1031.958,511,0,0
2025-08-15 23:30,1413.172,929.125,352.068,1031.958,411,0,0
2025-08-15 23:45,1413.298,929.125,352.068,1031.958,502,0,0
2025-08-16 00:00,1413.413,929.125,352.068,1031.958,462,0,0
2025-08-16 00:15,1413.528,929.125,352.068,1031.958,460,0,0
2025-08-16 00:30,1413.649,929.125,352.068,1031.958,484,0,0
2025-08-16 00:45,1413.771,929.125,352.068,1031.958,486,0,0
2025-08-16 01:00,1413.894,929.125,352.068,1031.958,493,0,0
2025-08-16 01:15,1414.002,929.125,352.068,1031.958,432,0,0
2025-08-16 01:30,1414.111,929.125,352.068,1031.958,436,0,0
2025-08-16 01:45,1414.228,929.125,352.068,1031.958,471,0,0
2025-08-16 02:00,1414.348,929.125,352.068,1031.958,476,0,0
2025-08-16 02:15,1414.459,929.125,352.068,1031.958,445,0,0
2025-08-16 02:30,1414.585,929.125,352.068,1031.958,506,0,0
2025-08-16 02:45,1414.669,929.125,352.068,1031.958,335,0,0
2025-08-16 03:00,1414.774,929.125,352.068,1031.958,422,0,0
2025-08-16 03:15,1414.889,929.125,352.068,1031.958,458,0,0
2025-08-16 03:30,1414.992,929.125,352.068,1031.958,412,0,0
2025-08-16 03:45,1415.144,929.125,352.068,1031.958,610,0,0
2025-08-16 04:00,1415.265,929.125,352.068,1031.958,482,0,0
2025-08-16 04:15,1415.388,929.125,352.068,1031.958,494,0,0
2025-08-16 04:30,1415.498,929.125,352.068,1031.958,441,0,0
2025-08-16 04:45,1415.618,929.125,352.068,1031.958,479,0,0
2025-08-16 05:00,1415.714,929.125,352.068,1031.958,383,0,0
2025-08-16 05:15,1415.83,929.125,352.068,1031.958,466,0,0
2025-08-16 05:30,1415.932,929.125,352.068,1031.958,405,0,0
2025-08-16 05:45,1416.046,929.125,352.068,1031.958,458,0,0
2025-08-16 06:00,1416.115,929.125,352.068,1031.958,275,0,0
2025-08-16 06:15,1416.212,929.125,352.068,1031.958,390,0,0
2025-08-16 06:30,1416.362,929.125,352.068,1031.958,597,0,0
2025-08-16 06:45,1416.498,929.125,352.068,1031.958,546,0,0
2025-08-16 07:00,1416.555,929.125,352.068,1031.958,226,0,0
2025-08-16 07:15,1416.612,929.125,352.068,1031.958,231,0,0
2025-08-16 07:30,1416.656,929.125,352.068,1031.958,174,0,0
2025-08-16 07:45,1416.677,929.125,352.068,1031.958,84,0,0
2025-08-16 08:00,1416.686,929.125,352.068,1031.958,37,0,0
2025-08-16 08:15,1416.739,929.125,352.068,1031.958,212,0,0
2025-08-16 08:30,1416.77,929.125,352.068,1031.958,125,0,0
2025-08-16 08:45,1416.85,929.125,352.068,1031.958,320,0,0
2025-08-16 09:00,1416.873,929.125,352.068,1031.958,91,0,0
2025-08-16 09:15,1416.942,929.125,352.068,1031.958,278,0,0
2025-08-16 09:30,1416.969,929.125,352.068,1031.958,107,0,0
2025-08-16 09:45,1417.026,929.125,352.068,1031.958,227,0,0
2025-08-16 10:00,1417.09,929.125,352.068,1031.958,256,0,0
2025-08-16 10:15,1417.099,929.125,352.068,1031.958,38,0,0
2025-08-16 10:30,1417.12,929.125,352.096,1031.958,81,0,0
2025-08-16 10:45,1417.129,929.125,352.099,1031.958,37,0,0
2025-08-16 11:00,1417.134,929.125,352.16,1031.958,22,0,0
2025-08-16 11:15,1417.178,929.125,352.164,1031.958,173,0,0
2025-08-16 11:30,1417.204,929.125,352.226,1031.958,104,0,0
2025-08-16 11:45,1417.235,929.125,352.291,1031.958,124,0,0
2025-08-16 12:00,1417.276,929.125,352.347,1031.958,164,0,0
2025-08-16 12:15,1417.276,929.125,352.448,1031.958,0,0,0
2025-08-16 12:30,1417.332,929.125,352.622,1031.958,223,0,0
2025-08-16 12:45,1417.355,929.125,352.777,1031.958,92,0,0
2025-08-16 13:00,1417.395,929.125,353.026,1031.958,163,0,0
2025-08-16 13:15,1417.438,929.125,353.299,1031.958,170,0,0
2025-08-16 13:30,1417.495,929.125,353.473,1031.958,230,0,0
2025-08-16 13:45,1417.523,929.125,353.764,1031.958,112,0,0
2025-08-16 14:00,1417.523,929.125,353.832,1031.958,0,0,0
2025-08-16 14:15,1417.554,929.125,353.939,1031.958,125,0,0
2025-08-16 14:30,1417.588,929.125,354.065,1031.958,136,0,0
2025-08-16 14:45,1417.598,929.125,354.206,1031.958,37,0,0
2025-08-16 15:00,1417.631,929.125,354.32,1031.958,132,0,0
2025-08-16 15:15,1417.653,929.125,354.416,1031.958,91,0,0
2025-08-16 15:30,1417.657,929.125,354.533,1031.958,13,0,0
2025-08-16 15:45,1417.7,929.125,354.557,1031.958,174,0,0
2025-08-16 16:00,1417.719,929.125,354.615,1031.958,75,0,0
2025-08-16 16:15,1417.741,929.125,354.634,1031.958,87,0,0
2025-08-16 16:30,1417.761,929.125,354.634,1031.958,83,0,0
2025-08-16 16:45,1417.816,929.125,354.634,1031.958,219,0,0
2025-08-16 17:00,1417.845,929.125,354.634,1031.958,117,0,0
2025-08-16 17:15,1417.877,929.125,354.634,1031.958,126,0,0
2025-08-16 17:30,1417.898,929.125,354.634,1031.958,85,0,0
2025-08-16 17:45,1417.937,929.125,354.634,1031.958,157,0,0
2025-08-16 18:00,1417.994,929.125,354.634,1031.958,228,0,0
2025-08-16 18:15,1418.037,929.125,354.634,1031.958,172,0,0
2025-08-16 18:30,1418.081,929.125,354.634,1031.958,175,0,0
2025-08-16 18:45,1418.123,929.125,354.634,1031.958,168,0,0
2025-08-16 19:00,1418.125,929.125,354.634,1031.958,10,0,0
2025-08-16 19:15,1418.228,929.125,354.634,1031.958,410,0,0
2025-08-16 19:30,1418.344,929.125,354.634,1031.958,464,0,0
2025-08-16 19:45,1418.449,929.125,354.634,1031.958,422,0,0
2025-08-16 20:00,1418.548,929.125,354.634,1031.958,395,0,0
2025-08-16 20:15,1418.631,929.125,354.634,1031.958,330,0,0
2025-08-16 20:30,1418.724,929.125,354.634,1031.958,372,0,0
2025-08-16 20:45,1418.838,929.125,354.634,1031.958,459,0,0
2025-08-16 21:00,1418.957,929.125,354.634,1031.958,474,0,0
2025-08-16 21:15,1419.061,929.125,354.634,1031.958,417,0,0
2025-08-16 21:30,1419.183,929.125,354.634,1031.958,486,0,0
2025-08-16 21:45,1419.294,929.125,354.634,1031.958,445,0,0
2025-08-16 22:00,1419.436,929.125,354.634,1031.958,567,0,0
2025-08-16 22:15,1419.553,929.125,354.634,1031.958,467,0,0
2025-08-16 22:30,1419.687,929.125,354.634,1031.958,536,0,0
2025-08-16 22:45,1419.811,929.125,354.634,1031.958,496,0,0
2025-08-16 23:00,1419.903,929.125,354.634,1031.958,368,0,0
2025-08-16 23:15,1420.021,929.125,354.634,1031.958,473,0,0
2025-08-16 23:30,1420.116,929.125,354.634,1031.958,381,0,0
2025-08-16 23:45,1420.234,929.125,354.634,1031.958,471,0,0
2025-08-17 00:00,1420.339,929.125,354.634,1031.958,420,0,0
2025-08-17 00:15,1420.467,929.125,354.634,1031.958,511,0,0
2025-08-17 00:30,1420.56,929.125,354.634,1031.958,373,0,0
2025-08-17 00:45,1420.68,929.125,354.634,1031.958,481,0,0
2025-08-17 01:00,1420.812,929.125,354.634,1031.958,526,0,0
2025-08-17 01:15,1420.95,929.125,354.634,1031.958,553,0,0
2025-08-17 01:30,1421.054,929.125,354.634,1031.958,419,0,0
2025-08-17 01:45,1421.175,929.125,354.634,1031.958,481,0,0
2025-08-17 02:00,1421.299,929.125,354.634,1031.958,495,0,0
2025-08-17 02:15,1421.449,929.125,354.634,1031.958,604,0,0
2025-08-17 02:30,1421.54,929.125,354.634,1031.958,361,0,0
2025-08-17 02:45,1421.642,929.125,354.634,1031.958,407,0,0
2025-08-17 03:00,1421.818,929.125,354.634,1031.958,704,0,0
2025-08-17 03:15,1421.932,929.125,354.634,1031.958,458,0,0
2025-08-17 03:30,1422.014,929.125,354.634,1031.958,329,0,0
2025-08-17 03:45,1422.123,929.125,354.634,1031.958,433,0,0
2025-08-17 04:00,1422.187,929.125,354.634,1031.958,258,0,0
2025-08-17 04:15,1422.312,929.125,354.634,1031.958,499,0,0
2025-08-17 04:30,1422.448,929.125,354.634,1031.958,545,0,0
2025-08-17 04:45,1422.55,929.125,354.634,1031.958,407,0,0
2025-08-17 05:00,1422.661,929.125,354.634,1031.958,442,0,0
2025-08-17 05:15,1422.799,929.125,354.634,1031.958,554,0,0
2025-08-17 05:30,1422.884,929.125,354.634,1031.958,340,0,0
2025-08-17 05:45,1422.978,929.125,354.634,1031.958,374,0,0
2025-08-17 06:00,1423.093,929.125,354.634,1031.958,462,0,0
2025-08-17 06:15,1423.198,929.125,354.634,1031.958,420,0,0
2025-08-17 06:30,1423.312,929.125,354.634,1031.958,456,0,0
2025-08-17 06:45,1423.407,929.125,354.634,1031.958,379,0,0
2025-08-17 07:00,1423.441,929.125,354.634,1031.958,137,0,0
2025-08-17 07:15,1423.468,929.125,354.634,1031.958,108,0,0
2025-08-17 07:30,1423.509,929.125,354.634,1031.958,164,0,0
2025-08-17 07:45,1423.543,929.125,354.634,1031.958,136,0,0
2025-08-17 08:00,1423.577,929.125,354.634,1031.958,137,0,0
2025-08-17 08:15,1423.579,929.125,354.634,1031.958,4,0,0
2025-08-17 08:30,1423.618,929.125,354.634,1031.958,159,0,0
2025-08-17 08:45,1423.642,929.125,354.634,1031.958,94,0,0
2025-08-17 09:00,1423.668,929.125,354.634,1031.958,107,0,0
2025-08-17 09:15,1423.719,929.125,354.634,1031.958,204,0,0
2025-08-17 09:30,1423.735,929.125,354.634,1031.958,62,0,0
2025-08-17 09:45,1423.792,929.125,354.634,1031.958,228,0,0
2025-08-17 10:00,1423.851,929.125,354.634,1031.958,236,0,0
2025-08-17 10:15,1423.896,929.125,354.635,1031.958,180,0,0
2025-08-17 10:30,1423.906,929.125,354.653,1031.958,42,0,0
2025-08-17 10:45,1423.906,929.125,354.666,1031.958,0,0,0
2025-08-17 11:00,1423.958,929.125,354.718,1031.958,206,0,0
2025-08-17 11:15,1423.99,929.125,354.751,1031.958,129,0,0
2025-08-17 11:30,1424.005,929.125,354.857,1031.958,60,0,0
2025-08-17 11:45,1424.059,929.125,354.991,1031.958,214,0,0
2025-08-17 12:00,1424.072,929.125,355.109,1031.958,51,0,0
2025-08-17 12:15,1424.093,929.125,355.181,1031.958,86,0,0
2025-08-17 12:30,1424.134,929.125,355.421,1031.958,162,0,0
2025-08-17 12:45,1424.141,929.125,355.678,1031.958,31,0,0
2025-08-17 13:00,1424.169,929.125,355.874,1031.958,111,0,0
2025-08-17 13:15,1424.221,929.125,356.167,1031.958,207,0,0
2025-08-17 13:30,1424.255,929.125,356.345,1031.958,137,0,0
2025-08-17 13:45,1424.31,929.125,356.49,1031.958,220,0,0
2025-08-17 14:00,1424.363,929.125,356.649,1031.958,211,0,0
2025-08-17 14:15,1424.393,929.125,356.705,1031.958,121,0,0
2025-08-17 14:30,1424.393,929.125,356.857,1031.958,0,0,0
2025-08-17 14:45,1424.401,929.125,357.014,1031.958,32,0,0
2025-08-17 15:00,1424.446,929.125,357.055,1031.958,181,0,0
2025-08-17 15:15,1424.446,929.125,357.105,1031.958,0,0,0
2025-08-17 15:30,1424.469,929.125,357.2,1031.958,94,0,0
2025-08-17 15:45,1424.506,929.125,357.279,1031.958,147,0,0
2025-08-17 16:00,1424.566,929.125,357.351,1031.958,238,0,0
2025-08-17 16:15,1424.584,929.125,357.351,1031.958,74,0,0
2025-08-17 16:30,1424.601,929.125,357.37,1031.958,69,0,0
2025-08-17 16:45,1424.63,929.125,357.37,1031.958,116,0,0
2025-08-17 17:00,1424.667,929.125,357.37,1031.958,148,0,0
2025-08-17 17:15,1424.694,929.125,357.37,1031.958,108,0,0
2025-08-17 17:30,1424.745,929.125,357.37,1031.958,204,0,0
2025-08-17 17:45,1424.759,929.125,357.37,1031.958,56,0,0
2025-08-17 18:00,1424.792,929.125,357.37,1031.958,130,0,0
2025-08-17 18:15,1424.83,929.125,357.37,1031.958,156,0,0
2025-08-17 18:30,1424.852,929.125,357.37,1031.958,88,0,0
2025-08-17 18:45,1424.899,929.125,357.37,1031.958,187,0,0
2025-08-17 19:00,1424.932,929.125,357.37,1031.958,132,0,0
2025-08-17 19:15,1425.068,929.125,357.37,1031.958,543,0,0
2025-08-17 19:30,1425.192,929.125,357.37,1031.958,496,0,0
2025-08-17 19:45,1425.319,929.125,357.37,1031.958,510,0,0
2025-08-17 20:00,1425.427,929.125,357.37,1031.958,429,0,0
2025-08-17 20:15,1425.534,929.125,357.37,1031.958,430,0,0
2025-08-17 20:30,1425.679,929.125,357.37,1031.958,578,0,0
2025-08-17 20:45,1425.811,929.125,357.37,1031.958,531,0,0
2025-08-17 21:00,1425.911,929.125,357.37,1031.958,398,0,0
2025-08-17 21:15,1426.034,929.125,357.37,1031.958,494,0,0
2025-08-17 21:30,1426.107,929.125,357.37,1031.958,290,0,0
2025-08-17 21:45,1426.216,929.125,357.37,1031.958,434,0,0
2025-08-17 22:00,1426.355,929.125,357.37,1031.958,557,0,0
2025-08-17 22:15,1426.472,929.125,357.37,1031.958,470,0,0
2025-08-17 22:30,1426.595,929.125,357.37,1031.958,489,0,0
2025-08-17 22:45,1426.654,929.125,357.37,1031.958,239,0,0
2025-08-17 23:00,1426.766,929.125,357.37,1031.958,449,0,0
2025-08-17 23:15,1426.893,929.125,357.37,1031.958,507,0,0
2025-08-17 23:30,1427.023,929.125,357.37,1031.958,517,0,0
2025-08-17 23:45,1427.162,929.125,357.37,1031.958,557,0,0
2025-08-18 00:00,1427.278,929.125,357.37,1031.958,463,0,0
2025-08-18 00:15,1427.394,929.125,357.37,1031.958,467,0,0
2025-08-18 00:30,1427.488,929.125,357.37,1031.958,373,0,0
2025-08-18 00:45,1427.604,929.125,357.37,1031.958,464,0,0
2025-08-18 01:00,1427.698,929.125,357.37,1031.958,379,0,0
2025-08-18 01:15,1427.781,929.125,357.37,1031.958,332,0,0
2025-08-18 01:30,1427.88,929.125,357.37,1031.958,393,0,0
2025-08-18 01:45,1428.03,929.125,357.37,1031.958,601,0,0
2025-08-18 02:00,1428.144,929.125,357.37,1031.958,458,0,0
2025-08-18 02:15,1428.269,929.125,357.37,1031.958,498,0,0
2025-08-18 02:30,1428.379,929.125,357.37,1031.958,439,0,0
2025-08-18 02:45,1428.463,929.125,357.37,1031.958,337,0,0
2025-08-18 03:00,1428.601,929.125,357.37,1031.958,555,0,0
2025-08-18 03:15,1428.678,929.125,357.37,1031.958,306,0,0
2025-08-18 03:30,1428.787,929.125,357.37,1031.958,436,0,0
2025-08-18 03:45,1428.906,929.125,357.37,1031.958,476,0,0
2025-08-18 04:00,1429.03,929.125,357.37,1031.958,498,0,0
2025-08-18 04:15,1429.136,929.125,357.37,1031.958,422,0,0
2025-08-18 04:30,1429.219,929.125,357.37,1031.958,333,0,0
2025-08-18 04:45,1429.323,929.125,357.37,1031.958,416,0,0
2025-08-18 05:00,1429.428,929.125,357.37,1031.958,420,0,0
2025-08-18 05:15,1429.533,929.125,357.37,1031.958,418,0,0
2025-08-18 05:30,1429.672,929.125,357.37,1031.958,558,0,0
2025-08-18 05:45,1429.768,929.125,357.37,1031.958,383,0,0
2025-08-18 06:00,1429.894,929.125,357.37,1031.958,504,0,0
2025-08-18 06:15,1430.017,929.125,357.37,1031.958,493,0,0
2025-08-18 06:30,1430.156,929.125,357.37,1031.958,557,0,0
2025-08-18 06:45,1430.274,929.125,357.37,1031.958,469,0,0
2025-08-18 07:00,1430.274,929.171,357.37,1031.958,183,0,0
2025-08-18 07:15,1430.274,929.197,357.37,1031.958,106,0,0
2025-08-18 07:30,1430.274,929.236,357.37,1031.958,155,0,0
2025-08-18 07:45,1430.274,929.236,357.37,1031.958,0,0,0
2025-08-18 08:00,1430.274,929.236,357.37,1031.958,0,0,0
2025-08-18 08:15,1430.274,929.273,357.37,1031.958,150,0,0
2025-08-18 08:30,1430.274,929.312,357.37,1031.958,154,0,0
2025-08-18 08:45,1430.274,929.352,357.37,1031.958,158,0,0
2025-08-18 09:00,1430.274,929.371,357.37,1031.958,78,0,0
2025-08-18 09:15,1430.274,929.431,357.37,1031.958,239,0,0
2025-08-18 09:30,1430.274,929.452,357.37,1031.958,83,0,0
2025-08-18 09:45,1430.274,929.49,357.37,1031.958,154,0,0
2025-08-18 10:00,1430.274,929.532,357.37,1031.958,168,0,0
2025-08-18 10:15,1430.274,929.596,357.37,1031.958,257,0,0
2025-08-18 10:30,1430.274,929.62,357.37,1031.97,95,0,0
2025-08-18 10:45,1430.274,929.637,357.37,1031.97,68,0,0
2025-08-18 11:00,1430.274,929.637,357.37,1032.035,0,0,0
2025-08-18 11:15,1430.274,929.698,357.37,1032.064,244,0,0
2025-08-18 11:30,1430.274,929.736,357.37,1032.075,154,0,0
2025-08-18 11:45,1430.274,929.776,357.37,1032.1,156,0,0
2025-08-18 12:00,1430.274,929.868,357.37,1032.199,369,0,0
2025-08-18 12:15,1430.274,929.904,357.37,1032.238,146,0,0
2025-08-18 12:30,1430.274,929.908,357.37,1032.438,16,0,0
2025-08-18 12:45,1430.274,929.934,357.37,1032.677,104,0,0
2025-08-18 13:00,1430.274,929.945,357.37,1032.731,42,0,0
2025-08-18 13:15,1430.274,929.967,357.37,1032.981,88,0,0
2025-08-18 13:30,1430.274,929.989,357.37,1033.277,88,0,0
2025-08-18 13:45,1430.274,930.007,357.37,1033.338,73,0,0
2025-08-18 14:00,1430.274,930.009,357.37,1033.559,9,0,0
2025-08-18 14:15,1430.274,930.071,357.37,1033.827,247,0,0
2025-08-18 14:30,1430.274,930.107,357.37,1034.032,144,0,0
2025-08-18 14:45,1430.274,930.133,357.37,1034.158,102,0,0
2025-08-18 15:00,1430.274,930.178,357.37,1034.329,181,0,0
2025-08-18 15:15,1430.274,930.217,357.37,1034.446,158,0,0
2025-08-18 15:30,1430.274,930.253,357.37,1034.487,142,0,0
2025-08-18 15:45,1430.274,930.296,357.37,1034.506,175,0,0
2025-08-18 16:00,1430.274,930.329,357.37,1034.537,131,0,0
2025-08-18 16:15,1430.274,930.373,357.37,1034.543,174,0,0
2025-08-18 16:30,1430.274,930.418,357.37,1034.543,180,0,0
2025-08-18 16:45,1430.274,930.451,357.37,1034.543,133,0,0
2025-08-18 17:00,1430.274,930.476,357.37,1034.543,102,0,0
2025-08-18 17:15,1430.274,930.537,357.37,1034.543,242,0,0
2025-08-18 17:30,1430.274,930.557,357.37,1034.543,82,0,0
2025-08-18 17:45,1430.274,930.595,357.37,1034.543,151,0,0
2025-08-18 18:00,1430.274,930.634,357.37,1034.543,153,0,0
2025-08-18 18:15,1430.274,930.651,357.37,1034.543,71,0,0
2025-08-18 18:30,1430.274,930.665,357.37,1034.543,55,0,0
2025-08-18 18:45,1430.274,930.688,357.37,1034.543,92,0,0
2025-08-18 19:00,1430.274,930.708,357.37,1034.543,81,0,0
2025-08-18 19:15,1430.274,930.799,357.37,1034.543,363,0,0
2025-08-18 19:30,1430.274,930.906,357.37,1034.543,428,0,0
2025-08-18 19:45,1430.274,931.031,357.37,1034.543,501,0,0
2025-08-18 20:00,1430.274,931.177,357.37,1034.543,581,0,0
2025-08-18 20:15,1430.274,931.308,357.37,1034.543,524,0,0
2025-08-18 20:30,1430.274,931.376,357.37,1034.543,272,0,0
2025-08-18 20:45,1430.274,931.509,357.37,1034.543,531,0,0
2025-08-18 21:00,1430.382,931.509,357.37,1034.543,435,0,0
2025-08-18 21:15,1430.511,931.509,357.37,1034.543,516,0,0
2025-08-18 21:30,1430.631,931.509,357.37,1034.543,479,0,0
2025-08-18 21:45,1430.747,931.509,357.37,1034.543,465,0,0
2025-08-18 22:00,1430.865,931.509,357.37,1034.543,472,0,0
2025-08-18 22:15,1430.985,931.509,357.37,1034.543,478,0,0
2025-08-18 22:30,1431.132,931.509,357.37,1034.543,588,0,0
2025-08-18 22:45,1431.251,931.509,357.37,1034.543,478,0,0
2025-08-18 23:00,1431.393,931.509,357.37,1034.543,567,0,0
2025-08-18 23:15,1431.532,931.509,357.37,1034.543,555,0,0
2025-08-18 23:30,1431.665,931.509,357.37,1034.543,533,0,0
2025-08-18 23:45,1431.749,931.509,357.37,1034.543,337,0,0
2025-08-19 00:00,1431.892,931.509,357.37,1034.543,569,0,0
2025-08-19 00:15,1432.003,931.509,357.37,1034.543,443,0,0
2025-08-19 00:30,1432.137,931.509,357.37,1034.543,537,0,0
2025-08-19 00:45,1432.237,931.509,357.37,1034.543,402,0,0
2025-08-19 01:00,1432.334,931.509,357.37,1034.543,385,0,0
2025-08-19 01:15,1432.493,931.509,357.37,1034.543,638,0,0
2025-08-19 01:30,1432.594,931.509,357.37,1034.543,403,0,0
2025-08-19 01:45,1432.737,931.509,357.37,1034.543,572,0,0
2025-08-19 02:00,1432.859,931.509,357.37,1034.543,489,0,0
2025-08-19 02:15,1432.971,931.509,357.37,1034.543,446,0,0
2025-08-19 02:30,1433.09,931.509,357.37,1034.543,476,0,0
2025-08-19 02:45,1433.184,931.509,357.37,1034.543,376,0,0
2025-08-19 03:00,1433.304,931.509,357.37,1034.543,479,0,0
2025-08-19 03:15,1433.402,931.509,357.37,1034.543,393,0,0
2025-08-19 03:30,1433.514,931.509,357.37,1034.543,448,0,0
2025-08-19 03:45,1433.653,931.509,357.37,1034.543,554,0,0
2025-08-19 04:00,1433.778,931.509,357.37,1034.543,500,0,0
2025-08-19 04:15,1433.868,931.509,357.37,1034.543,361,0,0
2025-08-19 04:30,1434.005,931.509,357.37,1034.543,548,0,0
2025-08-19 04:45,1434.125,931.509,357.37,1034.543,479,0,0
2025-08-19 05:00,1434.234,931.509,357.37,1034.543,437,0,0
2025-08-19 05:15,1434.369,931.509,357.37,1034.543,540,0,0
2025-08-19 05:30,1434.486,931.509,357.37,1034.543,467,0,0
2025-08-19 05:45,1434.583,931.509,357.37,1034.543,387,0,0
2025-08-19 06:00,1434.739,931.509,357.37,1034.543,628,0,0
2025-08-19 06:15,1434.859,931.509,357.37,1034.543,479,0,0
2025-08-19 06:30,1434.977,931.509,357.37,1034.543,473,0,0
2025-08-19 06:45,1435.089,931.509,357.37,1034.543,448,0,0
2025-08-19 07:00,1435.089,931.562,357.37,1034.543,214,0,0
2025-08-19 07:15,1435.089,931.582,357.37,1034.543,78,0,0
2025-08-19 07:30,1435.089,931.582,357.37,1034.543,0,0,0
2025-08-19 07:45,1435.089,931.598,357.37,1034.543,66,0,0
2025-08-19 08:00,1435.089,931.655,357.37,1034.543,226,0,0
2025-08-19 08:15,1435.089,931.701,357.37,1034.543,187,0,0
2025-08-19 08:30,1435.089,931.726,357.37,1034.543,100,0,0
2025-08-19 08:45,1435.089,931.784,357.37,1034.543,230,0,0
2025-08-19 09:00,1435.089,931.829,357.37,1034.543,180,0,0
2025-08-19 09:15,1435.089,931.853,357.37,1034.543,99,0,0
2025-08-19 09:30,1435.089,931.88,357.37,1034.543,107,0,0
2025-08-19 09:45,1435.089,931.917,357.37,1034.543,146,0,0
2025-08-19 10:00,1435.089,931.93,357.37,1034.543,53,0,0
2025-08-19 10:15,1435.089,931.96,357.37,1034.543,120,0,0
2025-08-19 10:30,1435.089,931.996,357.37,1034.543,145,0,0
2025-08-19 10:45,1435.089,931.996,357.37,1034.56,0,0,0
2025-08-19 11:00,1435.089,932.023,357.37,1034.629,105,0,0
2025-08-19 11:15,1435.089,932.046,357.37,1034.72,96,0,0
2025-08-19 11:30,1435.089,932.097,357.37,1034.738,202,0,0
2025-08-19 11:45,1435.089,932.097,357.37,1034.806,0,0,0
2025-08-19 12:00,1435.089,932.119,357.37,1034.915,89,0,0
2025-08-19 12:15,1435.089,932.14,357.37,1035.12,81,0,0
2025-08-19 12:30,1435.089,932.189,357.37,1035.328,197,0,0
2025-08-19 12:45,1435.089,932.218,357.37,1035.46,117,0,0
2025-08-19 13:00,1435.089,932.284,357.37,1035.719,264,0,0
2025-08-19 13:15,1435.089,932.327,357.37,1035.864,173,0,0
2025-08-19 13:30,1435.089,932.349,357.37,1035.986,87,0,0
2025-08-19 13:45,1435.089,932.384,357.37,1036.187,139,0,0
2025-08-19 14:00,1435.089,932.407,357.37,1036.322,92,0,0
2025-08-19 14:15,1435.089,932.454,357.37,1036.506,189,0,0
2025-08-19 14:30,1435.089,932.457,357.37,1036.63,13,0,0
2025-08-19 14:45,1435.089,932.471,357.37,1036.811,54,0,0
2025-08-19 15:00,1435.089,932.51,357.37,1036.994,156,0,0
2025-08-19 15:15,1435.089,932.564,357.37,1037.047,218,0,0
2025-08-19 15:30,1435.089,932.564,357.37,1037.115,0,0,0
2025-08-19 15:45,1435.089,932.622,357.37,1037.186,230,0,0
2025-08-19 16:00,1435.089,932.649,357.37,1037.187,109,0,0
2025-08-19 16:15,1435.089,932.649,357.37,1037.222,0,0,0
2025-08-19 16:30,1435.089,932.649,357.37,1037.228,0,0,0
2025-08-19 16:45,1435.089,932.649,357.37,1037.228,0,0,0
2025-08-19 17:00,1435.089,932.679,357.37,1037.228,118,0,0
2025-08-19 17:15,1435.089,932.707,357.37,1037.228,115,0,0
2025-08-19 17:30,1435.089,932.75,357.37,1037.228,171,0,0
2025-08-19 17:45,1435.089,932.769,357.37,1037.228,76,0,0
2025-08-19 18:00,1435.089,932.777,357.37,1037.228,31,0,0
2025-08-19 18:15,1435.089,932.799,357.37,1037.228,87,0,0
2025-08-19 18:30,1435.089,932.829,357.37,1037.228,123,0,0
2025-08-19 18:45,1435.089,932.864,357.37,1037.228,138,0,0
2025-08-19 19:00,1435.089,932.878,357.37,1037.228,57,0,0
2025-08-19 19:15,1435.089,933.016,357.37,1037.228,552,0,0
2025-08-19 19:30,1435.089,933.124,357.37,1037.228,430,0,0
2025-08-19 19:45,1435.089,933.226,357.37,1037.228,410,0,0
2025-08-19 20:00,1435.089,933.336,357.37,1037.228,437,0,0
2025-08-19 20:15,1435.089,933.477,357.37,1037.228,566,0,0
2025-08-19 20:30,1435.089,933.594,357.37,1037.228,469,0,0
2025-08-19 20:45,1435.089,933.7,357.37,1037.228,424,0,0
2025-08-19 21:00,1435.228,933.7,357.37,1037.228,554,0,0
2025-08-19 21:15,1435.391,933.7,357.37,1037.228,651,0,0
2025-08-19 21:30,1435.515,933.7,357.37,1037.228,497,0,0
2025-08-19 21:45,1435.66,933.7,357.37,1037.228,579,0,0
2025-08-19 22:00,1435.8,933.7,357.37,1037.228,563,0,0
2025-08-19 22:15,1435.908,933.7,357.37,1037.228,432,0,0
2025-08-19 22:30,1436.029,933.7,357.37,1037.228,482,0,0
2025-08-19 22:45,1436.123,933.7,357.37,1037.228,377,0,0
2025-08-19 23:00,1436.239,933.7,357.37,1037.228,464,0,0
2025-08-19 23:15,1436.347,933.7,357.37,1037.228,430,0,0
2025-08-19 23:30,1436.458,933.7,357.37,1037.228,448,0,0
2025-08-19 23:45,1436.563,933.7,357.37,1037.228,420,0,0
2025-08-20 00:00,1436.678,933.7,357.37,1037.228,457,0,0
2025-08-20 00:15,1436.808,933.7,357.37,1037.228,523,0,0
2025-08-20 00:30,1436.926,933.7,357.37,1037.228,470,0,0
2025-08-20 00:45,1437.009,933.7,357.37,1037.228,331,0,0
2025-08-20 01:00,1437.114,933.7,357.37,1037.228,420,0,0
2025-08-20 01:15,1437.203,933.7,357.37,1037.228,358,0,0
2025-08-20 01:30,1437.328,933.7,357.37,1037.228,500,0,0
2025-08-20 01:45,1437.458,933.7,357.37,1037.228,520,0,0
2025-08-20 02:00,1437.583,933.7,357.37,1037.228,501,0,0
2025-08-20 02:15,1437.688,933.7,357.37,1037.228,417,0,0
2025-08-20 02:30,1437.813,933.7,357.37,1037.228,500,0,0
2025-08-20 02:45,1437.923,933.7,357.37,1037.228,442,0,0
2025-08-20 03:00,1438.02,933.7,357.37,1037.228,389,0,0
2025-08-20 03:15,1438.155,933.7,357.37,1037.228,539,0,0
2025-08-20 03:30,1438.292,933.7,357.37,1037.228,545,0,0
2025-08-20 03:45,1438.431,933.7,357.37,1037.228,556,0,0
2025-08-20 04:00,1438.538,933.7,357.37,1037.228,431,0,0
2025-08-20 04:15,1438.682,933.7,357.37,1037.228,574,0,0
2025-08-20 04:30,1438.792,933.7,357.37,1037.228,441,0,0
2025-08-20 04:45,1438.925,933.7,357.37,1037.228,532,0,0
2025-08-20 05:00,1439.035,933.7,357.37,1037.228,439,0,0
2025-08-20 05:15,1439.151,933.7,357.37,1037.228,462,0,0
2025-08-20 05:30,1439.222,933.7,357.37,1037.228,286,0,0
2025-08-20 05:45,1439.336,933.7,357.37,1037.228,456,0,0
2025-08-20 06:00,1439.458,933.7,357.37,1037.228,487,0,0
2025-08-20 06:15,1439.57,933.7,357.37,1037.228,447,0,0
2025-08-20 06:30,1439.725,933.7,357.37,1037.228,620,0,0
2025-08-20 06:45,1439.822,933.7,357.37,1037.228,387,0,0
2025-08-20 07:00,1439.822,933.719,357.37,1037.228,75,0,0
2025-08-20 07:15,1439.822,933.731,357.37,1037.228,48,0,0
2025-08-20 07:30,1439.822,933.75,357.37,1037.228,75,0,0
2025-08-20 07:45,1439.822,933.8,357.37,1037.228,203,0,0
2025-08-20 08:00,1439.822,933.86,357.37,1037.228,238,0,0
2025-08-20 08:15,1439.822,933.876,357.37,1037.228,64,0,0
2025-08-20 08:30,1439.822,933.892,357.37,1037.228,62,0,0
2025-08-20 08:45,1439.822,933.898,357.37,1037.228,27,0,0
2025-08-20 09:00,1439.822,933.955,357.37,1037.228,225,0,0
2025-08-20 09:15,1439.822,934.007,357.37,1037.228,210,0,0
2025-08-20 09:30,1439.822,934.035,357.37,1037.228,112,0,0
2025-08-20 09:45,1439.822,934.037,357.37,1037.228,8,0,0
2025-08-20 10:00,1439.822,934.041,357.37,1037.228,15,0,0
2025-08-20 10:15,1439.822,934.074,357.37,1037.228,134,0,0
2025-08-20 10:30,1439.822,934.115,357.37,1037.252,164,0,0
2025-08-20 10:45,1439.822,934.115,357.37,1037.3,0,0,0
2025-08-20 11:00,1439.822,934.139,357.37,1037.3,94,0,0
2025-08-20 11:15,1439.822,934.201,357.37,1037.368,249,0,0
2025-08-20 11:30,1439.822,934.227,357.37,1037.425,103,0,0
2025-08-20 11:45,1439.822,934.287,357.37,1037.46,239,0,0
2025-08-20 12:00,1439.822,934.33,357.37,1037.65,172,0,0
2025-08-20 12:15,1439.822,934.338,357.37,1037.857,33,0,0
2025-08-20 12:30,1439.822,934.362,357.37,1038.1,97,0,0
2025-08-20 12:45,1439.822,934.389,357.37,1038.178,110,0,0
2025-08-20 13:00,1439.822,934.4,357.37,1038.344,44,0,0
2025-08-20 13:15,1439.822,934.411,357.37,1038.615,42,0,0
2025-08-20 13:30,1439.822,934.471,357.37,1038.835,241,0,0
2025-08-20 13:45,1439.822,934.482,357.37,1038.995,42,0,0
2025-08-20 14:00,1439.822,934.533,357.37,1039.167,206,0,0
2025-08-20 14:15,1439.822,934.554,357.37,1039.221,85,0,0
2025-08-20 14:30,1439.822,934.584,357.37,1039.387,118,0,0
2025-08-20 14:45,1439.822,934.625,357.37,1039.58,165,0,0
2025-08-20 15:00,1439.822,934.643,357.37,1039.603,72,0,0
2025-08-20 15:15,1439.822,934.685,357.37,1039.639,165,0,0
2025-08-20 15:30,1439.822,934.685,357.37,1039.708,0,0,0
2025-08-20 15:45,1439.822,934.723,357.37,1039.763,155,0,0
2025-08-20 16:00,1439.822,934.723,357.37,1039.779,0,0,0
2025-08-20 16:15,1439.822,934.749,357.37,1039.779,102,0,0
2025-08-20 16:30,1439.822,934.796,357.37,1039.793,188,0,0
2025-08-20 16:45,1439.822,934.838,357.37,1039.793,170,0,0
2025-08-20 17:00,1439.822,934.842,357.37,1039.793,16,0,0
2025-08-20 17:15,1439.822,934.849,357.37,1039.793,26,0,0
2025-08-20 17:30,1439.822,934.865,357.37,1039.793,65,0,0
2025-08-20 17:45,1439.822,934.899,357.37,1039.793,135,0,0
2025-08-20 18:00,1439.822,934.899,357.37,1039.793,0,0,0
2025-08-20 18:15,1439.822,934.929,357.37,1039.793,119,0,0
2025-08-20 18:30,1439.822,934.965,357.37,1039.793,145,0,0
2025-08-20 18:45,1439.822,934.989,357.37,1039.793,97,0,0
2025-08-20 19:00,1439.822,935.03,357.37,1039.793,162,0,0
2025-08-20 19:15,1439.822,935.154,357.37,1039.793,498,0,0
2025-08-20 19:30,1439.822,935.263,357.37,1039.793,437,0,0
2025-08-20 19:45,1439.822,935.345,357.37,1039.793,325,0,0
2025-08-20 20:00,1439.822,935.467,357.37,1039.793,491,0,0
2025-08-20 20:15,1439.822,935.568,357.37,1039.793,404,0,0
2025-08-20 20:30,1439.822,935.677,357.37,1039.793,434,0,0
2025-08-20 20:45,1439.822,935.806,357.37,1039.793,518,0,0
2025-08-20 21:00,1439.97,935.806,357.37,1039.793,593,0,0
2025-08-20 21:15,1440.089,935.806,357.37,1039.793,477,0,0
2025-08-20 21:30,1440.22,935.806,357.37,1039.793,524,0,0
2025-08-20 21:45,1440.311,935.806,357.37,1039.793,364,0,0
2025-08-20 22:00,1440.436,935.806,357.37,1039.793,500,0,0
2025-08-20 22:15,1440.555,935.806,357.37,1039.793,475,0,0
2025-08-20 22:30,1440.7,935.806,357.37,1039.793,578,0,0
2025-08-20 22:45,1440.809,935.806,357.37,1039.793,437,0,0
2025-08-20 23:00,1440.924,935.806,357.37,1039.793,461,0,0
2025-08-20 23:15,1441.065,935.806,357.37,1039.793,565,0,0
2025-08-20 23:30,1441.183,935.806,357.37,1039.793,473,0,0
2025-08-20 23:45,1441.281,935.806,357.37,1039.793,391,0,0
2025-08-21 00:00,1441.452,935.806,357.37,1039.793,684,0,0
2025-08-21 00:15,1441.551,935.806,357.37,1039.793,394,0,0
2025-08-21 00:30,1441.669,935.806,357.37,1039.793,475,0,0
2025-08-21 00:45,1441.796,935.806,357.37,1039.793,508,0,0
2025-08-21 01:00,1441.922,935.806,357.37,1039.793,501,0,0
2025-08-21 01:15,1442.038,935.806,357.37,1039.793,465,0,0
2025-08-21 01:30,1442.154,935.806,357.37,1039.793,465,0,0
2025-08-21 01:45,1442.269,935.806,357.37,1039.793,461,0,0
2025-08-21 02:00,1442.367,935.806,357.37,1039.793,391,0,0
2025-08-21 02:15,1442.53,935.806,357.37,1039.793,652,0,0
2025-08-21 02:30,1442.646,935.806,357.37,1039.793,462,0,0
2025-08-21 02:45,1442.778,935.806,357.37,1039.793,528,0,0
2025-08-21 03:00,1442.891,935.806,357.37,1039.793,453,0,0
2025-08-21 03:15,1443.004,935.806,357.37,1039.793,452,0,0
2025-08-21 03:30,1443.115,935.806,357.37,1039.793,444,0,0
2025-08-21 03:45,1443.204,935.806,357.37,1039.793,356,0,0
2025-08-21 04:00,1443.321,935.806,357.37,1039.793,467,0,0
2025-08-21 04:15,1443.432,935.806,357.37,1039.793,447,0,0
2025-08-21 04:30,1443.576,935.806,357.37,1039.793,574,0,0
2025-08-21 04:45,1443.672,935.806,357.37,1039.793,384,0,0
2025-08-21 05:00,1443.78,935.806,357.37,1039.793,434,0,0
2025-08-21 05:15,1443.882,935.806,357.37,1039.793,408,0,0
2025-08-21 05:30,1444.031,935.806,357.37,1039.793,595,0,0
2025-08-21 05:45,1444.134,935.806,357.37,1039.793,410,0,0
2025-08-21 06:00,1444.265,935.806,357.37,1039.793,525,0,0
2025-08-21 06:15,1444.405,935.806,357.37,1039.793,558,0,0
2025-08-21 06:30,1444.522,935.806,357.37,1039.793,468,0,0
2025-08-21 06:45,1444.614,935.806,357.37,1039.793,370,0,0
2025-08-21 07:00,1444.614,935.809,357.37,1039.793,11,0,0
2025-08-21 07:15,1444.614,935.856,357.37,1039.793,189,0,0
2025-08-21 07:30,1444.614,935.861,357.37,1039.793,19,0,0
2025-08-21 07:45,1444.614,935.899,357.37,1039.793,151,0,0
2025-08-21 08:00,1444.614,935.931,357.37,1039.793,129,0,0
2025-08-21 08:15,1444.614,935.969,357.37,1039.793,150,0,0
2025-08-21 08:30,1444.614,936.008,357.37,1039.793,158,0,0
2025-08-21 08:45,1444.614,936.019,357.37,1039.793,45,0,0
2025-08-21 09:00,1444.614,936.03,357.37,1039.793,42,0,0
2025-08-21 09:15,1444.614,936.074,357.37,1039.793,177,0,0
2025-08-21 09:30,1444.614,936.092,357.37,1039.793,70,0,0
2025-08-21 09:45,1444.614,936.092,357.37,1039.793,0,0,0
2025-08-21 10:00,1444.614,936.135,357.37,1039.793,172,0,0
2025-08-21 10:15,1444.614,936.144,357.37,1039.796,37,0,0
2025-08-21 10:30,1444.614,936.183,357.37,1039.813,157,0,0
2025-08-21 10:45,1444.614,936.241,357.37,1039.855,231,0,0
2025-08-21 11:00,1444.614,936.271,357.37,1039.855,121,0,0
2025-08-21 11:15,1444.614,936.321,357.37,1039.861,200,0,0
2025-08-21 11:30,1444.614,936.354,357.37,1039.975,132,0,0
2025-08-21 11:45,1444.614,936.416,357.37,1040.058,247,0,0
2025-08-21 12:00,1444.614,936.425,357.37,1040.146,35,0,0
2025-08-21 12:15,1444.614,936.455,357.37,1040.285,119,0,0
2025-08-21 12:30,1444.614,936.498,357.37,1040.336,174,0,0
2025-08-21 12:45,1444.614,936.524,357.37,1040.525,105,0,0
2025-08-21 13:00,1444.614,936.577,357.37,1040.798,212,0,0
2025-08-21 13:15,1444.614,936.599,357.37,1041.016,85,0,0
2025-08-21 13:30,1444.614,936.67,357.37,1041.185,286,0,0
2025-08-21 13:45,1444.614,936.743,357.37,1041.472,290,0,0
2025-08-21 14:00,1444.614,936.778,357.37,1041.684,143,0,0
2025-08-21 14:15,1444.614,936.819,357.37,1041.743,164,0,0
2025-08-21 14:30,1444.614,936.873,357.37,1041.92,215,0,0
2025-08-21 14:45,1444.614,936.879,357.37,1041.963,25,0,0
2025-08-21 15:00,1444.614,936.883,357.37,1042.037,15,0,0
2025-08-21 15:15,1444.614,936.938,357.37,1042.14,221,0,0
2025-08-21 15:30,1444.614,936.974,357.37,1042.171,142,0,0
2025-08-21 15:45,1444.614,936.999,357.37,1042.171,102,0,0
2025-08-21 16:00,1444.614,937.029,357.37,1042.212,121,0,0
2025-08-21 16:15,1444.614,937.029,357.37,1042.212,0,0,0
2025-08-21 16:30,1444.614,937.056,357.37,1042.214,105,0,0
2025-08-21 16:45,1444.614,937.071,357.37,1042.214,60,0,0
2025-08-21 17:00,1444.614,937.119,357.37,1042.214,193,0,0
2025-08-21 17:15,1444.614,937.169,357.37,1042.214,200,0,0
2025-08-21 17:30,1444.614,937.21,357.37,1042.214,166,0,0
2025-08-21 17:45,1444.614,937.248,357.37,1042.214,152,0,0
2025-08-21 18:00,1444.614,937.248,357.37,1042.214,0,0,0
2025-08-21 18:15,1444.614,937.29,357.37,1042.214,167,0,0
2025-08-21 18:30,1444.614,937.333,357.37,1042.214,170,0,0
2025-08-21 18:45,1444.614,937.388,357.37,1042.214,220,0,0
2025-08-21 19:00,1444.614,937.46,357.37,1042.214,289,0,0
2025-08-21 19:15,1444.614,937.546,357.37,1042.214,345,0,0
2025-08-21 19:30,1444.614,937.658,357.37,1042.214,449,0,0
2025-08-21 19:45,1444.614,937.764,357.37,1042.214,421,0,0
2025-08-21 20:00,1444.614,937.887,357.37,1042.214,494,0,0
2025-08-21 20:15,1444.614,938.007,357.37,1042.214,481,0,0
2025-08-21 20:30,1444.614,938.123,357.37,1042.214,461,0,0
2025-08-21 20:45,1444.614,938.263,357.37,1042.214,562,0,0
2025-08-21 21:00,1444.712,938.263,357.37,1042.214,392,0,0
2025-08-21 21:15,1444.811,938.263,357.37,1042.214,397,0,0
2025-08-21 21:30,1444.911,938.263,357.37,1042.214,398,0,0
2025-08-21 21:45,1445.024,938.263,357.37,1042.214,451,0,0
2025-08-21 22:00,1445.119,938.263,357.37,1042.214,382,0,0
2025-08-21 22:15,1445.238,938.263,357.37,1042.214,476,0,0
2025-08-21 22:30,1445.355,938.263,357.37,1042.214,467,0,0
2025-08-21 22:45,1445.459,938.263,357.37,1042.214,417,0,0
2025-08-21 23:00,1445.596,938.263,357.37,1042.214,550,0,0
2025-08-21 23:15,1445.715,938.263,357.37,1042.214,475,0,0
2025-08-21 23:30,1445.856,938.263,357.37,1042.214,565,0,0
2025-08-21 23:45,1445.973,938.263,357.37,1042.214,464,0,0
2025-08-22 00:00,1446.092,938.263,357.37,1042.214,478,0,0
2025-08-22 00:15,1446.201,938.263,357.37,1042.214,435,0,0
2025-08-22 00:30,1446.321,938.263,357.37,1042.214,479,0,0
2025-08-22 00:45,1446.455,938.263,357.37,1042.214,537,0,0
2025-08-22 01:00,1446.567,938.263,357.37,1042.214,447,0,0
2025-08-22 01:15,1446.697,938.263,357.37,1042.214,521,0,0
2025-08-22 01:30,1446.801,938.263,357.37,1042.214,415,0,0
2025-08-22 01:45,1446.936,938.263,357.37,1042.214,541,0,0
2025-08-22 02:00,1447.044,938.263,357.37,1042.214,434,0,0
2025-08-22 02:15,1447.181,938.263,357.37,1042.214,548,0,0
2025-08-22 02:30,1447.303,938.263,357.37,1042.214,485,0,0
2025-08-22 02:45,1447.453,938.263,357.37,1042.214,602,0,0
2025-08-22 03:00,1447.55,938.263,357.37,1042.214,388,0,0
2025-08-22 03:15,1447.64,938.263,357.37,1042.214,362,0,0
2025-08-22 03:30,1447.748,938.263,357.37,1042.214,431,0,0
2025-08-22 03:45,1447.84,938.263,357.37,1042.214,369,0,0
2025-08-22 04:00,1447.933,938.263,357.37,1042.214,369,0,0
2025-08-22 04:15,1448.065,938.263,357.37,1042.214,530,0,0
2025-08-22 04:30,1448.185,938.263,357.37,1042.214,480,0,0
2025-08-22 04:45,1448.296,938.263,357.37,1042.214,442,0,0
2025-08-22 05:00,1448.408,938.263,357.37,1042.214,449,0,0
2025-08-22 05:15,1448.516,938.263,357.37,1042.214,432,0,0
2025-08-22 05:30,1448.669,938.263,357.37,1042.214,612,0,0
2025-08-22 05:45,1448.774,938.263,357.37,1042.214,421,0,0
2025-08-22 06:00,1448.868,938.263,357.37,1042.214,374,0,0
2025-08-22 06:15,1449.004,938.263,357.37,1042.214,544,0,0
2025-08-22 06:30,1449.119,938.263,357.37,1042.214,463,0,0
2025-08-22 06:45,1449.28,938.263,357.37,1042.214,643,0,0
2025-08-22 07:00,1449.28,938.283,357.37,1042.214,78,0,0
2025-08-22 07:15,1449.28,938.33,357.37,1042.214,188,0,0
2025-08-22 07:30,1449.28,938.381,357.37,1042.214,207,0,0
2025-08-22 07:45,1449.28,938.401,357.37,1042.214,78,0,0
2025-08-22 08:00,1449.28,938.416,357.37,1042.214,61,0,0
2025-08-22 08:15,1449.28,938.461,357.37,1042.214,179,0,0
2025-08-22 08:30,1449.28,938.502,357.37,1042.214,166,0,0
2025-08-22 08:45,1449.28,938.504,357.37,1042.214,7,0,0
2025-08-22 09:00,1449.28,938.511,357.37,1042.214,30,0,0
2025-08-22 09:15,1449.28,938.511,357.37,1042.214,0,0,0
2025-08-22 09:30,1449.28,938.553,357.37,1042.214,168,0,0
2025-08-22 09:45,1449.28,938.578,357.37,1042.214,99,0,0
2025-08-22 10:00,1449.28,938.605,357.37,1042.214,107,0,0
2025-08-22 10:15,1449.28,938.605,357.37,1042.214,0,0,0
2025-08-22 10:30,1449.28,938.613,357.37,1042.214,32,0,0
2025-08-22 10:45,1449.28,938.633,357.37,1042.227,82,0,0
2025-08-22 11:00,1449.28,938.65,357.37,1042.28,66,0,0
2025-08-22 11:15,1449.28,938.682,357.37,1042.294,129,0,0
2025-08-22 11:30,1449.28,938.724,357.37,1042.413,167,0,0
2025-08-22 11:45,1449.28,938.799,357.37,1042.526,302,0,0
2025-08-22 12:00,1449.28,938.829,357.37,1042.601,118,0,0
2025-08-22 12:15,1449.28,938.881,357.37,1042.799,209,0,0
2025-08-22 12:30,1449.28,938.895,357.37,1042.962,54,0,0
2025-08-22 12:45,1449.28,938.895,357.37,1043.171,0,0,0
2025-08-22 13:00,1449.28,938.918,357.37,1043.313,92,0,0
2025-08-22 13:15,1449.28,938.918,357.37,1043.462,0,0,0
2025-08-22 13:30,1449.28,938.948,357.37,1043.52,121,0,0
2025-08-22 13:45,1449.28,938.962,357.37,1043.704,58,0,0
2025-08-22 14:00,1449.28,938.962,357.37,1043.934,0,0,0
2025-08-22 14:15,1449.28,939.027,357.37,1044.196,259,0,0
2025-08-22 14:30,1449.28,939.046,357.37,1044.42,77,0,0
2025-08-22 14:45,1449.28,939.046,357.37,1044.467,0,0,0
2025-08-22 15:00,1449.28,939.094,357.37,1044.654,192,0,0
2025-08-22 15:15,1449.28,939.11,357.37,1044.689,62,0,0
2025-08-22 15:30,1449.28,939.161,357.37,1044.698,207,0,0
2025-08-22 15:45,1449.28,939.177,357.37,1044.772,61,0,0
2025-08-22 16:00,1449.28,939.196,357.37,1044.838,77,0,0
2025-08-22 16:15,1449.28,939.233,357.37,1044.884,148,0,0
2025-08-22 16:30,1449.28,939.275,357.37,1044.902,167,0,0
2025-08-22 16:45,1449.28,939.32,357.37,1044.902,181,0,0
2025-08-22 17:00,1449.28,939.348,357.37,1044.902,113,0,0
2025-08-22 17:15,1449.28,939.389,357.37,1044.902,162,0,0
2025-08-22 17:30,1449.28,939.434,357.37,1044.902,180,0,0
2025-08-22 17:45,1449.28,939.468,357.37,1044.902,136,0,0
2025-08-22 18:00,1449.28,939.495,357.37,1044.902,109,0,0
2025-08-22 18:15,1449.28,939.496,357.37,1044.902,4,0,0
2025-08-22 18:30,1449.28,939.538,357.37,1044.902,168,0,0
2025-08-22 18:45,1449.28,939.569,357.37,1044.902,123,0,0
2025-08-22 19:00,1449.28,939.591,357.37,1044.902,87,0,0
2025-08-22 19:15,1449.28,939.736,357.37,1044.902,582,0,0
2025-08-22 19:30,1449.28,939.828,357.37,1044.902,366,0,0
2025-08-22 19:45,1449.28,939.98,357.37,1044.902,612,0,0
2025-08-22 20:00,1449.28,940.1,357.37,1044.902,478,0,0
2025-08-22 20:15,1449.28,940.226,357.37,1044.902,505,0,0
2025-08-22 20:30,1449.28,940.338,357.37,1044.902,448,0,0
2025-08-22 20:45,1449.28,940.425,357.37,1044.902,347,0,0
2025-08-22 21:00,1449.397,940.425,357.37,1044.902,469,0,0
2025-08-22 21:15,1449.524,940.425,357.37,1044.902,507,0,0
2025-08-22 21:30,1449.658,940.425,357.37,1044.902,534,0,0
2025-08-22 21:45,1449.774,940.425,357.37,1044.902,464,0,0
2025-08-22 22:00,1449.85,940.425,357.37,1044.902,305,0,0
2025-08-22 22:15,1449.939,940.425,357.37,1044.902,357,0,0
2025-08-22 22:30,1450.1,940.425,357.37,1044.902,644,0,0
2025-08-22 22:45,1450.198,940.425,357.37,1044.902,393,0,0
2025-08-22 23:00,1450.347,940.425,357.37,1044.902,594,0,0
2025-08-22 23:15,1450.448,940.425,357.37,1044.902,405,0,0
2025-08-22 23:30,1450.564,940.425,357.37,1044.902,465,0,0
2025-08-22 23:45,1450.697,940.425,357.37,1044.902,530,0,0
2025-08-23 00:00,1450.8,940.425,357.37,1044.902,414,0,0
2025-08-23 00:15,1450.952,940.425,357.37,1044.902,607,0,0
2025-08-23 00:30,1451.074,940.425,357.37,1044.902,486,0,0
2025-08-23 00:45,1451.203,940.425,357.37,1044.902,517,0,0
2025-08-23 01:00,1451.318,940.425,357.37,1044.902,459,0,0
2025-08-23 01:15,1451.451,940.425,357.37,1044.902,533,0,0
2025-08-23 01:30,1451.602,940.425,357.37,1044.902,606,0,0
2025-08-23 01:45,1451.72,940.425,357.37,1044.902,469,0,0
2025-08-23 02:00,1451.874,940.425,357.37,1044.902,618,0,0
2025-08-23 02:15,1451.982,940.425,357.37,1044.902,431,0,0
2025-08-23 02:30,1452.117,940.425,357.37,1044.902,541,0,0
2025-08-23 02:45,1452.247,940.425,357.37,1044.902,519,0,0
2025-08-23 03:00,1452.346,940.425,357.37,1044.902,395,0,0
2025-08-23 03:15,1452.47,940.425,357.37,1044.902,497,0,0
2025-08-23 03:30,1452.59,940.425,357.37,1044.902,481,0,0
2025-08-23 03:45,1452.693,940.425,357.37,1044.902,412,0,0
2025-08-23 04:00,1452.82,940.425,357.37,1044.902,509,0,0
2025-08-23 04:15,1452.943,940.425,357.37,1044.902,492,0,0
2025-08-23 04:30,1453.062,940.425,357.37,1044.902,474,0,0
2025-08-23 04:45,1453.18,940.425,357.37,1044.902,475,0,0
2025-08-23 05:00,1453.299,940.425,357.37,1044.902,473,0,0
2025-08-23 05:15,1453.411,940.425,357.37,1044.902,451,0,0
2025-08-23 05:30,1453.534,940.425,357.37,1044.902,491,0,0
2025-08-23 05:45,1453.641,940.425,357.37,1044.902,428,0,0
2025-08-23 06:00,1453.814,940.425,357.37,1044.902,693,0,0
2025-08-23 06:15,1453.906,940.425,357.37,1044.902,367,0,0
2025-08-23 06:30,1454.014,940.425,357.37,1044.902,433,0,0
2025-08-23 06:45,1454.124,940.425,357.37,1044.902,440,0,0
2025-08-23 07:00,1454.195,940.425,357.37,1044.902,283,0,0
2025-08-23 07:15,1454.199,940.425,357.37,1044.902,14,0,0
2025-08-23 07:30,1454.237,940.425,357.37,1044.902,154,0,0
2025-08-23 07:45,1454.272,940.425,357.37,1044.902,140,0,0
2025-08-23 08:00,1454.309,940.425,357.37,1044.902,147,0,0
2025-08-23 08:15,1454.364,940.425,357.37,1044.902,219,0,0
2025-08-23 08:30,1454.418,940.425,357.37,1044.902,217,0,0
2025-08-23 08:45,1454.439,940.425,357.37,1044.902,84,0,0
2025-08-23 09:00,1454.473,940.425,357.37,1044.902,136,0,0
2025-08-23 09:15,1454.473,940.425,357.37,1044.902,0,0,0
2025-08-23 09:30,1454.505,940.425,357.37,1044.902,128,0,0
2025-08-23 09:45,1454.519,940.425,357.37,1044.902,56,0,0
2025-08-23 10:00,1454.545,940.425,357.37,1044.902,105,0,0
2025-08-23 10:15,1454.545,940.425,357.37,1044.902,0,0,0
2025-08-23 10:30,1454.583,940.425,357.382,1044.902,152,0,0
2025-08-23 10:45,1454.583,940.425,357.382,1044.902,0,0,0
2025-08-23 11:00,1454.616,940.425,357.411,1044.902,132,0,0
2025-08-23 11:15,1454.622,940.425,357.427,1044.902,22,0,0
2025-08-23 11:30,1454.635,940.425,357.535,1044.902,52,0,0
2025-08-23 11:45,1454.688,940.425,357.684,1044.902,212,0,0
2025-08-23 12:00,1454.73,940.425,357.774,1044.902,167,0,0
2025-08-23 12:15,1454.783,940.425,357.89,1044.902,212,0,0
2025-08-23 12:30,1454.844,940.425,358.132,1044.902,245,0,0
2025-08-23 12:45,1454.858,940.425,358.21,1044.902,58,0,0
2025-08-23 13:00,1454.918,940.425,358.45,1044.902,240,0,0
2025-08-23 13:15,1454.919,940.425,358.642,1044.902,3,0,0
2025-08-23 13:30,1454.964,940.425,358.913,1044.902,180,0,0
2025-08-23 13:45,1454.984,940.425,359.038,1044.902,81,0,0
2025-08-23 14:00,1454.995,940.425,359.158,1044.902,46,0,0
2025-08-23 14:15,1455.038,940.425,359.276,1044.902,169,0,0
2025-08-23 14:30,1455.087,940.425,359.318,1044.902,196,0,0
2025-08-23 14:45,1455.135,940.425,359.381,1044.902,193,0,0
2025-08-23 15:00,1455.169,940.425,359.571,1044.902,137,0,0
2025-08-23 15:15,1455.202,940.425,359.621,1044.902,131,0,0
2025-08-23 15:30,1455.242,940.425,359.627,1044.902,162,0,0
2025-08-23 15:45,1455.278,940.425,359.652,1044.902,144,0,0
2025-08-23 16:00,1455.319,940.425,359.674,1044.902,163,0,0
2025-08-23 16:15,1455.353,940.425,359.692,1044.902,136,0,0
2025-08-23 16:30,1455.4,940.425,359.692,1044.902,187,0,0
2025-08-23 16:45,1455.4,940.425,359.693,1044.902,0,0,0
2025-08-23 17:00,1455.428,940.425,359.693,1044.902,109,0,0
2025-08-23 17:15,1455.43,940.425,359.693,1044.902,9,0,0
2025-08-23 17:30,1455.465,940.425,359.693,1044.902,142,0,0
2025-08-23 17:45,1455.528,940.425,359.693,1044.902,251,0,0
2025-08-23 18:00,1455.549,940.425,359.693,1044.902,82,0,0
2025-08-23 18:15,1455.581,940.425,359.693,1044.902,130,0,0
2025-08-23 18:30,1455.626,940.425,359.693,1044.902,181,0,0
2025-08-23 18:45,1455.626,940.425,359.693,1044.902,0,0,0
2025-08-23 19:00,1455.646,940.425,359.693,1044.902,78,0,0
2025-08-23 19:15,1455.773,940.425,359.693,1044.902,509,0,0
2025-08-23 19:30,1455.835,940.425,359.693,1044.902,248,0,0
2025-08-23 19:45,1455.936,940.425,359.693,1044.902,402,0,0
2025-08-23 20:00,1456.078,940.425,359.693,1044.902,568,0,0
2025-08-23 20:15,1456.218,940.425,359.693,1044.902,560,0,0
2025-08-23 20:30,1456.345,940.425,359.693,1044.902,510,0,0
2025-08-23 20:45,1456.483,940.425,359.693,1044.902,551,0,0
2025-08-23 21:00,1456.607,940.425,359.693,1044.902,497,0,0
2025-08-23 21:15,1456.738,940.425,359.693,1044.902,524,0,0
2025-08-23 21:30,1456.852,940.425,359.693,1044.902,455,0,0
2025-08-23 21:45,1456.974,940.425,359.693,1044.902,489,0,0
2025-08-23 22:00,1457.082,940.425,359.693,1044.902,429,0,0
2025-08-23 22:15,1457.227,940.425,359.693,1044.902,581,0,0
2025-08-23 22:30,1457.378,940.425,359.693,1044.902,602,0,0
2025-08-23 22:45,1457.525,940.425,359.693,1044.902,590,0,0
2025-08-23 23:00,1457.637,940.425,359.693,1044.902,447,0,0
2025-08-23 23:15,1457.738,940.425,359.693,1044.902,404,0,0
2025-08-23 23:30,1457.883,940.425,359.693,1044.902,582,0,0
2025-08-23 23:45,1458.014,940.425,359.693,1044.902,524,0,0
2025-08-24 00:00,1458.141,940.425,359.693,1044.902,506,0,0
2025-08-24 00:15,1458.248,940.425,359.693,1044.902,429,0,0
2025-08-24 00:30,1458.377,940.425,359.693,1044.902,514,0,0
2025-08-24 00:45,1458.475,940.425,359.693,1044.902,393,0,0
2025-08-24 01:00,1458.608,940.425,359.693,1044.902,531,0,0
2025-08-24 01:15,1458.755,940.425,359.693,1044.902,590,0,0
2025-08-24 01:30,1458.908,940.425,359.693,1044.902,610,0,0
2025-08-24 01:45,1459.042,940.425,359.693,1044.902,537,0,0
2025-08-24 02:00,1459.134,940.425,359.693,1044.902,369,0,0
2025-08-24 02:15,1459.258,940.425,359.693,1044.902,496,0,0
2025-08-24 02:30,1459.421,940.425,359.693,1044.902,651,0,0
2025-08-24 02:45,1459.524,940.425,359.693,1044.902,411,0,0
2025-08-24 03:00,1459.643,940.425,359.693,1044.902,475,0,0
2025-08-24 03:15,1459.791,940.425,359.693,1044.902,593,0,0
2025-08-24 03:30,1459.923,940.425,359.693,1044.902,529,0,0
2025-08-24 03:45,1460.093,940.425,359.693,1044.902,678,0,0
2025-08-24 04:00,1460.198,940.425,359.693,1044.902,421,0,0
2025-08-24 04:15,1460.298,940.425,359.693,1044.902,401,0,0
2025-08-24 04:30,1460.443,940.425,359.693,1044.902,578,0,0
2025-08-24 04:45,1460.539,940.425,359.693,1044.902,384,0,0
2025-08-24 05:00,1460.655,940.425,359.693,1044.902,464,0,0
2025-08-24 05:15,1460.774,940.425,359.693,1044.902,475,0,0
2025-08-24 05:30,1460.914,940.425,359.693,1044.902,563,0,0
2025-08-24 05:45,1461.047,940.425,359.693,1044.902,529,0,0
2025-08-24 06:00,1461.176,940.425,359.693,1044.902,517,0,0
2025-08-24 06:15,1461.288,940.425,359.693,1044.902,448,0,0
2025-08-24 06:30,1461.432,940.425,359.693,1044.902,577,0,0
2025-08-24 06:45,1461.633,940.425,359.693,1044.902,802,0,0
2025-08-24 07:00,1461.676,940.425,359.693,1044.902,175,0,0
2025-08-24 07:15,1461.708,940.425,359.693,1044.902,128,0,0
2025-08-24 07:30,1461.712,940.425,359.693,1044.902,16,0,0
2025-08-24 07:45,1461.73,940.425,359.693,1044.902,69,0,0
2025-08-24 08:00,1461.755,940.425,359.693,1044.902,103,0,0
2025-08-24 08:15,1461.775,940.425,359.693,1044.902,77,0,0
2025-08-24 08:30,1461.804,940.425,359.693,1044.902,119,0,0
2025-08-24 08:45,1461.87,940.425,359.693,1044.902,262,0,0
2025-08-24 09:00,1461.925,940.425,359.693,1044.902,220,0,0
2025-08-24 09:15,1461.952,940.425,359.693,1044.902,107,0,0
2025-08-24 09:30,1461.958,940.425,359.693,1044.902,23,0,0
2025-08-24 09:45,1462.014,940.425,359.693,1044.902,227,0,0
2025-08-24 10:00,1462.043,940.425,359.693,1044.902,116,0,0
2025-08-24 10:15,1462.043,940.425,359.693,1044.902,0,0,0
2025-08-24 10:30,1462.088,940.425,359.693,1044.902,177,0,0
2025-08-24 10:45,1462.138,940.425,359.693,1044.902,202,0,0
2025-08-24 11:00,1462.138,940.425,359.756,1044.902,0,0,0
2025-08-24 11:15,1462.152,940.425,359.759,1044.902,54,0,0
2025-08-24 11:30,1462.179,940.425,359.843,1044.902,111,0,0
2025-08-24 11:45,1462.224,940.425,359.91,1044.902,179,0,0
2025-08-24 12:00,1462.244,940.425,360.099,1044.902,79,0,0
2025-08-24 12:15,1462.257,940.425,360.226,1044.902,53,0,0
2025-08-24 12:30,1462.302,940.425,360.379,1044.902,178,0,0
2025-08-24 12:45,1462.322,940.425,360.629,1044.902,83,0,0
2025-08-24 13:00,1462.363,940.425,360.908,1044.902,163,0,0
2025-08-24 13:15,1462.371,940.425,361.103,1044.902,31,0,0
2025-08-24 13:30,1462.374,940.425,361.354,1044.902,12,0,0
2025-08-24 13:45,1462.419,940.425,361.561,1044.902,180,0,0
2025-08-24 14:00,1462.454,940.425,361.712,1044.902,140,0,0
2025-08-24 14:15,1462.502,940.425,361.771,1044.902,194,0,0
2025-08-24 14:30,1462.522,940.425,361.959,1044.902,77,0,0
2025-08-24 14:45,1462.536,940.425,362.122,1044.902,56,0,0
2025-08-24 15:00,1462.593,940.425,362.164,1044.902,229,0,0
2025-08-24 15:15,1462.593,940.425,362.21,1044.902,0,0,0
2025-08-24 15:30,1462.648,940.425,362.306,1044.902,220,0,0
2025-08-24 15:45,1462.705,940.425,362.317,1044.902,226,0,0
2025-08-24 16:00,1462.752,940.425,362.364,1044.902,189,0,0
2025-08-24 16:15,1462.768,940.425,362.394,1044.902,65,0,0
2025-08-24 16:30,1462.782,940.425,362.394,1044.902,55,0,0
2025-08-24 16:45,1462.808,940.425,362.394,1044.902,103,0,0
2025-08-24 17:00,1462.812,940.425,362.394,1044.902,16,0,0
2025-08-24 17:15,1462.822,940.425,362.394,1044.902,43,0,0
2025-08-24 17:30,1462.865,940.425,362.394,1044.902,172,0,0
2025-08-24 17:45,1462.908,940.425,362.394,1044.902,172,0,0
2025-08-24 18:00,1462.917,940.425,362.394,1044.902,36,0,0
2025-08-24 18:15,1462.961,940.425,362.394,1044.902,174,0,0
2025-08-24 18:30,1463.0,940.425,362.394,1044.902,156,0,0
2025-08-24 18:45,1463.06,940.425,362.394,1044.902,241,0,0
2025-08-24 19:00,1463.101,940.425,362.394,1044.902,166,0,0
2025-08-24 19:15,1463.243,940.425,362.394,1044.902,565,0,0
2025-08-24 19:30,1463.372,940.425,362.394,1044.902,518,0,0
2025-08-24 19:45,1463.512,940.425,362.394,1044.902,558,0,0
2025-08-24 20:00,1463.606,940.425,362.394,1044.902,377,0,0
2025-08-24 20:15,1463.724,940.425,362.394,1044.902,470,0,0
2025-08-24 20:30,1463.843,940.425,362.394,1044.902,477,0,0
2025-08-24 20:45,1463.958,940.425,362.394,1044.902,461,0,0
2025-08-24 21:00,1464.087,940.425,362.394,1044.902,516,0,0
2025-08-24 21:15,1464.219,940.425,362.394,1044.902,531,0,0
2025-08-24 21:30,1464.347,940.425,362.394,1044.902,511,0,0
2025-08-24 21:45,1464.464,940.425,362.394,1044.902,466,0,0
2025-08-24 22:00,1464.569,940.425,362.394,1044.902,421,0,0
2025-08-24 22:15,1464.711,940.425,362.394,1044.902,568,0,0
2025-08-24 22:30,1464.838,940.425,362.394,1044.902,508,0,0
2025-08-24 22:45,1464.938,940.425,362.394,1044.902,399,0,0
2025-08-24 23:00,1465.054,940.425,362.394,1044.902,465,0,0
2025-08-24 23:15,1465.139,940.425,362.394,1044.902,341,0,0
2025-08-24 23:30,1465.26,940.425,362.394,1044.902,483,0,0
2025-08-24 23:45,1465.376,940.425,362.394,1044.902,464,0,0
2025-08-25 00:00,1465.484,940.425,362.394,1044.902,434,0,0
2025-08-25 00:15,1465.636,940.425,362.394,1044.902,607,0,0
2025-08-25 00:30,1465.733,940.425,362.394,1044.902,388,0,0
2025-08-25 00:45,1465.867,940.425,362.394,1044.902,537,0,0
2025-08-25 01:00,1466.031,940.425,362.394,1044.902,655,0,0
2025-08-25 01:15,1466.172,940.425,362.394,1044.902,566,0,0
2025-08-25 01:30,1466.292,940.425,362.394,1044.902,477,0,0
2025-08-25 01:45,1466.389,940.425,362.394,1044.902,389,0,0
2025-08-25 02:00,1466.482,940.425,362.394,1044.902,371,0,0
2025-08-25 02:15,1466.593,940.425,362.394,1044.902,447,0,0
2025-08-25 02:30,1466.7,940.425,362.394,1044.902,425,0,0
2025-08-25 02:45,1466.805,940.425,362.394,1044.902,422,0,0
2025-08-25 03:00,1466.919,940.425,362.394,1044.902,454,0,0
2025-08-25 03:15,1467.037,940.425,362.394,1044.902,472,0,0
2025-08-25 03:30,1467.166,940.425,362.394,1044.902,519,0,0
2025-08-25 03:45,1467.262,940.425,362.394,1044.902,381,0,0
2025-08-25 04:00,1467.368,940.425,362.394,1044.902,425,0,0
2025-08-25 04:15,1467.485,940.425,362.394,1044.902,467,0,0
2025-08-25 04:30,1467.601,940.425,362.394,1044.902,464,0,0
2025-08-25 04:45,1467.758,940.425,362.394,1044.902,627,0,0
2025-08-25 05:00,1467.882,940.425,362.394,1044.902,499,0,0
2025-08-25 05:15,1467.97,940.425,362.394,1044.902,351,0,0
2025-08-25 05:30,1468.098,940.425,362.394,1044.902,513,0,0
2025-08-25 05:45,1468.229,940.425,362.394,1044.902,524,0,0
2025-08-25 06:00,1468.347,940.425,362.394,1044.902,470,0,0
2025-08-25 06:15,1468.442,940.425,362.394,1044.902,383,0,0
2025-08-25 06:30,1468.598,940.425,362.394,1044.902,621,0,0
2025-08-25 06:45,1468.696,940.425,362.394,1044.902,394,0,0
2025-08-25 07:00,1468.696,940.468,362.394,1044.902,173,0,0
2025-08-25 07:15,1468.696,940.502,362.394,1044.902,136,0,0
2025-08-25 07:30,1468.696,940.544,362.394,1044.902,168,0,0
2025-08-25 07:45,1468.696,940.608,362.394,1044.902,257,0,0
2025-08-25 08:00,1468.696,940.65,362.394,1044.902,165,0,0
2025-08-25 08:15,1468.696,940.669,362.394,1044.902,75,0,0
2025-08-25 08:30,1468.696,940.721,362.394,1044.902,208,0,0
2025-08-25 08:45,1468.696,940.738,362.394,1044.902,70,0,0
2025-08-25 09:00,1468.696,940.771,362.394,1044.902,133,0,0
2025-08-25 09:15,1468.696,940.775,362.394,1044.902,17,0,0
2025-08-25 09:30,1468.696,940.785,362.394,1044.902,37,0,0
2025-08-25 09:45,1468.696,940.816,362.394,1044.902,124,0,0
2025-08-25 10:00,1468.696,940.853,362.394,1044.902,149,0,0
2025-08-25 10:15,1468.696,940.853,362.394,1044.902,0,0,0
2025-08-25 10:30,1468.696,940.893,362.394,1044.92,160,0,0
2025-08-25 10:45,1468.696,940.907,362.394,1044.922,54,0,0
2025-08-25 11:00,1468.696,940.962,362.394,1044.922,222,0,0
2025-08-25 11:15,1468.696,940.985,362.394,1044.932,92,0,0
2025-08-25 11:30,1468.696,940.993,362.394,1044.981,30,0,0
2025-08-25 11:45,1468.696,941.024,362.394,1045.114,126,0,0
2025-08-25 12:00,1468.696,941.036,362.394,1045.243,47,0,0
2025-08-25 12:15,1468.696,941.091,362.394,1045.437,222,0,0
2025-08-25 12:30,1468.696,941.121,362.394,1045.683,120,0,0
2025-08-25 12:45,1468.696,941.148,362.394,1045.773,108,0,0
2025-08-25 13:00,1468.696,941.19,362.394,1045.987,167,0,0
2025-08-25 13:15,1468.696,941.2,362.394,1046.154,40,0,0
2025-08-25 13:30,1468.696,941.204,362.394,1046.33,17,0,0
2025-08-25 13:45,1468.696,941.242,362.394,1046.463,153,0,0
2025-08-25 14:00,1468.696,941.25,362.394,1046.594,32,0,0
2025-08-25 14:15,1468.696,941.258,362.394,1046.791,32,0,0
2025-08-25 14:30,1468.696,941.305,362.394,1046.958,187,0,0
2025-08-25 14:45,1468.696,941.346,362.394,1047.049,162,0,0
2025-08-25 15:00,1468.696,941.351,362.394,1047.092,20,0,0
2025-08-25 15:15,1468.696,941.368,362.394,1047.19,70,0,0
2025-08-25 15:30,1468.696,941.38,362.394,1047.287,48,0,0
2025-08-25 15:45,1468.696,941.446,362.394,1047.341,262,0,0
2025-08-25 16:00,1468.696,941.494,362.394,1047.341,192,0,0
2025-08-25 16:15,1468.696,941.515,362.394,1047.341,86,0,0
2025-08-25 16:30,1468.696,941.557,362.394,1047.357,166,0,0
2025-08-25 16:45,1468.696,941.56,362.394,1047.357,12,0,0
2025-08-25 17:00,1468.696,941.576,362.394,1047.357,66,0,0
2025-08-25 17:15,1468.696,941.608,362.394,1047.357,128,0,0
2025-08-25 17:30,1468.696,941.647,362.394,1047.357,156,0,0
2025-08-25 17:45,1468.696,941.676,362.394,1047.357,112,0,0
2025-08-25 18:00,1468.696,941.71,362.394,1047.357,140,0,0
2025-08-25 18:15,1468.696,941.742,362.394,1047.357,126,0,0
2025-08-25 18:30,1468.696,941.769,362.394,1047.357,107,0,0
2025-08-25 18:45,1468.696,941.793,362.394,1047.357,96,0,0
2025-08-25 19:00,1468.696,941.814,362.394,1047.357,86,0,0
2025-08-25 19:15,1468.696,941.939,362.394,1047.357,499,0,0
2025-08-25 19:30,1468.696,942.067,362.394,1047.357,513,0,0
2025-08-25 19:45,1468.696,942.191,362.394,1047.357,496,0,0
2025-08-25 20:00,1468.696,942.288,362.394,1047.357,386,0,0
2025-08-25 20:15,1468.696,942.388,362.394,1047.357,400,0,0
2025-08-25 20:30,1468.696,942.516,362.394,1047.357,512,0,0
2025-08-25 20:45,1468.696,942.665,362.394,1047.357,598,0,0
2025-08-25 21:00,1468.819,942.665,362.394,1047.357,492,0,0
2025-08-25 21:15,1468.931,942.665,362.394,1047.357,447,0,0
2025-08-25 21:30,1469.056,942.665,362.394,1047.357,498,0,0
2025-08-25 21:45,1469.153,942.665,362.394,1047.357,389,0,0
2025-08-25 22:00,1469.299,942.665,362.394,1047.357,585,0,0
2025-08-25 22:15,1469.423,942.665,362.394,1047.357,495,0,0
2025-08-25 22:30,1469.529,942.665,362.394,1047.357,426,0,0
2025-08-25 22:45,1469.646,942.665,362.394,1047.357,467,0,0
2025-08-25 23:00,1469.755,942.665,362.394,1047.357,438,0,0
2025-08-25 23:15,1469.902,942.665,362.394,1047.357,585,0,0
2025-08-25 23:30,1470.018,942.665,362.394,1047.357,464,0,0
2025-08-25 23:45,1470.141,942.665,362.394,1047.357,492,0,0
2025-08-26 00:00,1470.272,942.665,362.394,1047.357,526,0,0
2025-08-26 00:15,1470.377,942.665,362.394,1047.357,421,0,0
2025-08-26 00:30,1470.501,942.665,362.394,1047.357,495,0,0
2025-08-26 00:45,1470.627,942.665,362.394,1047.357,502,0,0
2025-08-26 01:00,1470.716,942.665,362.394,1047.357,356,0,0
2025-08-26 01:15,1470.841,942.665,362.394,1047.357,500,0,0
2025-08-26 01:30,1470.96,942.665,362.394,1047.357,476,0,0
2025-08-26 01:45,1471.082,942.665,362.394,1047.357,490,0,0
2025-08-26 02:00,1471.203,942.665,362.394,1047.357,483,0,0
2025-08-26 02:15,1471.328,942.665,362.394,1047.357,501,0,0
2025-08-26 02:30,1471.475,942.665,362.394,1047.357,587,0,0
2025-08-26 02:45,1471.571,942.665,362.394,1047.357,386,0,0
2025-08-26 03:00,1471.685,942.665,362.394,1047.357,453,0,0
2025-08-26 03:15,1471.818,942.665,362.394,1047.357,533,0,0
2025-08-26 03:30,1471.948,942.665,362.394,1047.357,518,0,0
2025-08-26 03:45,1472.077,942.665,362.394,1047.357,517,0,0
2025-08-26 04:00,1472.252,942.665,362.394,1047.357,700,0,0
2025-08-26 04:15,1472.384,942.665,362.394,1047.357,529,0,0
2025-08-26 04:30,1472.527,942.665,362.394,1047.357,570,0,0
2025-08-26 04:45,1472.641,942.665,362.394,1047.357,455,0,0
2025-08-26 05:00,1472.741,942.665,362.394,1047.357,401,0,0
2025-08-26 05:15,1472.854,942.665,362.394,1047.357,455,0,0
2025-08-26 05:30,1472.989,942.665,362.394,1047.357,537,0,0
2025-08-26 05:45,1473.117,942.665,362.394,1047.357,513,0,0
2025-08-26 06:00,1473.245,942.665,362.394,1047.357,512,0,0
2025-08-26 06:15,1473.361,942.665,362.394,1047.357,463,0,0
2025-08-26 06:30,1473.473,942.665,362.394,1047.357,450,0,0
2025-08-26 06:45,1473.59,942.665,362.394,1047.357,466,0,0
2025-08-26 07:00,1473.59,942.71,362.394,1047.357,178,0,0
2025-08-26 07:15,1473.59,942.756,362.394,1047.357,187,0,0
2025-08-26 07:30,1473.59,942.766,362.394,1047.357,40,0,0
2025-08-26 07:45,1473.59,942.811,362.394,1047.357,181,0,0
2025-08-26 08:00,1473.59,942.828,362.394,1047.357,68,0,0
2025-08-26 08:15,1473.59,942.868,362.394,1047.357,158,0,0
2025-08-26 08:30,1473.59,942.894,362.394,1047.357,105,0,0
2025-08-26 08:45,1473.59,942.955,362.394,1047.357,245,0,0
2025-08-26 09:00,1473.59,942.977,362.394,1047.357,87,0,0
2025-08-26 09:15,1473.59,943.01,362.394,1047.357,134,0,0
2025-08-26 09:30,1473.59,943.053,362.394,1047.357,169,0,0
2025-08-26 09:45,1473.59,943.065,362.394,1047.357,50,0,0
2025-08-26 10:00,1473.59,943.094,362.394,1047.357,114,0,0
2025-08-26 10:15,1473.59,943.118,362.394,1047.357,99,0,0
2025-08-26 10:30,1473.59,943.138,362.394,1047.361,79,0,0
2025-08-26 10:45,1473.59,943.159,362.394,1047.367,85,0,0
2025-08-26 11:00,1473.59,943.212,362.394,1047.374,209,0,0
2025-08-26 11:15,1473.59,943.23,362.394,1047.43,72,0,0
2025-08-26 11:30,1473.59,943.271,362.394,1047.434,165,0,0
2025-08-26 11:45,1473.59,943.307,362.394,1047.488,145,0,0
2025-08-26 12:00,1473.59,943.309,362.394,1047.621,8,0,0
2025-08-26 12:15,1473.59,943.35,362.394,1047.738,162,0,0
2025-08-26 12:30,1473.59,943.351,362.394,1047.807,7,0,0
2025-08-26 12:45,1473.59,943.394,362.394,1047.853,170,0,0
2025-08-26 13:00,1473.59,943.414,362.394,1047.967,79,0,0
2025-08-26 13:15,1473.59,943.444,362.394,1048.154,121,0,0
2025-08-26 13:30,1473.59,943.448,362.394,1048.34,16,0,0
2025-08-26 13:45,1473.59,943.481,362.394,1048.426,130,0,0
2025-08-26 14:00,1473.59,943.529,362.394,1048.62,194,0,0
2025-08-26 14:15,1473.59,943.543,362.394,1048.889,55,0,0
2025-08-26 14:30,1473.59,943.561,362.394,1049.049,71,0,0
2025-08-26 14:45,1473.59,943.6,362.394,1049.18,156,0,0
2025-08-26 15:00,1473.59,943.639,362.394,1049.307,158,0,0
2025-08-26 15:15,1473.59,943.639,362.394,1049.449,0,0,0
2025-08-26 15:30,1473.59,943.71,362.394,1049.572,281,0,0
2025-08-26 15:45,1473.59,943.75,362.394,1049.572,162,0,0
2025-08-26 16:00,1473.59,943.794,362.394,1049.577,176,0,0
2025-08-26 16:15,1473.59,943.821,362.394,1049.577,109,0,0
2025-08-26 16:30,1473.59,943.821,362.394,1049.592,0,0,0
2025-08-26 16:45,1473.59,943.865,362.394,1049.592,174,0,0
2025-08-26 17:00,1473.59,943.884,362.394,1049.592,75,0,0
2025-08-26 17:15,1473.59,943.924,362.394,1049.592,164,0,0
2025-08-26 17:30,1473.59,943.95,362.394,1049.592,102,0,0
2025-08-26 17:45,1473.59,943.985,362.394,1049.592,139,0,0
2025-08-26 18:00,1473.59,943.999,362.394,1049.592,58,0,0
2025-08-26 18:15,1473.59,944.047,362.394,1049.592,189,0,0
2025-08-26 18:30,1473.59,944.053,362.394,1049.592,25,0,0
2025-08-26 18:45,1473.59,944.128,362.394,1049.592,300,0,0
2025-08-26 19:00,1473.59,944.203,362.394,1049.592,299,0,0
2025-08-26 19:15,1473.59,944.355,362.394,1049.592,611,0,0
2025-08-26 19:30,1473.59,944.501,362.394,1049.592,582,0,0
2025-08-26 19:45,1473.59,944.619,362.394,1049.592,473,0,0
2025-08-26 20:00,1473.59,944.762,362.394,1049.592,573,0,0
2025-08-26 20:15,1473.59,944.88,362.394,1049.592,472,0,0
2025-08-26 20:30,1473.59,944.969,362.394,1049.592,356,0,0
2025-08-26 20:45,1473.59,945.119,362.394,1049.592,600,0,0
2025-08-26 21:00,1473.732,945.119,362.394,1049.592,570,0,0
2025-08-26 21:15,1473.851,945.119,362.394,1049.592,477,0,0
2025-08-26 21:30,1473.947,945.119,362.394,1049.592,382,0,0
2025-08-26 21:45,1474.055,945.119,362.394,1049.592,433,0,0
2025-08-26 22:00,1474.139,945.119,362.394,1049.592,334,0,0
2025-08-26 22:15,1474.278,945.119,362.394,1049.592,556,0,0
2025-08-26 22:30,1474.366,945.119,362.394,1049.592,352,0,0
2025-08-26 22:45,1474.491,945.119,362.394,1049.592,503,0,0
2025-08-26 23:00,1474.595,945.119,362.394,1049.592,413,0,0
2025-08-26 23:15,1474.686,945.119,362.394,1049.592,366,0,0
2025-08-26 23:30,1474.811,945.119,362.394,1049.592,499,0,0
2025-08-26 23:45,1474.924,945.119,362.394,1049.592,453,0,0
2025-08-27 00:00,1475.061,945.119,362.394,1049.592,547,0,0
2025-08-27 00:15,1475.155,945.119,362.394,1049.592,379,0,0
2025-08-27 00:30,1475.26,945.119,362.394,1049.592,419,0,0
2025-08-27 00:45,1475.333,945.119,362.394,1049.592,289,0,0
2025-08-27 01:00,1475.409,945.119,362.394,1049.592,305,0,0
2025-08-27 01:15,1475.565,945.119,362.394,1049.592,624,0,0
2025-08-27 01:30,1475.727,945.119,362.394,1049.592,647,0,0
2025-08-27 01:45,1475.848,945.119,362.394,1049.592,487,0,0
2025-08-27 02:00,1475.952,945.119,362.394,1049.592,414,0,0
2025-08-27 02:15,1476.066,945.119,362.394,1049.592,456,0,0
2025-08-27 02:30,1476.203,945.119,362.394,1049.592,550,0,0
2025-08-27 02:45,1476.313,945.119,362.394,1049.592,439,0,0
2025-08-27 03:00,1476.438,945.119,362.394,1049.592,499,0,0
2025-08-27 03:15,1476.558,945.119,362.394,1049.592,479,0,0
2025-08-27 03:30,1476.666,945.119,362.394,1049.592,434,0,0
2025-08-27 03:45,1476.776,945.119,362.394,1049.592,438,0,0
2025-08-27 04:00,1476.902,945.119,362.394,1049.592,503,0,0
2025-08-27 04:15,1477.002,945.119,362.394,1049.592,402,0,0
2025-08-27 04:30,1477.131,945.119,362.394,1049.592,516,0,0
2025-08-27 04:45,1477.242,945.119,362.394,1049.592,442,0,0
2025-08-27 05:00,1477.364,945.119,362.394,1049.592,490,0,0
2025-08-27 05:15,1477.512,945.119,362.394,1049.592,591,0,0
2025-08-27 05:30,1477.629,945.119,362.394,1049.592,467,0,0
2025-08-27 05:45,1477.767,945.119,362.394,1049.592,554,0,0
2025-08-27 06:00,1477.851,945.119,362.394,1049.592,337,0,0
2025-08-27 06:15,1477.962,945.119,362.394,1049.592,442,0,0
2025-08-27 06:30,1478.082,945.119,362.394,1049.592,482,0,0
2025-08-27 06:45,1478.241,945.119,362.394,1049.592,634,0,0
2025-08-27 07:00,1478.241,945.119,362.394,1049.592,0,0,0
2025-08-27 07:15,1478.241,945.147,362.394,1049.592,112,0,0
2025-08-27 07:30,1478.241,945.207,362.394,1049.592,237,0,0
2025-08-27 07:45,1478.241,945.221,362.394,1049.592,57,0,0
2025-08-27 08:00,1478.241,945.247,362.394,1049.592,103,0,0
2025-08-27 08:15,1478.241,945.283,362.394,1049.592,147,0,0
2025-08-27 08:30,1478.241,945.317,362.394,1049.592,135,0,0
2025-08-27 08:45,1478.241,945.378,362.394,1049.592,245,0,0
2025-08-27 09:00,1478.241,945.417,362.394,1049.592,156,0,0
2025-08-27 09:15,1478.241,945.474,362.394,1049.592,226,0,0
2025-08-27 09:30,1478.241,945.497,362.394,1049.592,91,0,0
2025-08-27 09:45,1478.241,945.512,362.394,1049.592,61,0,0
2025-08-27 10:00,1478.241,945.537,362.394,1049.592,102,0,0
2025-08-27 10:15,1478.241,945.544,362.394,1049.596,27,0,0
2025-08-27 10:30,1478.241,945.584,362.394,1049.596,159,0,0
2025-08-27 10:45,1478.241,945.606,362.394,1049.606,89,0,0
2025-08-27 11:00,1478.241,945.623,362.394,1049.606,66,0,0
2025-08-27 11:15,1478.241,945.663,362.394,1049.693,160,0,0
2025-08-27 11:30,1478.241,945.67,362.394,1049.704,29,0,0
2025-08-27 11:45,1478.241,945.715,362.394,1049.752,182,0,0
2025-08-27 12:00,1478.241,945.736,362.394,1049.879,82,0,0
2025-08-27 12:15,1478.241,945.789,362.394,1050.043,213,0,0
2025-08-27 12:30,1478.241,945.811,362.394,1050.248,89,0,0
2025-08-27 12:45,1478.241,945.854,362.394,1050.385,171,0,0
2025-08-27 13:00,1478.241,945.887,362.394,1050.517,134,0,0
2025-08-27 13:15,1478.241,945.932,362.394,1050.641,180,0,0
2025-08-27 13:30,1478.241,945.964,362.394,1050.835,129,0,0
2025-08-27 13:45,1478.241,945.964,362.394,1050.973,0,0,0
2025-08-27 14:00,1478.241,946.014,362.394,1051.101,201,0,0
2025-08-27 14:15,1478.241,946.043,362.394,1051.151,113,0,0
2025-08-27 14:30,1478.241,946.088,362.394,1051.386,183,0,0
2025-08-27 14:45,1478.241,946.132,362.394,1051.429,175,0,0
2025-08-27 15:00,1478.241,946.147,362.394,1051.496,58,0,0
2025-08-27 15:15,1478.241,946.158,362.394,1051.645,47,0,0
2025-08-27 15:30,1478.241,946.202,362.394,1051.741,172,0,0
2025-08-27 15:45,1478.241,946.226,362.394,1051.797,96,0,0
2025-08-27 16:00,1478.241,946.274,362.394,1051.841,195,0,0
2025-08-27 16:15,1478.241,946.301,362.394,1051.841,106,0,0
2025-08-27 16:30,1478.241,946.351,362.394,1051.859,202,0,0
2025-08-27 16:45,1478.241,946.39,362.394,1051.859,154,0,0
2025-08-27 17:00,1478.241,946.425,362.394,1051.859,143,0,0
2025-08-27 17:15,1478.241,946.448,362.394,1051.859,90,0,0
2025-08-27 17:30,1478.241,946.483,362.394,1051.859,139,0,0
2025-08-27 17:45,1478.241,946.536,362.394,1051.859,215,0,0
2025-08-27 18:00,1478.241,946.565,362.394,1051.859,116,0,0
2025-08-27 18:15,1478.241,946.606,362.394,1051.859,162,0,0
2025-08-27 18:30,1478.241,946.637,362.394,1051.859,124,0,0
2025-08-27 18:45,1478.241,946.669,362.394,1051.859,130,0,0
2025-08-27 19:00,1478.241,946.734,362.394,1051.859,258,0,0
2025-08-27 19:15,1478.241,946.878,362.394,1051.859,576,0,0
2025-08-27 19:30,1478.241,946.999,362.394,1051.859,486,0,0
2025-08-27 19:45,1478.241,947.124,362.394,1051.859,497,0,0
2025-08-27 20:00,1478.241,947.23,362.394,1051.859,424,0,0
2025-08-27 20:15,1478.241,947.346,362.394,1051.859,466,0,0
2025-08-27 20:30,1478.241,947.472,362.394,1051.859,505,0,0
2025-08-27 20:45,1478.241,947.609,362.394,1051.859,548,0,0
2025-08-27 21:00,1478.376,947.609,362.394,1051.859,540,0,0
2025-08-27 21:15,1478.473,947.609,362.394,1051.859,391,0,0
2025-08-27 21:30,1478.613,947.609,362.394,1051.859,558,0,0
2025-08-27 21:45,1478.731,947.609,362.394,1051.859,473,0,0
2025-08-27 22:00,1478.832,947.609,362.394,1051.859,401,0,0
2025-08-27 22:15,1478.978,947.609,362.394,1051.859,587,0,0
2025-08-27 22:30,1479.128,947.609,362.394,1051.859,597,0,0
2025-08-27 22:45,1479.253,947.609,362.394,1051.859,501,0,0
2025-08-27 23:00,1479.387,947.609,362.394,1051.859,537,0,0
2025-08-27 23:15,1479.522,947.609,362.394,1051.859,541,0,0
2025-08-27 23:30,1479.67,947.609,362.394,1051.859,592,0,0
2025-08-27 23:45,1479.805,947.609,362.394,1051.859,538,0,0
2025-08-28 00:00,1479.898,947.609,362.394,1051.859,374,0,0
2025-08-28 00:15,1480.058,947.609,362.394,1051.859,641,0,0
2025-08-28 00:30,1480.2,947.609,362.394,1051.859,565,0,0
2025-08-28 00:45,1480.31,947.609,362.394,1051.859,439,0,0
2025-08-28 01:00,1480.409,947.609,362.394,1051.859,398,0,0
2025-08-28 01:15,1480.539,947.609,362.394,1051.859,520,0,0
2025-08-28 01:30,1480.653,947.609,362.394,1051.859,458,0,0
2025-08-28 01:45,1480.78,947.609,362.394,1051.859,506,0,0
2025-08-28 02:00,1480.915,947.609,362.394,1051.859,539,0,0
2025-08-28 02:15,1481.024,947.609,362.394,1051.859,435,0,0
2025-08-28 02:30,1481.121,947.609,362.394,1051.859,391,0,0
2025-08-28 02:45,1481.249,947.609,362.394,1051.859,511,0,0
2025-08-28 03:00,1481.358,947.609,362.394,1051.859,437,0,0
2025-08-28 03:15,1481.481,947.609,362.394,1051.859,492,0,0
2025-08-28 03:30,1481.574,947.609,362.394,1051.859,373,0,0
2025-08-28 03:45,1481.689,947.609,362.394,1051.859,460,0,0
2025-08-28 04:00,1481.824,947.609,362.394,1051.859,537,0,0
2025-08-28 04:15,1481.956,947.609,362.394,1051.859,528,0,0
2025-08-28 04:30,1482.06,947.609,362.394,1051.859,417,0,0
2025-08-28 04:45,1482.157,947.609,362.394,1051.859,387,0,0
2025-08-28 05:00,1482.277,947.609,362.394,1051.859,481,0,0
2025-08-28 05:15,1482.408,947.609,362.394,1051.859,525,0,0
2025-08-28 05:30,1482.536,947.609,362.394,1051.859,512,0,0
2025-08-28 05:45,1482.646,947.609,362.394,1051.859,439,0,0
2025-08-28 06:00,1482.772,947.609,362.394,1051.859,504,0,0
2025-08-28 06:15,1482.922,947.609,362.394,1051.859,600,0,0
2025-08-28 06:30,1483.046,947.609,362.394,1051.859,496,0,0
2025-08-28 06:45,1483.133,947.609,362.394,1051.859,349,0,0
2025-08-28 07:00,1483.133,947.643,362.394,1051.859,136,0,0
2025-08-28 07:15,1483.133,947.714,362.394,1051.859,284,0,0
2025-08-28 07:30,1483.133,947.719,362.394,1051.859,17,0,0
2025-08-28 07:45,1483.133,947.749,362.394,1051.859,122,0,0
2025-08-28 08:00,1483.133,947.775,362.394,1051.859,102,0,0
2025-08-28 08:15,1483.133,947.807,362.394,1051.859,128,0,0
2025-08-28 08:30,1483.133,947.84,362.394,1051.859,136,0,0
2025-08-28 08:45,1483.133,947.893,362.394,1051.859,211,0,0
2025-08-28 09:00,1483.133,947.925,362.394,1051.859,127,0,0
2025-08-28 09:15,1483.133,947.981,362.394,1051.859,222,0,0
2025-08-28 09:30,1483.133,948.008,362.394,1051.859,111,0,0
2025-08-28 09:45,1483.133,948.031,362.394,1051.859,92,0,0
2025-08-28 10:00,1483.133,948.048,362.394,1051.859,66,0,0
2025-08-28 10:15,1483.133,948.048,362.394,1051.859,0,0,0
2025-08-28 10:30,1483.133,948.083,362.394,1051.859,142,0,0
2025-08-28 10:45,1483.133,948.154,362.394,1051.859,284,0,0
2025-08-28 11:00,1483.133,948.194,362.394,1051.859,157,0,0
2025-08-28 11:15,1483.133,948.237,362.394,1051.934,175,0,0
2025-08-28 11:30,1483.133,948.259,362.394,1052.028,87,0,0
2025-08-28 11:45,1483.133,948.284,362.394,1052.069,100,0,0
2025-08-28 12:00,1483.133,948.334,362.394,1052.182,199,0,0
2025-08-28 12:15,1483.133,948.404,362.394,1052.357,281,0,0
2025-08-28 12:30,1483.133,948.464,362.394,1052.592,239,0,0
2025-08-28 12:45,1483.133,948.51,362.394,1052.678,184,0,0
2025-08-28 13:00,1483.133,948.541,362.394,1052.8,123,0,0
2025-08-28 13:15,1483.133,948.575,362.394,1052.938,137,0,0
2025-08-28 13:30,1483.133,948.59,362.394,1053.146,60,0,0
2025-08-28 13:45,1483.133,948.591,362.394,1053.233,4,0,0
2025-08-28 14:00,1483.133,948.598,362.394,1053.329,30,0,0
2025-08-28 14:15,1483.133,948.629,362.394,1053.549,124,0,0
2025-08-28 14:30,1483.133,948.653,362.394,1053.7,97,0,0
2025-08-28 14:45,1483.133,948.654,362.394,1053.762,2,0,0
2025-08-28 15:00,1483.133,948.683,362.394,1053.849,117,0,0
2025-08-28 15:15,1483.133,948.707,362.394,1053.882,95,0,0
2025-08-28 15:30,1483.133,948.713,362.394,1053.932,26,0,0
2025-08-28 15:45,1483.133,948.736,362.394,1053.969,90,0,0
2025-08-28 16:00,1483.133,948.76,362.394,1053.969,94,0,0
2025-08-28 16:15,1483.133,948.777,362.394,1053.969,71,0,0
2025-08-28 16:30,1483.133,948.826,362.394,1053.991,194,0,0
2025-08-28 16:45,1483.133,948.826,362.394,1053.996,0,0,0
2025-08-28 17:00,1483.133,948.826,362.394,1053.996,0,0,0
2025-08-28 17:15,1483.133,948.856,362.394,1053.996,120,0,0
2025-08-28 17:30,1483.133,948.888,362.394,1053.996,128,0,0
2025-08-28 17:45,1483.133,948.926,362.394,1053.996,152,0,0
2025-08-28 18:00,1483.133,948.945,362.394,1053.996,77,0,0
2025-08-28 18:15,1483.133,948.957,362.394,1053.996,47,0,0
2025-08-28 18:30,1483.133,948.987,362.394,1053.996,119,0,0
2025-08-28 18:45,1483.133,949.008,362.394,1053.996,85,0,0
2025-08-28 19:00,1483.133,949.069,362.394,1053.996,244,0,0
2025-08-28 19:15,1483.133,949.182,362.394,1053.996,454,0,0
2025-08-28 19:30,1483.133,949.301,362.394,1053.996,476,0,0
2025-08-28 19:45,1483.133,949.471,362.394,1053.996,678,0,0
2025-08-28 20:00,1483.133,949.587,362.394,1053.996,464,0,0
2025-08-28 20:15,1483.133,949.718,362.394,1053.996,524,0,0
2025-08-28 20:30,1483.133,949.851,362.394,1053.996,532,0,0
2025-08-28 20:45,1483.133,949.986,362.394,1053.996,539,0,0
2025-08-28 21:00,1483.259,949.986,362.394,1053.996,503,0,0
2025-08-28 21:15,1483.383,949.986,362.394,1053.996,496,0,0
2025-08-28 21:30,1483.505,949.986,362.394,1053.996,488,0,0
2025-08-28 21:45,1483.614,949.986,362.394,1053.996,434,0,0
2025-08-28 22:00,1483.74,949.986,362.394,1053.996,506,0,0
2025-08-28 22:15,1483.901,949.986,362.394,1053.996,642,0,0
2025-08-28 22:30,1484.045,949.986,362.394,1053.996,577,0,0
2025-08-28 22:45,1484.171,949.986,362.394,1053.996,504,0,0
2025-08-28 23:00,1484.308,949.986,362.394,1053.996,548,0,0
2025-08-28 23:15,1484.411,949.986,362.394,1053.996,410,0,0
2025-08-28 23:30,1484.526,949.986,362.394,1053.996,459,0,0
2025-08-28 23:45,1484.665,949.986,362.394,1053.996,556,0,0
2025-08-29 00:00,1484.814,949.986,362.394,1053.996,599,0,0
2025-08-29 00:15,1484.919,949.986,362.394,1053.996,418,0,0
2025-08-29 00:30,1485.029,949.986,362.394,1053.996,441,0,0
2025-08-29 00:45,1485.193,949.986,362.394,1053.996,655,0,0
2025-08-29 01:00,1485.315,949.986,362.394,1053.996,488,0,0
2025-08-29 01:15,1485.471,949.986,362.394,1053.996,626,0,0
2025-08-29 01:30,1485.595,949.986,362.394,1053.996,497,0,0
2025-08-29 01:45,1485.72,949.986,362.394,1053.996,500,0,0
2025-08-29 02:00,1485.834,949.986,362.394,1053.996,456,0,0
2025-08-29 02:15,1485.973,949.986,362.394,1053.996,555,0,0
2025-08-29 02:30,1486.12,949.986,362.394,1053.996,589,0,0
2025-08-29 02:45,1486.219,949.986,362.394,1053.996,397,0,0
2025-08-29 03:00,1486.332,949.986,362.394,1053.996,452,0,0
2025-08-29 03:15,1486.471,949.986,362.394,1053.996,553,0,0
2025-08-29 03:30,1486.588,949.986,362.394,1053.996,470,0,0
2025-08-29 03:45,1486.698,949.986,362.394,1053.996,441,0,0
2025-08-29 04:00,1486.838,949.986,362.394,1053.996,561,0,0
2025-08-29 04:15,1486.98,949.986,362.394,1053.996,568,0,0
2025-08-29 04:30,1487.091,949.986,362.394,1053.996,444,0,0
2025-08-29 04:45,1487.216,949.986,362.394,1053.996,497,0,0
2025-08-29 05:00,1487.312,949.986,362.394,1053.996,383,0,0
2025-08-29 05:15,1487.414,949.986,362.394,1053.996,408,0,0
2025-08-29 05:30,1487.536,949.986,362.394,1053.996,490,0,0
2025-08-29 05:45,1487.657,949.986,362.394,1053.996,483,0,0
2025-08-29 06:00,1487.757,949.986,362.394,1053.996,403,0,0
2025-08-29 06:15,1487.863,949.986,362.394,1053.996,423,0,0
2025-08-29 06:30,1487.962,949.986,362.394,1053.996,395,0,0
2025-08-29 06:45,1488.091,949.986,362.394,1053.996,516,0,0
2025-08-29 07:00,1488.091,949.986,362.394,1053.996,0,0,0
2025-08-29 07:15,1488.091,949.995,362.394,1053.996,39,0,0
2025-08-29 07:30,1488.091,949.995,362.394,1053.996,0,0,0
2025-08-29 07:45,1488.091,950.034,362.394,1053.996,154,0,0
2025-08-29 08:00,1488.091,950.034,362.394,1053.996,0,0,0
2025-08-29 08:15,1488.091,950.064,362.394,1053.996,123,0,0
2025-08-29 08:30,1488.091,950.127,362.394,1053.996,251,0,0
2025-08-29 08:45,1488.091,950.191,362.394,1053.996,254,0,0
2025-08-29 09:00,1488.091,950.191,362.394,1053.996,0,0,0
2025-08-29 09:15,1488.091,950.227,362.394,1053.996,144,0,0
2025-08-29 09:30,1488.091,950.237,362.394,1053.996,41,0,0
2025-08-29 09:45,1488.091,950.243,362.394,1053.996,25,0,0
2025-08-29 10:00,1488.091,950.271,362.394,1053.996,111,0,0
2025-08-29 10:15,1488.091,950.325,362.394,1054.002,218,0,0
2025-08-29 10:30,1488.091,950.367,362.394,1054.027,168,0,0
2025-08-29 10:45,1488.091,950.383,362.394,1054.062,63,0,0
2025-08-29 11:00,1488.091,950.427,362.394,1054.097,176,0,0
2025-08-29 11:15,1488.091,950.427,362.394,1054.18,0,0,0
2025-08-29 11:30,1488.091,950.442,362.394,1054.206,60,0,0
2025-08-29 11:45,1488.091,950.455,362.394,1054.351,54,0,0
2025-08-29 12:00,1488.091,950.487,362.394,1054.542,126,0,0
2025-08-29 12:15,1488.091,950.513,362.394,1054.698,104,0,0
2025-08-29 12:30,1488.091,950.54,362.394,1054.778,109,0,0
2025-08-29 12:45,1488.091,950.567,362.394,1054.856,106,0,0
2025-08-29 13:00,1488.091,950.597,362.394,1055.132,122,0,0
2025-08-29 13:15,1488.091,950.638,362.394,1055.397,163,0,0
2025-08-29 13:30,1488.091,950.671,362.394,1055.636,132,0,0
2025-08-29 13:45,1488.091,950.695,362.394,1055.92,97,0,0
2025-08-29 14:00,1488.091,950.733,362.394,1056.089,152,0,0
2025-08-29 14:15,1488.091,950.78,362.394,1056.332,186,0,0
2025-08-29 14:30,1488.091,950.799,362.394,1056.405,76,0,0
2025-08-29 14:45,1488.091,950.827,362.394,1056.47,115,0,0
2025-08-29 15:00,1488.091,950.881,362.394,1056.579,213,0,0
2025-08-29 15:15,1488.091,950.889,362.394,1056.641,32,0,0
2025-08-29 15:30,1488.091,950.955,362.394,1056.699,264,0,0
2025-08-29 15:45,1488.091,950.958,362.394,1056.778,13,0,0
2025-08-29 16:00,1488.091,950.981,362.394,1056.778,92,0,0
2025-08-29 16:15,1488.091,950.992,362.394,1056.808,44,0,0
2025-08-29 16:30,1488.091,951.066,362.394,1056.808,295,0,0
2025-08-29 16:45,1488.091,951.086,362.394,1056.812,80,0,0
2025-08-29 17:00,1488.091,951.106,362.394,1056.812,80,0,0
2025-08-29 17:15,1488.091,951.128,362.394,1056.812,90,0,0
2025-08-29 17:30,1488.091,951.16,362.394,1056.812,128,0,0
2025-08-29 17:45,1488.091,951.184,362.394,1056.812,94,0,0
2025-08-29 18:00,1488.091,951.211,362.394,1056.812,109,0,0
2025-08-29 18:15,1488.091,951.211,362.394,1056.812,0,0,0
2025-08-29 18:30,1488.091,951.242,362.394,1056.812,125,0,0
2025-08-29 18:45,1488.091,951.272,362.394,1056.812,121,0,0
2025-08-29 19:00,1488.091,951.323,362.394,1056.812,203,0,0
2025-08-29 19:15,1488.091,951.469,362.394,1056.812,585,0,0
2025-08-29 19:30,1488.091,951.586,362.394,1056.812,465,0,0
2025-08-29 19:45,1488.091,951.722,362.394,1056.812,545,0,0
2025-08-29 20:00,1488.091,951.82,362.394,1056.812,392,0,0
2025-08-29 20:15,1488.091,951.955,362.394,1056.812,541,0,0
2025-08-29 20:30,1488.091,952.064,362.394,1056.812,434,0,0
2025-08-29 20:45,1488.091,952.16,362.394,1056.812,385,0,0
2025-08-29 21:00,1488.207,952.16,362.394,1056.812,465,0,0
2025-08-29 21:15,1488.355,952.16,362.394,1056.812,592,0,0
2025-08-29 21:30,1488.479,952.16,362.394,1056.812,494,0,0
2025-08-29 21:45,1488.629,952.16,362.394,1056.812,600,0,0
2025-08-29 22:00,1488.734,952.16,362.394,1056.812,420,0,0
2025-08-29 22:15,1488.875,952.16,362.394,1056.812,564,0,0
2025-08-29 22:30,1488.982,952.16,362.394,1056.812,428,0,0
2025-08-29 22:45,1489.106,952.16,362.394,1056.812,498,0,0
2025-08-29 23:00,1489.231,952.16,362.394,1056.812,497,0,0
2025-08-29 23:15,1489.364,952.16,362.394,1056.812,533,0,0
2025-08-29 23:30,1489.489,952.16,362.394,1056.812,500,0,0
2025-08-29 23:45,1489.594,952.16,362.394,1056.812,421,0,0
2025-08-30 00:00,1489.732,952.16,362.394,1056.812,550,0,0
2025-08-30 00:15,1489.886,952.16,362.394,1056.812,619,0,0
2025-08-30 00:30,1489.995,952.16,362.394,1056.812,433,0,0
2025-08-30 00:45,1490.078,952.16,362.394,1056.812,333,0,0
2025-08-30 01:00,1490.208,952.16,362.394,1056.812,520,0,0
2025-08-30 01:15,1490.321,952.16,362.394,1056.812,454,0,0
2025-08-30 01:30,1490.439,952.16,362.394,1056.812,470,0,0
2025-08-30 01:45,1490.57,952.16,362.394,1056.812,524,0,0
2025-08-30 02:00,1490.681,952.16,362.394,1056.812,443,0,0
2025-08-30 02:15,1490.795,952.16,362.394,1056.812,458,0,0
2025-08-30 02:30,1490.913,952.16,362.394,1056.812,472,0,0
2025-08-30 02:45,1491.063,952.16,362.394,1056.812,598,0,0
2025-08-30 03:00,1491.183,952.16,362.394,1056.812,482,0,0
2025-08-30 03:15,1491.279,952.16,362.394,1056.812,381,0,0
2025-08-30 03:30,1491.375,952.16,362.394,1056.812,384,0,0
2025-08-30 03:45,1491.497,952.16,362.394,1056.812,491,0,0
2025-08-30 04:00,1491.595,952.16,362.394,1056.812,390,0,0
2025-08-30 04:15,1491.684,952.16,362.394,1056.812,355,0,0
2025-08-30 04:30,1491.816,952.16,362.394,1056.812,531,0,0
2025-08-30 04:45,1491.95,952.16,362.394,1056.812,535,0,0
2025-08-30 05:00,1492.063,952.16,362.394,1056.812,451,0,0
2025-08-30 05:15,1492.188,952.16,362.394,1056.812,503,0,0
2025-08-30 05:30,1492.312,952.16,362.394,1056.812,495,0,0
2025-08-30 05:45,1492.444,952.16,362.394,1056.812,528,0,0
2025-08-30 06:00,1492.576,952.16,362.394,1056.812,528,0,0
2025-08-30 06:15,1492.644,952.16,362.394,1056.812,272,0,0
2025-08-30 06:30,1492.759,952.16,362.394,1056.812,461,0,0
2025-08-30 06:45,1492.89,952.16,362.394,1056.812,521,0,0
2025-08-30 07:00,1492.912,952.16,362.394,1056.812,87,0,0
2025-08-30 07:15,1492.942,952.16,362.394,1056.812,123,0,0
2025-08-30 07:30,1492.987,952.16,362.394,1056.812,180,0,0
2025-08-30 07:45,1493.019,952.16,362.394,1056.812,126,0,0
2025-08-30 08:00,1493.079,952.16,362.394,1056.812,241,0,0
2025-08-30 08:15,1493.132,952.16,362.394,1056.812,210,0,0
2025-08-30 08:30,1493.159,952.16,362.394,1056.812,111,0,0
2025-08-30 08:45,1493.185,952.16,362.394,1056.812,104,0,0
2025-08-30 09:00,1493.185,952.16,362.394,1056.812,0,0,0
2025-08-30 09:15,1493.209,952.16,362.394,1056.812,94,0,0
2025-08-30 09:30,1493.212,952.16,362.394,1056.812,12,0,0
2025-08-30 09:45,1493.246,952.16,362.394,1056.812,138,0,0
2025-08-30 10:00,1493.279,952.16,362.394,1056.812,132,0,0
2025-08-30 10:15,1493.323,952.16,362.394,1056.812,176,0,0
2025-08-30 10:30,1493.381,952.16,362.394,1056.812,232,0,0
2025-08-30 10:45,1493.411,952.16,362.422,1056.812,118,0,0
2025-08-30 11:00,1493.486,952.16,362.427,1056.812,302,0,0
2025-08-30 11:15,1493.521,952.16,362.524,1056.812,139,0,0
2025-08-30 11:30,1493.525,952.16,362.652,1056.812,15,0,0
2025-08-30 11:45,1493.543,952.16,362.733,1056.812,75,0,0
2025-08-30 12:00,1493.566,952.16,362.823,1056.812,90,0,0
2025-08-30 12:15,1493.608,952.16,362.868,1056.812,167,0,0
2025-08-30 12:30,1493.619,952.16,363.069,1056.812,44,0,0
2025-08-30 12:45,1493.643,952.16,363.151,1056.812,96,0,0
2025-08-30 13:00,1493.67,952.16,363.421,1056.812,107,0,0
2025-08-30 13:15,1493.691,952.16,363.715,1056.812,84,0,0
2025-08-30 13:30,1493.737,952.16,363.8,1056.812,185,0,0
2025-08-30 13:45,1493.78,952.16,364.019,1056.812,171,0,0
2025-08-30 14:00,1493.833,952.16,364.179,1056.812,213,0,0
2025-08-30 14:15,1493.856,952.16,364.346,1056.812,94,0,0
2025-08-30 14:30,1493.91,952.16,364.422,1056.812,216,0,0
2025-08-30 14:45,1493.913,952.16,364.589,1056.812,11,0,0
2025-08-30 15:00,1493.915,952.16,364.64,1056.812,9,0,0
2025-08-30 15:15,1493.921,952.16,364.783,1056.812,23,0,0
2025-08-30 15:30,1493.951,952.16,364.844,1056.812,121,0,0
2025-08-30 15:45,1494.005,952.16,364.906,1056.812,216,0,0
2025-08-30 16:00,1494.023,952.16,364.973,1056.812,72,0,0
2025-08-30 16:15,1494.044,952.16,365.004,1056.812,82,0,0
2025-08-30 16:30,1494.069,952.16,365.007,1056.812,103,0,0
2025-08-30 16:45,1494.111,952.16,365.007,1056.812,166,0,0
2025-08-30 17:00,1494.131,952.16,365.007,1056.812,82,0,0
2025-08-30 17:15,1494.151,952.16,365.007,1056.812,77,0,0
2025-08-30 17:30,1494.154,952.16,365.007,1056.812,12,0,0
2025-08-30 17:45,1494.172,952.16,365.007,1056.812,74,0,0
2025-08-30 18:00,1494.226,952.16,365.007,1056.812,214,0,0
2025-08-30 18:15,1494.258,952.16,365.007,1056.812,127,0,0
2025-08-30 18:30,1494.273,952.16,365.007,1056.812,61,0,0
2025-08-30 18:45,1494.328,952.16,365.007,1056.812,219,0,0
2025-08-30 19:00,1494.346,952.16,365.007,1056.812,73,0,0
2025-08-30 19:15,1494.494,952.16,365.007,1056.812,594,0,0
2025-08-30 19:30,1494.642,952.16,365.007,1056.812,592,0,0
2025-08-30 19:45,1494.764,952.16,365.007,1056.812,484,0,0
2025-08-30 20:00,1494.854,952.16,365.007,1056.812,360,0,0
2025-08-30 20:15,1495.019,952.16,365.007,1056.812,663,0,0
2025-08-30 20:30,1495.147,952.16,365.007,1056.812,511,0,0
2025-08-30 20:45,1495.261,952.16,365.007,1056.812,454,0,0
2025-08-30 21:00,1495.4,952.16,365.007,1056.812,556,0,0
2025-08-30 21:15,1495.534,952.16,365.007,1056.812,536,0,0
2025-08-30 21:30,1495.68,952.16,365.007,1056.812,585,0,0
2025-08-30 21:45,1495.787,952.16,365.007,1056.812,427,0,0
2025-08-30 22:00,1495.913,952.16,365.007,1056.812,505,0,0
2025-08-30 22:15,1496.009,952.16,365.007,1056.812,385,0,0
2025-08-30 22:30,1496.143,952.16,365.007,1056.812,533,0,0
2025-08-30 22:45,1496.262,952.16,365.007,1056.812,478,0,0
2025-08-30 23:00,1496.388,952.16,365.007,1056.812,502,0,0
2025-08-30 23:15,1496.505,952.16,365.007,1056.812,468,0,0
2025-08-30 23:30,1496.62,952.16,365.007,1056.812,460,0,0
2025-08-30 23:45,1496.723,952.16,365.007,1056.812,411,0,0
2025-08-31 00:00,1496.858,952.16,365.007,1056.812,543,0,0
2025-08-31 00:15,1497.008,952.16,365.007,1056.812,599,0,0
2025-08-31 00:30,1497.117,952.16,365.007,1056.812,435,0,0
2025-08-31 00:45,1497.248,952.16,365.007,1056.812,524,0,0
2025-08-31 01:00,1497.377,952.16,365.007,1056.812,515,0,0
2025-08-31 01:15,1497.497,952.16,365.007,1056.812,481,0,0
2025-08-31 01:30,1497.586,952.16,365.007,1056.812,358,0,0
2025-08-31 01:45,1497.68,952.16,365.007,1056.812,376,0,0
2025-08-31 02:00,1497.785,952.16,365.007,1056.812,418,0,0
2025-08-31 02:15,1497.862,952.16,365.007,1056.812,309,0,0
2025-08-31 02:30,1498.01,952.16,365.007,1056.812,593,0,0
2025-08-31 02:45,1498.137,952.16,365.007,1056.812,509,0,0
2025-08-31 03:00,1498.257,952.16,365.007,1056.812,478,0,0
2025-08-31 03:15,1498.333,952.16,365.007,1056.812,305,0,0
2025-08-31 03:30,1498.417,952.16,365.007,1056.812,334,0,0
2025-08-31 03:45,1498.537,952.16,365.007,1056.812,480,0,0
2025-08-31 04:00,1498.696,952.16,365.007,1056.812,638,0,0
2025-08-31 04:15,1498.802,952.16,365.007,1056.812,424,0,0
2025-08-31 04:30,1498.939,952.16,365.007,1056.812,549,0,0
2025-08-31 04:45,1499.05,952.16,365.007,1056.812,442,0,0
2025-08-31 05:00,1499.171,952.16,365.007,1056.812,484,0,0
2025-08-31 05:15,1499.315,952.16,365.007,1056.812,577,0,0
2025-08-31 05:30,1499.428,952.16,365.007,1056.812,452,0,0
2025-08-31 05:45,1499.534,952.16,365.007,1056.812,425,0,0
2025-08-31 06:00,1499.683,952.16,365.007,1056.812,593,0,0
2025-08-31 06:15,1499.804,952.16,365.007,1056.812,484,0,0
2025-08-31 06:30,1499.945,952.16,365.007,1056.812,567,0,0
2025-08-31 06:45,1500.052,952.16,365.007,1056.812,425,0,0
2025-08-31 07:00,1500.11,952.16,365.007,1056.812,233,0,0
2025-08-31 07:15,1500.145,952.16,365.007,1056.812,142,0,0
2025-08-31 07:30,1500.184,952.16,365.007,1056.812,155,0,0
2025-08-31 07:45,1500.217,952.16,365.007,1056.812,131,0,0
2025-08-31 08:00,1500.237,952.16,365.007,1056.812,80,0,0
2025-08-31 08:15,1500.267,952.16,365.007,1056.812,120,0,0
2025-08-31 08:30,1500.288,952.16,365.007,1056.812,85,0,0
2025-08-31 08:45,1500.337,952.16,365.007,1056.812,197,0,0
2025-08-31 09:00,1500.363,952.16,365.007,1056.812,104,0,0
2025-08-31 09:15,1500.363,952.16,365.007,1056.812,0,0,0
2025-08-31 09:30,1500.363,952.16,365.007,1056.812,0,0,0
2025-08-31 09:45,1500.363,952.16,365.007,1056.812,0,0,0
2025-08-31 10:00,1500.405,952.16,365.007,1056.812,169,0,0
2025-08-31 10:15,1500.412,952.16,365.007,1056.812,28,0,0
2025-08-31 10:30,1500.448,952.16,365.016,1056.812,144,0,0
2025-08-31 10:45,1500.481,952.16,365.016,1056.812,131,0,0
2025-08-31 11:00,1500.51,952.16,365.039,1056.812,115,0,0
2025-08-31 11:15,1500.548,952.16,365.123,1056.812,155,0,0
2025-08-31 11:30,1500.582,952.16,365.196,1056.812,133,0,0
2025-08-31 11:45,1500.582,952.16,365.341,1056.812,0,0,0
2025-08-31 12:00,1500.605,952.16,365.402,1056.812,94,0,0
2025-08-31 12:15,1500.644,952.16,365.516,1056.812,154,0,0
2025-08-31 12:30,1500.706,952.16,365.659,1056.812,251,0,0
2025-08-31 12:45,1500.77,952.16,365.794,1056.812,255,0,0
2025-08-31 13:00,1500.773,952.16,366.005,1056.812,11,0,0
2025-08-31 13:15,1500.796,952.16,366.095,1056.812,92,0,0
2025-08-31 13:30,1500.796,952.16,366.277,1056.812,0,0,0
2025-08-31 13:45,1500.856,952.16,366.365,1056.812,242,0,0
2025-08-31 14:00,1500.907,952.16,366.563,1056.812,201,0,0
2025-08-31 14:15,1500.944,952.16,366.794,1056.812,148,0,0
2025-08-31 14:30,1500.977,952.16,366.837,1056.812,133,0,0
2025-08-31 14:45,1501.034,952.16,366.955,1056.812,230,0,0
2025-08-31 15:00,1501.089,952.16,367.06,1056.812,217,0,0
2025-08-31 15:15,1501.142,952.16,367.179,1056.812,213,0,0
2025-08-31 15:30,1501.181,952.16,367.192,1056.812,157,0,0
2025-08-31 15:45,1501.204,952.16,367.23,1056.812,92,0,0
2025-08-31 16:00,1501.249,952.16,367.285,1056.812,181,0,0
2025-08-31 16:15,1501.296,952.16,367.302,1056.812,185,0,0
2025-08-31 16:30,1501.322,952.16,367.316,1056.812,105,0,0
2025-08-31 16:45,1501.345,952.16,367.316,1056.812,92,0,0
2025-08-31 17:00,1501.398,952.16,367.316,1056.812,211,0,0
2025-08-31 17:15,1501.461,952.16,367.316,1056.812,253,0,0
2025-08-31 17:30,1501.476,952.16,367.316,1056.812,60,0,0
2025-08-31 17:45,1501.501,952.16,367.316,1056.812,99,0,0
2025-08-31 18:00,1501.538,952.16,367.316,1056.812,148,0,0
2025-08-31 18:15,1501.577,952.16,367.316,1056.812,159,0,0
2025-08-31 18:30,1501.597,952.16,367.316,1056.812,78,0,0
2025-08-31 18:45,1501.665,952.16,367.316,1056.812,271,0,0
2025-08-31 19:00,1501.703,952.16,367.316,1056.812,154,0,0
2025-08-31 19:15,1501.834,952.16,367.316,1056.812,523,0,0
2025-08-31 19:30,1501.989,952.16,367.316,1056.812,621,0,0
2025-08-31 19:45,1502.1,952.16,367.316,1056.812,444,0,0
2025-08-31 20:00,1502.218,952.16,367.316,1056.812,473,0,0
2025-08-31 20:15,1502.313,952.16,367.316,1056.812,380,0,0
2025-08-31 20:30,1502.429,952.16,367.316,1056.812,466,0,0
2025-08-31 20:45,1502.52,952.16,367.316,1056.812,361,0,0
2025-08-31 21:00,1502.655,952.16,367.316,1056.812,540,0,0
2025-08-31 21:15,1502.783,952.16,367.316,1056.812,514,0,0
2025-08-31 21:30,1502.898,952.16,367.316,1056.812,458,0,0
2025-08-31 21:45,1503.016,952.16,367.316,1056.812,472,0,0
2025-08-31 22:00,1503.151,952.16,367.316,1056.812,541,0,0
2025-08-31 22:15,1503.248,952.16,367.316,1056.812,389,0,0
2025-08-31 22:30,1503.372,952.16,367.316,1056.812,496,0,0
2025-08-31 22:45,1503.506,952.16,367.316,1056.812,536,0,0
2025-08-31 23:00,1503.59,952.16,367.316,1056.812,337,0,0
2025-08-31 23:15,1503.724,952.16,367.316,1056.812,535,0,0
2025-08-31 23:30,1503.811,952.16,367.316,1056.812,346,0,0
2025-08-31 23:45,1503.928,952.16,367.316,1056.812,471,0,0
